2025-09-04T18:03:23.092-05:00  INFO 5672 --- [ReactiveProject] [restartedMain] co.com.pragma.MainApplication            : Starting MainApplication using Java 24.0.2 with PID 5672 (C:\workspace\pragma\Feature_H2_Solicitud\applications\app-service\build\classes\java\main started by r578 in C:\workspace\pragma\Feature_H2_Solicitud)
2025-09-04T18:03:23.108-05:00 DEBUG 5672 --- [ReactiveProject] [restartedMain] co.com.pragma.MainApplication            : Running with Spring Boot v3.5.4, Spring v6.2.9
2025-09-04T18:03:23.110-05:00  INFO 5672 --- [ReactiveProject] [restartedMain] co.com.pragma.MainApplication            : No active profile set, falling back to 1 default profile: "default"
2025-09-04T18:03:23.316-05:00  INFO 5672 --- [ReactiveProject] [restartedMain] .e.DevToolsPropertyDefaultsPostProcessor : For additional web related logging consider setting the 'logging.level.web' property to 'DEBUG'
2025-09-04T18:03:27.503-05:00  INFO 5672 --- [ReactiveProject] [restartedMain] .s.d.r.c.RepositoryConfigurationDelegate : Bootstrapping Spring Data R2DBC repositories in DEFAULT mode.
2025-09-04T18:03:27.818-05:00  INFO 5672 --- [ReactiveProject] [restartedMain] .s.d.r.c.RepositoryConfigurationDelegate : Finished Spring Data repository scanning in 298 ms. Found 2 R2DBC repository interfaces.
2025-09-04T18:03:31.711-05:00  INFO 5672 --- [ReactiveProject] [restartedMain] o.s.b.d.a.OptionalLiveReloadServer       : LiveReload server is running on port 35729
2025-09-04T18:03:34.435-05:00  INFO 5672 --- [ReactiveProject] [restartedMain] o.s.b.a.e.web.EndpointLinksResolver      : Exposing 2 endpoints beneath base path '/actuator'
2025-09-04T18:03:36.330-05:00  INFO 5672 --- [ReactiveProject] [restartedMain] o.s.b.web.embedded.netty.NettyWebServer  : Netty started on port 8081 (http)
2025-09-04T18:03:36.350-05:00  INFO 5672 --- [ReactiveProject] [restartedMain] co.com.pragma.MainApplication            : Started MainApplication in 15.33 seconds (process running for 20.296)
2025-09-04T18:03:43.609-05:00  INFO 5672 --- [ReactiveProject] [SpringApplicationShutdownHook] o.s.b.w.embedded.netty.GracefulShutdown  : Commencing graceful shutdown. Waiting for active requests to complete
2025-09-04T18:03:43.612-05:00  INFO 5672 --- [ReactiveProject] [netty-shutdown] o.s.b.w.embedded.netty.GracefulShutdown  : Graceful shutdown complete
2025-09-04T18:47:27.612-05:00  INFO 15784 --- [ReactiveProject] [restartedMain] co.com.pragma.MainApplication            : Starting MainApplication using Java 24.0.2 with PID 15784 (C:\workspace\pragma\Feature_H2_Solicitud\applications\app-service\build\classes\java\main started by r578 in C:\workspace\pragma\Feature_H2_Solicitud)
2025-09-04T18:47:27.622-05:00 DEBUG 15784 --- [ReactiveProject] [restartedMain] co.com.pragma.MainApplication            : Running with Spring Boot v3.5.4, Spring v6.2.9
2025-09-04T18:47:27.626-05:00  INFO 15784 --- [ReactiveProject] [restartedMain] co.com.pragma.MainApplication            : No active profile set, falling back to 1 default profile: "default"
2025-09-04T18:47:28.015-05:00  INFO 15784 --- [ReactiveProject] [restartedMain] .e.DevToolsPropertyDefaultsPostProcessor : For additional web related logging consider setting the 'logging.level.web' property to 'DEBUG'
2025-09-04T18:47:33.586-05:00  INFO 15784 --- [ReactiveProject] [restartedMain] .s.d.r.c.RepositoryConfigurationDelegate : Bootstrapping Spring Data R2DBC repositories in DEFAULT mode.
2025-09-04T18:47:34.059-05:00  INFO 15784 --- [ReactiveProject] [restartedMain] .s.d.r.c.RepositoryConfigurationDelegate : Finished Spring Data repository scanning in 453 ms. Found 2 R2DBC repository interfaces.
2025-09-04T18:47:40.657-05:00  INFO 15784 --- [ReactiveProject] [restartedMain] o.s.b.d.a.OptionalLiveReloadServer       : LiveReload server is running on port 35729
2025-09-04T18:47:44.665-05:00  INFO 15784 --- [ReactiveProject] [restartedMain] o.s.b.a.e.web.EndpointLinksResolver      : Exposing 2 endpoints beneath base path '/actuator'
2025-09-04T18:47:47.341-05:00  INFO 15784 --- [ReactiveProject] [restartedMain] o.s.b.web.embedded.netty.NettyWebServer  : Netty started on port 8081 (http)
2025-09-04T18:47:47.377-05:00  INFO 15784 --- [ReactiveProject] [restartedMain] co.com.pragma.MainApplication            : Started MainApplication in 22.963 seconds (process running for 30.512)
2025-09-04T18:49:28.383-05:00  INFO 15784 --- [ReactiveProject] [parallel-3] co.com.pragma.api.Handler                : Solicitud POST /api/v1/solicitud
2025-09-04T18:49:28.892-05:00 DEBUG 15784 --- [ReactiveProject] [parallel-3] co.com.pragma.api.Handler                : Iniciando flujo de guardado de solicitud
2025-09-04T18:49:29.413-05:00  WARN 15784 --- [ReactiveProject] [reactor-http-nio-3] jakarta.persistence.spi                  : jakarta.persistence.spi::No valid providers found.
2025-09-04T18:49:29.719-05:00  INFO 15784 --- [ReactiveProject] [reactor-http-nio-3] co.com.pragma.api.Handler                : Petición recibida para crear peticion: RequestSolicitud[monto=33000.0, plazo=20, correoElectronico=prueba4@test.com, id_estado=null, idTipoPrestamo=99, identificacion=1]
2025-09-04T18:49:29.730-05:00 ERROR 15784 --- [ReactiveProject] [reactor-http-nio-3] co.com.pragma.api.Handler                : Error al guardar la solicitud

java.lang.RuntimeException: El correo del token no coincide con el de la solicitud
	at co.com.pragma.usecase.solicitud.SolicitudUseCase.save(SolicitudUseCase.java:22) ~[main/:na]
	Suppressed: reactor.core.publisher.FluxOnAssembly$OnAssemblyException: 
Assembly trace from producer [reactor.core.publisher.MonoFlatMap] :
	reactor.core.publisher.Mono.flatMap(Mono.java:3179)
	co.com.pragma.api.Handler.registrarSolicitud(Handler.java:49)
Error has been observed at the following site(s):
	*________Mono.flatMap ⇢ at co.com.pragma.api.Handler.registrarSolicitud(Handler.java:49)
	|_       Mono.flatMap ⇢ at co.com.pragma.api.Handler.registrarSolicitud(Handler.java:55)
	|_ Mono.doOnSubscribe ⇢ at co.com.pragma.api.Handler.registrarSolicitud(Handler.java:59)
	|_   Mono.doOnSuccess ⇢ at co.com.pragma.api.Handler.registrarSolicitud(Handler.java:60)
Original Stack Trace:
		at co.com.pragma.usecase.solicitud.SolicitudUseCase.save(SolicitudUseCase.java:22) ~[main/:na]
		at co.com.pragma.api.Handler.lambda$registrarSolicitud$3(Handler.java:52) ~[main/:na]
		at reactor.core.publisher.MonoFlatMap$FlatMapMain.onNext(MonoFlatMap.java:132) ~[reactor-core-3.7.8.jar:3.7.8]
		at reactor.core.publisher.MonoZip$ZipCoordinator.signal(MonoZip.java:297) ~[reactor-core-3.7.8.jar:3.7.8]
		at reactor.core.publisher.MonoZip$ZipInner.onNext(MonoZip.java:478) ~[reactor-core-3.7.8.jar:3.7.8]
		at reactor.core.publisher.FluxMapFuseable$MapFuseableSubscriber.onNext(FluxMapFuseable.java:129) ~[reactor-core-3.7.8.jar:3.7.8]
		at reactor.core.publisher.FluxPeekFuseable$PeekFuseableSubscriber.onNext(FluxPeekFuseable.java:210) ~[reactor-core-3.7.8.jar:3.7.8]
		at reactor.core.publisher.MonoFlatMap$FlatMapMain.onNext(MonoFlatMap.java:158) ~[reactor-core-3.7.8.jar:3.7.8]
		at reactor.core.publisher.FluxOnErrorResume$ResumeSubscriber.onNext(FluxOnErrorResume.java:79) ~[reactor-core-3.7.8.jar:3.7.8]
		at reactor.core.publisher.FluxOnErrorResume$ResumeSubscriber.onNext(FluxOnErrorResume.java:79) ~[reactor-core-3.7.8.jar:3.7.8]
		at reactor.core.publisher.MonoFlatMap$FlatMapMain.onNext(MonoFlatMap.java:158) ~[reactor-core-3.7.8.jar:3.7.8]
		at reactor.core.publisher.FluxContextWrite$ContextWriteSubscriber.onNext(FluxContextWrite.java:107) ~[reactor-core-3.7.8.jar:3.7.8]
		at reactor.core.publisher.FluxMapFuseable$MapFuseableConditionalSubscriber.onNext(FluxMapFuseable.java:299) ~[reactor-core-3.7.8.jar:3.7.8]
		at reactor.core.publisher.FluxFilterFuseable$FilterFuseableConditionalSubscriber.onNext(FluxFilterFuseable.java:337) ~[reactor-core-3.7.8.jar:3.7.8]
		at reactor.core.publisher.Operators$BaseFluxToMonoOperator.completePossiblyEmpty(Operators.java:2096) ~[reactor-core-3.7.8.jar:3.7.8]
		at reactor.core.publisher.MonoCollect$CollectSubscriber.onComplete(MonoCollect.java:145) ~[reactor-core-3.7.8.jar:3.7.8]
		at reactor.core.publisher.FluxMapFuseable$MapFuseableSubscriber.onComplete(FluxMapFuseable.java:152) ~[reactor-core-3.7.8.jar:3.7.8]
		at reactor.core.publisher.FluxPeekFuseable$PeekFuseableSubscriber.onComplete(FluxPeekFuseable.java:277) ~[reactor-core-3.7.8.jar:3.7.8]
		at reactor.core.publisher.FluxMap$MapSubscriber.onComplete(FluxMap.java:144) ~[reactor-core-3.7.8.jar:3.7.8]
		at reactor.netty.channel.FluxReceive.terminateReceiver(FluxReceive.java:481) ~[reactor-netty-core-1.2.8.jar:1.2.8]
		at reactor.netty.channel.FluxReceive.drainReceiver(FluxReceive.java:273) ~[reactor-netty-core-1.2.8.jar:1.2.8]
		at reactor.netty.channel.FluxReceive.request(FluxReceive.java:131) ~[reactor-netty-core-1.2.8.jar:1.2.8]
		at reactor.core.publisher.FluxMap$MapSubscriber.request(FluxMap.java:164) ~[reactor-core-3.7.8.jar:3.7.8]
		at reactor.core.publisher.FluxPeekFuseable$PeekFuseableSubscriber.request(FluxPeekFuseable.java:144) ~[reactor-core-3.7.8.jar:3.7.8]
		at reactor.core.publisher.FluxMapFuseable$MapFuseableSubscriber.request(FluxMapFuseable.java:171) ~[reactor-core-3.7.8.jar:3.7.8]
		at reactor.core.publisher.Operators$BaseFluxToMonoOperator.request(Operators.java:2066) ~[reactor-core-3.7.8.jar:3.7.8]
		at reactor.core.publisher.FluxFilterFuseable$FilterFuseableConditionalSubscriber.request(FluxFilterFuseable.java:411) ~[reactor-core-3.7.8.jar:3.7.8]
		at reactor.core.publisher.FluxMapFuseable$MapFuseableConditionalSubscriber.request(FluxMapFuseable.java:360) ~[reactor-core-3.7.8.jar:3.7.8]
		at reactor.core.publisher.FluxContextWrite$ContextWriteSubscriber.request(FluxContextWrite.java:136) ~[reactor-core-3.7.8.jar:3.7.8]
		at reactor.core.publisher.MonoFlatMap$FlatMapMain.request(MonoFlatMap.java:194) ~[reactor-core-3.7.8.jar:3.7.8]
		at reactor.core.publisher.Operators$MultiSubscriptionSubscriber.set(Operators.java:2366) ~[reactor-core-3.7.8.jar:3.7.8]
		at reactor.core.publisher.FluxOnErrorResume$ResumeSubscriber.onSubscribe(FluxOnErrorResume.java:74) ~[reactor-core-3.7.8.jar:3.7.8]
		at reactor.core.publisher.MonoFlatMap$FlatMapMain.onSubscribe(MonoFlatMap.java:117) ~[reactor-core-3.7.8.jar:3.7.8]
		at reactor.core.publisher.FluxContextWrite$ContextWriteSubscriber.onSubscribe(FluxContextWrite.java:101) ~[reactor-core-3.7.8.jar:3.7.8]
		at reactor.core.publisher.FluxMapFuseable$MapFuseableConditionalSubscriber.onSubscribe(FluxMapFuseable.java:265) ~[reactor-core-3.7.8.jar:3.7.8]
		at reactor.core.publisher.FluxFilterFuseable$FilterFuseableConditionalSubscriber.onSubscribe(FluxFilterFuseable.java:305) ~[reactor-core-3.7.8.jar:3.7.8]
		at reactor.core.publisher.Operators$BaseFluxToMonoOperator.onSubscribe(Operators.java:2050) ~[reactor-core-3.7.8.jar:3.7.8]
		at reactor.core.publisher.FluxMapFuseable$MapFuseableSubscriber.onSubscribe(FluxMapFuseable.java:96) ~[reactor-core-3.7.8.jar:3.7.8]
		at reactor.core.publisher.FluxPeekFuseable$PeekFuseableSubscriber.onSubscribe(FluxPeekFuseable.java:178) ~[reactor-core-3.7.8.jar:3.7.8]
		at reactor.core.publisher.FluxMap$MapSubscriber.onSubscribe(FluxMap.java:92) ~[reactor-core-3.7.8.jar:3.7.8]
		at reactor.netty.channel.FluxReceive.startReceiver(FluxReceive.java:170) ~[reactor-netty-core-1.2.8.jar:1.2.8]
		at reactor.netty.channel.FluxReceive.lambda$subscribe$2(FluxReceive.java:148) ~[reactor-netty-core-1.2.8.jar:1.2.8]
		at io.netty.util.concurrent.AbstractEventExecutor.runTask(AbstractEventExecutor.java:173) ~[netty-common-4.1.123.Final.jar:4.1.123.Final]
		at io.netty.util.concurrent.AbstractEventExecutor.safeExecute$$$capture(AbstractEventExecutor.java:166) ~[netty-common-4.1.123.Final.jar:4.1.123.Final]
		at io.netty.util.concurrent.AbstractEventExecutor.safeExecute(AbstractEventExecutor.java) ~[netty-common-4.1.123.Final.jar:4.1.123.Final]
		at io.netty.util.concurrent.SingleThreadEventExecutor.runAllTasks(SingleThreadEventExecutor.java:472) ~[netty-common-4.1.123.Final.jar:4.1.123.Final]
		at io.netty.channel.nio.NioEventLoop.run(NioEventLoop.java:569) ~[netty-transport-4.1.123.Final.jar:4.1.123.Final]
		at io.netty.util.concurrent.SingleThreadEventExecutor$4.run(SingleThreadEventExecutor.java:998) ~[netty-common-4.1.123.Final.jar:4.1.123.Final]
		at io.netty.util.internal.ThreadExecutorMap$2.run(ThreadExecutorMap.java:74) ~[netty-common-4.1.123.Final.jar:4.1.123.Final]
		at io.netty.util.concurrent.FastThreadLocalRunnable.run(FastThreadLocalRunnable.java:30) ~[netty-common-4.1.123.Final.jar:4.1.123.Final]
		at java.base/java.lang.Thread.run(Thread.java:1447) ~[na:na]

2025-09-04T18:49:29.817-05:00 ERROR 15784 --- [ReactiveProject] [reactor-http-nio-3] c.c.p.api.excepcions.GlobalErrorHandler  : Error capturado globalmente: 

java.lang.RuntimeException: El correo del token no coincide con el de la solicitud
	at co.com.pragma.usecase.solicitud.SolicitudUseCase.save(SolicitudUseCase.java:22) ~[main/:na]
	Suppressed: reactor.core.publisher.FluxOnAssembly$OnAssemblyException: 
Assembly trace from producer [reactor.core.publisher.MonoFlatMap] :
	reactor.core.publisher.Mono.flatMap(Mono.java:3179)
	co.com.pragma.api.Handler.registrarSolicitud(Handler.java:49)
Error has been observed at the following site(s):
	*__________Mono.flatMap ⇢ at co.com.pragma.api.Handler.registrarSolicitud(Handler.java:49)
	|_         Mono.flatMap ⇢ at co.com.pragma.api.Handler.registrarSolicitud(Handler.java:55)
	|_   Mono.doOnSubscribe ⇢ at co.com.pragma.api.Handler.registrarSolicitud(Handler.java:59)
	|_     Mono.doOnSuccess ⇢ at co.com.pragma.api.Handler.registrarSolicitud(Handler.java:60)
	|_       Mono.doOnError ⇢ at co.com.pragma.api.Handler.registrarSolicitud(Handler.java:61)
	|_             Mono.map ⇢ at org.springframework.web.reactive.function.server.support.HandlerFunctionAdapter.handle(HandlerFunctionAdapter.java:62)
	|_   Mono.onErrorResume ⇢ at org.springframework.web.reactive.DispatcherHandler.handleResultMono(DispatcherHandler.java:168)
	|_         Mono.flatMap ⇢ at org.springframework.web.reactive.DispatcherHandler.handleResultMono(DispatcherHandler.java:172)
	*____________Mono.error ⇢ at org.springframework.web.reactive.result.method.annotation.RequestMappingHandlerAdapter.handleException(RequestMappingHandlerAdapter.java:340)
	*__________Mono.flatMap ⇢ at org.springframework.web.reactive.DispatcherHandler.handle(DispatcherHandler.java:154)
	*____________Mono.defer ⇢ at org.springframework.web.server.handler.DefaultWebFilterChain.filter(DefaultWebFilterChain.java:106)
	|_           checkpoint ⇢ org.springframework.web.cors.reactive.CorsWebFilter [DefaultWebFilterChain]
	*____________Mono.defer ⇢ at org.springframework.web.server.handler.DefaultWebFilterChain.filter(DefaultWebFilterChain.java:106)
	|_           checkpoint ⇢ co.com.pragma.api.config.SecurityHeadersConfig [DefaultWebFilterChain]
	*____________Mono.defer ⇢ at org.springframework.web.server.handler.DefaultWebFilterChain.filter(DefaultWebFilterChain.java:106)
	|_     Mono.doOnSuccess ⇢ at org.springframework.security.web.server.ObservationWebFilterChainDecorator$WebFilterObservation$SimpleWebFilterObservation.lambda$wrap$6(ObservationWebFilterChainDecorator.java:560)
	|_      Mono.doOnCancel ⇢ at org.springframework.security.web.server.ObservationWebFilterChainDecorator$WebFilterObservation$SimpleWebFilterObservation.lambda$wrap$6(ObservationWebFilterChainDecorator.java:561)
	|_       Mono.doOnError ⇢ at org.springframework.security.web.server.ObservationWebFilterChainDecorator$WebFilterObservation$SimpleWebFilterObservation.lambda$wrap$6(ObservationWebFilterChainDecorator.java:562)
	|_    Mono.contextWrite ⇢ at org.springframework.security.web.server.ObservationWebFilterChainDecorator$WebFilterObservation$SimpleWebFilterObservation.lambda$wrap$6(ObservationWebFilterChainDecorator.java:566)
	|_     Mono.doOnSuccess ⇢ at org.springframework.security.web.server.ObservationWebFilterChainDecorator$AroundWebFilterObservation$SimpleAroundWebFilterObservation.lambda$wrap$2(ObservationWebFilterChainDecorator.java:351)
	|_      Mono.doOnCancel ⇢ at org.springframework.security.web.server.ObservationWebFilterChainDecorator$AroundWebFilterObservation$SimpleAroundWebFilterObservation.lambda$wrap$2(ObservationWebFilterChainDecorator.java:352)
	|_       Mono.doOnError ⇢ at org.springframework.security.web.server.ObservationWebFilterChainDecorator$AroundWebFilterObservation$SimpleAroundWebFilterObservation.lambda$wrap$2(ObservationWebFilterChainDecorator.java:353)
	*__Mono.deferContextual ⇢ at org.springframework.security.web.server.ObservationWebFilterChainDecorator.lambda$wrapSecured$1(ObservationWebFilterChainDecorator.java:76)
	*____________Mono.defer ⇢ at org.springframework.security.web.server.ObservationWebFilterChainDecorator$ObservationWebFilterChain.filter(ObservationWebFilterChainDecorator.java:152)
	*____Mono.switchIfEmpty ⇢ at org.springframework.security.web.server.authorization.AuthorizationWebFilter.filter(AuthorizationWebFilter.java:56)
	|_     Mono.doOnSuccess ⇢ at org.springframework.security.web.server.ObservationWebFilterChainDecorator$ObservationWebFilter.wrapFilter(ObservationWebFilterChainDecorator.java:211)
	|_           checkpoint ⇢ AuthorizationWebFilter [DefaultWebFilterChain]
	*____________Mono.defer ⇢ at org.springframework.security.web.server.ObservationWebFilterChainDecorator$ObservationWebFilterChain.filter(ObservationWebFilterChainDecorator.java:152)
	|_   Mono.onErrorResume ⇢ at org.springframework.security.web.server.authorization.ExceptionTranslationWebFilter.filter(ExceptionTranslationWebFilter.java:53)
	|_     Mono.doOnSuccess ⇢ at org.springframework.security.web.server.ObservationWebFilterChainDecorator$ObservationWebFilter.wrapFilter(ObservationWebFilterChainDecorator.java:211)
	|_           checkpoint ⇢ ExceptionTranslationWebFilter [DefaultWebFilterChain]
	*____________Mono.defer ⇢ at org.springframework.security.web.server.ObservationWebFilterChainDecorator$ObservationWebFilterChain.filter(ObservationWebFilterChainDecorator.java:152)
	*__________Mono.flatMap ⇢ at org.springframework.security.web.server.savedrequest.ServerRequestCacheWebFilter.filter(ServerRequestCacheWebFilter.java:41)
	|_     Mono.doOnSuccess ⇢ at org.springframework.security.web.server.ObservationWebFilterChainDecorator$ObservationWebFilter.wrapFilter(ObservationWebFilterChainDecorator.java:211)
	|_           checkpoint ⇢ ServerRequestCacheWebFilter [DefaultWebFilterChain]
	*____________Mono.defer ⇢ at org.springframework.security.web.server.ObservationWebFilterChainDecorator$ObservationWebFilterChain.filter(ObservationWebFilterChainDecorator.java:152)
	|_     Mono.doOnSuccess ⇢ at org.springframework.security.web.server.ObservationWebFilterChainDecorator$ObservationWebFilter.wrapFilter(ObservationWebFilterChainDecorator.java:211)
	|_           checkpoint ⇢ SecurityContextServerWebExchangeWebFilter [DefaultWebFilterChain]
	*____________Mono.defer ⇢ at org.springframework.security.web.server.ObservationWebFilterChainDecorator$ObservationWebFilterChain.filter(ObservationWebFilterChainDecorator.java:152)
	|_    Mono.contextWrite ⇢ at org.springframework.security.web.server.context.ReactorContextWebFilter.filter(ReactorContextWebFilter.java:48)
	|_     Mono.doOnSuccess ⇢ at org.springframework.security.web.server.ObservationWebFilterChainDecorator$ObservationWebFilter.wrapFilter(ObservationWebFilterChainDecorator.java:211)
	|_           checkpoint ⇢ ReactorContextWebFilter [DefaultWebFilterChain]
	*____________Mono.defer ⇢ at org.springframework.security.web.server.ObservationWebFilterChainDecorator$ObservationWebFilterChain.filter(ObservationWebFilterChainDecorator.java:152)
	|_     Mono.doOnSuccess ⇢ at org.springframework.security.web.server.ObservationWebFilterChainDecorator$ObservationWebFilter.wrapFilter(ObservationWebFilterChainDecorator.java:211)
	|_           checkpoint ⇢ HttpHeaderWriterWebFilter [DefaultWebFilterChain]
	*____________Mono.defer ⇢ at org.springframework.security.web.server.ObservationWebFilterChainDecorator$ObservationWebFilterChain.filter(ObservationWebFilterChainDecorator.java:152)
	|_    Mono.contextWrite ⇢ at org.springframework.security.config.web.server.ServerHttpSecurity$ServerWebExchangeReactorContextWebFilter.filter(ServerHttpSecurity.java:4059)
	|_     Mono.doOnSuccess ⇢ at org.springframework.security.web.server.ObservationWebFilterChainDecorator$ObservationWebFilter.wrapFilter(ObservationWebFilterChainDecorator.java:211)
	|_     Mono.doOnSuccess ⇢ at org.springframework.security.web.server.ObservationWebFilterChainDecorator$AroundWebFilterObservation$SimpleAroundWebFilterObservation.lambda$wrap$6(ObservationWebFilterChainDecorator.java:367)
	|_      Mono.doOnCancel ⇢ at org.springframework.security.web.server.ObservationWebFilterChainDecorator$AroundWebFilterObservation$SimpleAroundWebFilterObservation.lambda$wrap$6(ObservationWebFilterChainDecorator.java:368)
	|_       Mono.doOnError ⇢ at org.springframework.security.web.server.ObservationWebFilterChainDecorator$AroundWebFilterObservation$SimpleAroundWebFilterObservation.lambda$wrap$6(ObservationWebFilterChainDecorator.java:369)
	|_    Mono.contextWrite ⇢ at org.springframework.security.web.server.ObservationWebFilterChainDecorator$AroundWebFilterObservation$SimpleAroundWebFilterObservation.lambda$wrap$6(ObservationWebFilterChainDecorator.java:373)
	*__Mono.deferContextual ⇢ at org.springframework.security.web.server.ObservationWebFilterChainDecorator$ObservationWebFilter.filter(ObservationWebFilterChainDecorator.java:193)
	|_           checkpoint ⇢ ServerWebExchangeReactorContextWebFilter [DefaultWebFilterChain]
	*____________Mono.defer ⇢ at org.springframework.security.web.server.ObservationWebFilterChainDecorator$ObservationWebFilterChain.filter(ObservationWebFilterChainDecorator.java:152)
	*__________Mono.flatMap ⇢ at org.springframework.security.web.server.WebFilterChainProxy.filterFirewalledExchange(WebFilterChainProxy.java:78)
	*__________Mono.flatMap ⇢ at org.springframework.security.web.server.WebFilterChainProxy.filter(WebFilterChainProxy.java:65)
	|_   Mono.onErrorResume ⇢ at org.springframework.security.web.server.WebFilterChainProxy.filter(WebFilterChainProxy.java:66)
	|_           checkpoint ⇢ org.springframework.security.web.server.WebFilterChainProxy [DefaultWebFilterChain]
	*____________Mono.defer ⇢ at org.springframework.web.server.handler.DefaultWebFilterChain.filter(DefaultWebFilterChain.java:106)
	|_       Mono.doOnError ⇢ at org.springframework.web.server.handler.ExceptionHandlingWebHandler.handle(ExceptionHandlingWebHandler.java:84)
	|_   Mono.onErrorResume ⇢ at org.springframework.web.server.handler.ExceptionHandlingWebHandler.handle(ExceptionHandlingWebHandler.java:85)
	|_       Mono.doOnError ⇢ at org.springframework.web.server.handler.ExceptionHandlingWebHandler.handle(ExceptionHandlingWebHandler.java:84)
	*____________Mono.error ⇢ at org.springframework.web.server.handler.ExceptionHandlingWebHandler$CheckpointInsertingHandler.handle(ExceptionHandlingWebHandler.java:106)
	|_           checkpoint ⇢ HTTP POST "/api/v1/solicitud" [ExceptionHandlingWebHandler]
Original Stack Trace:
		at co.com.pragma.usecase.solicitud.SolicitudUseCase.save(SolicitudUseCase.java:22) ~[main/:na]
		at co.com.pragma.api.Handler.lambda$registrarSolicitud$3(Handler.java:52) ~[main/:na]
		at reactor.core.publisher.MonoFlatMap$FlatMapMain.onNext(MonoFlatMap.java:132) ~[reactor-core-3.7.8.jar:3.7.8]
		at reactor.core.publisher.MonoZip$ZipCoordinator.signal(MonoZip.java:297) ~[reactor-core-3.7.8.jar:3.7.8]
		at reactor.core.publisher.MonoZip$ZipInner.onNext(MonoZip.java:478) ~[reactor-core-3.7.8.jar:3.7.8]
		at reactor.core.publisher.FluxMapFuseable$MapFuseableSubscriber.onNext(FluxMapFuseable.java:129) ~[reactor-core-3.7.8.jar:3.7.8]
		at reactor.core.publisher.FluxPeekFuseable$PeekFuseableSubscriber.onNext(FluxPeekFuseable.java:210) ~[reactor-core-3.7.8.jar:3.7.8]
		at reactor.core.publisher.MonoFlatMap$FlatMapMain.onNext(MonoFlatMap.java:158) ~[reactor-core-3.7.8.jar:3.7.8]
		at reactor.core.publisher.FluxOnErrorResume$ResumeSubscriber.onNext(FluxOnErrorResume.java:79) ~[reactor-core-3.7.8.jar:3.7.8]
		at reactor.core.publisher.FluxOnErrorResume$ResumeSubscriber.onNext(FluxOnErrorResume.java:79) ~[reactor-core-3.7.8.jar:3.7.8]
		at reactor.core.publisher.MonoFlatMap$FlatMapMain.onNext(MonoFlatMap.java:158) ~[reactor-core-3.7.8.jar:3.7.8]
		at reactor.core.publisher.FluxContextWrite$ContextWriteSubscriber.onNext(FluxContextWrite.java:107) ~[reactor-core-3.7.8.jar:3.7.8]
		at reactor.core.publisher.FluxMapFuseable$MapFuseableConditionalSubscriber.onNext(FluxMapFuseable.java:299) ~[reactor-core-3.7.8.jar:3.7.8]
		at reactor.core.publisher.FluxFilterFuseable$FilterFuseableConditionalSubscriber.onNext(FluxFilterFuseable.java:337) ~[reactor-core-3.7.8.jar:3.7.8]
		at reactor.core.publisher.Operators$BaseFluxToMonoOperator.completePossiblyEmpty(Operators.java:2096) ~[reactor-core-3.7.8.jar:3.7.8]
		at reactor.core.publisher.MonoCollect$CollectSubscriber.onComplete(MonoCollect.java:145) ~[reactor-core-3.7.8.jar:3.7.8]
		at reactor.core.publisher.FluxMapFuseable$MapFuseableSubscriber.onComplete(FluxMapFuseable.java:152) ~[reactor-core-3.7.8.jar:3.7.8]
		at reactor.core.publisher.FluxPeekFuseable$PeekFuseableSubscriber.onComplete(FluxPeekFuseable.java:277) ~[reactor-core-3.7.8.jar:3.7.8]
		at reactor.core.publisher.FluxMap$MapSubscriber.onComplete(FluxMap.java:144) ~[reactor-core-3.7.8.jar:3.7.8]
		at reactor.netty.channel.FluxReceive.terminateReceiver(FluxReceive.java:481) ~[reactor-netty-core-1.2.8.jar:1.2.8]
		at reactor.netty.channel.FluxReceive.drainReceiver(FluxReceive.java:273) ~[reactor-netty-core-1.2.8.jar:1.2.8]
		at reactor.netty.channel.FluxReceive.request(FluxReceive.java:131) ~[reactor-netty-core-1.2.8.jar:1.2.8]
		at reactor.core.publisher.FluxMap$MapSubscriber.request(FluxMap.java:164) ~[reactor-core-3.7.8.jar:3.7.8]
		at reactor.core.publisher.FluxPeekFuseable$PeekFuseableSubscriber.request(FluxPeekFuseable.java:144) ~[reactor-core-3.7.8.jar:3.7.8]
		at reactor.core.publisher.FluxMapFuseable$MapFuseableSubscriber.request(FluxMapFuseable.java:171) ~[reactor-core-3.7.8.jar:3.7.8]
		at reactor.core.publisher.Operators$BaseFluxToMonoOperator.request(Operators.java:2066) ~[reactor-core-3.7.8.jar:3.7.8]
		at reactor.core.publisher.FluxFilterFuseable$FilterFuseableConditionalSubscriber.request(FluxFilterFuseable.java:411) ~[reactor-core-3.7.8.jar:3.7.8]
		at reactor.core.publisher.FluxMapFuseable$MapFuseableConditionalSubscriber.request(FluxMapFuseable.java:360) ~[reactor-core-3.7.8.jar:3.7.8]
		at reactor.core.publisher.FluxContextWrite$ContextWriteSubscriber.request(FluxContextWrite.java:136) ~[reactor-core-3.7.8.jar:3.7.8]
		at reactor.core.publisher.MonoFlatMap$FlatMapMain.request(MonoFlatMap.java:194) ~[reactor-core-3.7.8.jar:3.7.8]
		at reactor.core.publisher.Operators$MultiSubscriptionSubscriber.set(Operators.java:2366) ~[reactor-core-3.7.8.jar:3.7.8]
		at reactor.core.publisher.FluxOnErrorResume$ResumeSubscriber.onSubscribe(FluxOnErrorResume.java:74) ~[reactor-core-3.7.8.jar:3.7.8]
		at reactor.core.publisher.MonoFlatMap$FlatMapMain.onSubscribe(MonoFlatMap.java:117) ~[reactor-core-3.7.8.jar:3.7.8]
		at reactor.core.publisher.FluxContextWrite$ContextWriteSubscriber.onSubscribe(FluxContextWrite.java:101) ~[reactor-core-3.7.8.jar:3.7.8]
		at reactor.core.publisher.FluxMapFuseable$MapFuseableConditionalSubscriber.onSubscribe(FluxMapFuseable.java:265) ~[reactor-core-3.7.8.jar:3.7.8]
		at reactor.core.publisher.FluxFilterFuseable$FilterFuseableConditionalSubscriber.onSubscribe(FluxFilterFuseable.java:305) ~[reactor-core-3.7.8.jar:3.7.8]
		at reactor.core.publisher.Operators$BaseFluxToMonoOperator.onSubscribe(Operators.java:2050) ~[reactor-core-3.7.8.jar:3.7.8]
		at reactor.core.publisher.FluxMapFuseable$MapFuseableSubscriber.onSubscribe(FluxMapFuseable.java:96) ~[reactor-core-3.7.8.jar:3.7.8]
		at reactor.core.publisher.FluxPeekFuseable$PeekFuseableSubscriber.onSubscribe(FluxPeekFuseable.java:178) ~[reactor-core-3.7.8.jar:3.7.8]
		at reactor.core.publisher.FluxMap$MapSubscriber.onSubscribe(FluxMap.java:92) ~[reactor-core-3.7.8.jar:3.7.8]
		at reactor.netty.channel.FluxReceive.startReceiver(FluxReceive.java:170) ~[reactor-netty-core-1.2.8.jar:1.2.8]
		at reactor.netty.channel.FluxReceive.lambda$subscribe$2(FluxReceive.java:148) ~[reactor-netty-core-1.2.8.jar:1.2.8]
		at io.netty.util.concurrent.AbstractEventExecutor.runTask(AbstractEventExecutor.java:173) ~[netty-common-4.1.123.Final.jar:4.1.123.Final]
		at io.netty.util.concurrent.AbstractEventExecutor.safeExecute$$$capture(AbstractEventExecutor.java:166) ~[netty-common-4.1.123.Final.jar:4.1.123.Final]
		at io.netty.util.concurrent.AbstractEventExecutor.safeExecute(AbstractEventExecutor.java) ~[netty-common-4.1.123.Final.jar:4.1.123.Final]
		at io.netty.util.concurrent.SingleThreadEventExecutor.runAllTasks(SingleThreadEventExecutor.java:472) ~[netty-common-4.1.123.Final.jar:4.1.123.Final]
		at io.netty.channel.nio.NioEventLoop.run(NioEventLoop.java:569) ~[netty-transport-4.1.123.Final.jar:4.1.123.Final]
		at io.netty.util.concurrent.SingleThreadEventExecutor$4.run(SingleThreadEventExecutor.java:998) ~[netty-common-4.1.123.Final.jar:4.1.123.Final]
		at io.netty.util.internal.ThreadExecutorMap$2.run(ThreadExecutorMap.java:74) ~[netty-common-4.1.123.Final.jar:4.1.123.Final]
		at io.netty.util.concurrent.FastThreadLocalRunnable.run(FastThreadLocalRunnable.java:30) ~[netty-common-4.1.123.Final.jar:4.1.123.Final]
		at java.base/java.lang.Thread.run(Thread.java:1447) ~[na:na]

2025-09-04T18:50:11.264-05:00  INFO 15784 --- [ReactiveProject] [parallel-4] co.com.pragma.api.Handler                : Solicitud POST /api/v1/solicitud
2025-09-04T18:50:11.268-05:00 DEBUG 15784 --- [ReactiveProject] [parallel-4] co.com.pragma.api.Handler                : Iniciando flujo de guardado de solicitud
2025-09-04T18:50:11.272-05:00  INFO 15784 --- [ReactiveProject] [reactor-http-nio-3] co.com.pragma.api.Handler                : Petición recibida para crear peticion: RequestSolicitud[monto=33000.0, plazo=20, correoElectronico=prueba@test.com, id_estado=null, idTipoPrestamo=99, identificacion=1]
2025-09-04T18:50:11.673-05:00 DEBUG 15784 --- [ReactiveProject] [parallel-4] co.com.pragma.consumer.RestConsumer      : Iniciando flujo de consultar usuario
2025-09-04T18:50:12.715-05:00 ERROR 15784 --- [ReactiveProject] [reactor-http-nio-5] co.com.pragma.consumer.RestConsumer      : Fallo al validar usuario: Connection refused: getsockopt: localhost/127.0.0.1:8080
2025-09-04T18:50:12.716-05:00 DEBUG 15784 --- [ReactiveProject] [reactor-http-nio-5] co.com.pragma.consumer.RestConsumer      : Respuesta correctamente
2025-09-04T18:50:12.747-05:00 ERROR 15784 --- [ReactiveProject] [reactor-http-nio-5] co.com.pragma.api.Handler                : Error al guardar la solicitud

co.com.pragma.usecase.solicitud.excepcions.UsuarioNotFoundException: Usuario con documento 1 no existe
	at co.com.pragma.usecase.solicitud.SolicitudUseCase.lambda$save$0(SolicitudUseCase.java:28) ~[main/:na]
	Suppressed: reactor.core.publisher.FluxOnAssembly$OnAssemblyException: 
Assembly trace from producer [reactor.core.publisher.MonoFlatMap] :
	reactor.core.publisher.Mono.flatMap(Mono.java:3179)
	co.com.pragma.usecase.solicitud.SolicitudUseCase.save(SolicitudUseCase.java:26)
Error has been observed at the following site(s):
	*________Mono.flatMap ⇢ at co.com.pragma.usecase.solicitud.SolicitudUseCase.save(SolicitudUseCase.java:26)
	*________Mono.flatMap ⇢ at co.com.pragma.api.Handler.registrarSolicitud(Handler.java:49)
	|_       Mono.flatMap ⇢ at co.com.pragma.api.Handler.registrarSolicitud(Handler.java:55)
	|_ Mono.doOnSubscribe ⇢ at co.com.pragma.api.Handler.registrarSolicitud(Handler.java:59)
	|_   Mono.doOnSuccess ⇢ at co.com.pragma.api.Handler.registrarSolicitud(Handler.java:60)
Original Stack Trace:
		at co.com.pragma.usecase.solicitud.SolicitudUseCase.lambda$save$0(SolicitudUseCase.java:28) ~[main/:na]
		at reactor.core.publisher.MonoFlatMap$FlatMapMain.onNext(MonoFlatMap.java:132) ~[reactor-core-3.7.8.jar:3.7.8]
		at io.github.resilience4j.reactor.circuitbreaker.operator.CircuitBreakerSubscriber.hookOnNext(CircuitBreakerSubscriber.java:59) ~[resilience4j-reactor-2.3.0.jar:2.3.0]
		at reactor.core.publisher.BaseSubscriber.onNext(BaseSubscriber.java:160) ~[reactor-core-3.7.8.jar:3.7.8]
		at reactor.core.publisher.MonoPeekTerminal$MonoTerminalPeekSubscriber.onNext(MonoPeekTerminal.java:180) ~[reactor-core-3.7.8.jar:3.7.8]
		at reactor.core.publisher.FluxPeekFuseable$PeekFuseableConditionalSubscriber.onNext(FluxPeekFuseable.java:503) ~[reactor-core-3.7.8.jar:3.7.8]
		at reactor.core.publisher.FluxOnErrorResume$ResumeSubscriber.onNext(FluxOnErrorResume.java:79) ~[reactor-core-3.7.8.jar:3.7.8]
		at reactor.core.publisher.Operators$ScalarSubscription.request(Operators.java:2570) ~[reactor-core-3.7.8.jar:3.7.8]
		at reactor.core.publisher.Operators$MultiSubscriptionSubscriber.set(Operators.java:2366) ~[reactor-core-3.7.8.jar:3.7.8]
		at reactor.core.publisher.FluxOnErrorResume$ResumeSubscriber.onSubscribe(FluxOnErrorResume.java:74) ~[reactor-core-3.7.8.jar:3.7.8]
		at reactor.core.publisher.MonoJust.subscribe(MonoJust.java:55) ~[reactor-core-3.7.8.jar:3.7.8]
		at reactor.core.publisher.Mono.subscribe(Mono.java:4576) ~[reactor-core-3.7.8.jar:3.7.8]
		at reactor.core.publisher.FluxOnErrorResume$ResumeSubscriber.onError(FluxOnErrorResume.java:103) ~[reactor-core-3.7.8.jar:3.7.8]
		at reactor.core.publisher.FluxMapFuseable$MapFuseableSubscriber.onError(FluxMapFuseable.java:142) ~[reactor-core-3.7.8.jar:3.7.8]
		at reactor.core.publisher.FluxPeekFuseable$PeekFuseableSubscriber.onError(FluxPeekFuseable.java:234) ~[reactor-core-3.7.8.jar:3.7.8]
		at reactor.core.publisher.MonoFlatMap$FlatMapMain.onError(MonoFlatMap.java:180) ~[reactor-core-3.7.8.jar:3.7.8]
		at reactor.core.publisher.FluxContextWrite$ContextWriteSubscriber.onError(FluxContextWrite.java:121) ~[reactor-core-3.7.8.jar:3.7.8]
		at reactor.core.publisher.FluxDoFinally$DoFinallySubscriber.onError(FluxDoFinally.java:119) ~[reactor-core-3.7.8.jar:3.7.8]
		at reactor.core.publisher.MonoPeekTerminal$MonoTerminalPeekSubscriber.onError(MonoPeekTerminal.java:258) ~[reactor-core-3.7.8.jar:3.7.8]
		at reactor.core.publisher.FluxPeekFuseable$PeekFuseableConditionalSubscriber.onError(FluxPeekFuseable.java:553) ~[reactor-core-3.7.8.jar:3.7.8]
		at reactor.core.publisher.Operators$MultiSubscriptionSubscriber.onError(Operators.java:2235) ~[reactor-core-3.7.8.jar:3.7.8]
		at reactor.core.publisher.FluxPeekFuseable$PeekFuseableSubscriber.onError(FluxPeekFuseable.java:234) ~[reactor-core-3.7.8.jar:3.7.8]
		at reactor.core.publisher.FluxMapFuseable$MapFuseableSubscriber.onError(FluxMapFuseable.java:142) ~[reactor-core-3.7.8.jar:3.7.8]
		at reactor.core.publisher.FluxOnErrorResume$ResumeSubscriber.onError(FluxOnErrorResume.java:106) ~[reactor-core-3.7.8.jar:3.7.8]
		at reactor.core.publisher.Operators.error(Operators.java:198) ~[reactor-core-3.7.8.jar:3.7.8]
		at reactor.core.publisher.MonoErrorSupplied.subscribe(MonoErrorSupplied.java:56) ~[reactor-core-3.7.8.jar:3.7.8]
		at reactor.core.publisher.Mono.subscribe(Mono.java:4576) ~[reactor-core-3.7.8.jar:3.7.8]
		at reactor.core.publisher.FluxOnErrorResume$ResumeSubscriber.onError(FluxOnErrorResume.java:103) ~[reactor-core-3.7.8.jar:3.7.8]
		at reactor.core.publisher.FluxPeekFuseable$PeekFuseableSubscriber.onError(FluxPeekFuseable.java:234) ~[reactor-core-3.7.8.jar:3.7.8]
		at reactor.core.publisher.FluxPeekFuseable$PeekFuseableSubscriber.onError(FluxPeekFuseable.java:234) ~[reactor-core-3.7.8.jar:3.7.8]
		at reactor.core.publisher.FluxPeekFuseable$PeekFuseableSubscriber.onError(FluxPeekFuseable.java:234) ~[reactor-core-3.7.8.jar:3.7.8]
		at reactor.core.publisher.MonoNext$NextSubscriber.onError(MonoNext.java:93) ~[reactor-core-3.7.8.jar:3.7.8]
		at reactor.core.publisher.MonoFlatMapMany$FlatMapManyMain.onError(MonoFlatMapMany.java:205) ~[reactor-core-3.7.8.jar:3.7.8]
		at reactor.core.publisher.SerializedSubscriber.onError(SerializedSubscriber.java:124) ~[reactor-core-3.7.8.jar:3.7.8]
		at reactor.core.publisher.FluxRetryWhen$RetryWhenMainSubscriber.whenError(FluxRetryWhen.java:229) ~[reactor-core-3.7.8.jar:3.7.8]
		at reactor.core.publisher.FluxRetryWhen$RetryWhenOtherSubscriber.onError(FluxRetryWhen.java:279) ~[reactor-core-3.7.8.jar:3.7.8]
		at reactor.core.publisher.FluxContextWrite$ContextWriteSubscriber.onError(FluxContextWrite.java:121) ~[reactor-core-3.7.8.jar:3.7.8]
		at reactor.core.publisher.FluxConcatMapNoPrefetch$FluxConcatMapNoPrefetchSubscriber.maybeOnError(FluxConcatMapNoPrefetch.java:327) ~[reactor-core-3.7.8.jar:3.7.8]
		at reactor.core.publisher.FluxConcatMapNoPrefetch$FluxConcatMapNoPrefetchSubscriber.onNext(FluxConcatMapNoPrefetch.java:212) ~[reactor-core-3.7.8.jar:3.7.8]
		at reactor.core.publisher.FluxContextWrite$ContextWriteSubscriber.onNext(FluxContextWrite.java:107) ~[reactor-core-3.7.8.jar:3.7.8]
		at reactor.core.publisher.SinkManyEmitterProcessor.drain(SinkManyEmitterProcessor.java:476) ~[reactor-core-3.7.8.jar:3.7.8]
		at reactor.core.publisher.SinkManyEmitterProcessor$EmitterInner.drainParent(SinkManyEmitterProcessor.java:620) ~[reactor-core-3.7.8.jar:3.7.8]
		at reactor.core.publisher.FluxPublish$PubSubInner.request(FluxPublish.java:874) ~[reactor-core-3.7.8.jar:3.7.8]
		at reactor.core.publisher.FluxContextWrite$ContextWriteSubscriber.request(FluxContextWrite.java:136) ~[reactor-core-3.7.8.jar:3.7.8]
		at reactor.core.publisher.FluxConcatMapNoPrefetch$FluxConcatMapNoPrefetchSubscriber.request(FluxConcatMapNoPrefetch.java:337) ~[reactor-core-3.7.8.jar:3.7.8]
		at reactor.core.publisher.FluxContextWrite$ContextWriteSubscriber.request(FluxContextWrite.java:136) ~[reactor-core-3.7.8.jar:3.7.8]
		at reactor.core.publisher.Operators$DeferredSubscription.request(Operators.java:1742) ~[reactor-core-3.7.8.jar:3.7.8]
		at reactor.core.publisher.FluxRetryWhen$RetryWhenMainSubscriber.onError(FluxRetryWhen.java:196) ~[reactor-core-3.7.8.jar:3.7.8]
		at reactor.core.publisher.MonoCreate$DefaultMonoSink.error(MonoCreate.java:205) ~[reactor-core-3.7.8.jar:3.7.8]
		at reactor.netty.http.client.HttpClientConnect$MonoHttpConnect$ClientTransportSubscriber.onError(HttpClientConnect.java:325) ~[reactor-netty-http-1.2.8.jar:1.2.8]
		at reactor.core.publisher.MonoCreate$DefaultMonoSink.error(MonoCreate.java:205) ~[reactor-core-3.7.8.jar:3.7.8]
		at reactor.netty.resources.DefaultPooledConnectionProvider$DisposableAcquire.onError(DefaultPooledConnectionProvider.java:174) ~[reactor-netty-core-1.2.8.jar:1.2.8]
		at reactor.netty.internal.shaded.reactor.pool.AbstractPool$Borrower.fail(AbstractPool.java:479) ~[reactor-netty-core-1.2.8.jar:1.2.8]
		at reactor.netty.internal.shaded.reactor.pool.SimpleDequePool.lambda$drainLoop$9(SimpleDequePool.java:443) ~[reactor-netty-core-1.2.8.jar:1.2.8]
		at reactor.core.publisher.FluxDoOnEach$DoOnEachSubscriber.onError(FluxDoOnEach.java:186) ~[reactor-core-3.7.8.jar:3.7.8]
		at reactor.core.publisher.MonoCreate$DefaultMonoSink.error(MonoCreate.java:205) ~[reactor-core-3.7.8.jar:3.7.8]
		at reactor.netty.resources.DefaultPooledConnectionProvider$PooledConnectionAllocator$PooledConnectionInitializer.onError(DefaultPooledConnectionProvider.java:593) ~[reactor-netty-core-1.2.8.jar:1.2.8]
		at reactor.core.publisher.MonoFlatMap$FlatMapMain.secondError(MonoFlatMap.java:241) ~[reactor-core-3.7.8.jar:3.7.8]
		at reactor.core.publisher.MonoFlatMap$FlatMapInner.onError(MonoFlatMap.java:315) ~[reactor-core-3.7.8.jar:3.7.8]
		at reactor.core.publisher.FluxOnErrorResume$ResumeSubscriber.onError(FluxOnErrorResume.java:106) ~[reactor-core-3.7.8.jar:3.7.8]
		at reactor.core.publisher.Operators.error(Operators.java:198) ~[reactor-core-3.7.8.jar:3.7.8]
		at reactor.core.publisher.MonoError.subscribe(MonoError.java:53) ~[reactor-core-3.7.8.jar:3.7.8]
		at reactor.core.publisher.Mono.subscribe(Mono.java:4576) ~[reactor-core-3.7.8.jar:3.7.8]
		at reactor.core.publisher.FluxOnErrorResume$ResumeSubscriber.onError(FluxOnErrorResume.java:103) ~[reactor-core-3.7.8.jar:3.7.8]
		at reactor.netty.transport.TransportConnector$MonoChannelPromise.tryFailure(TransportConnector.java:600) ~[reactor-netty-core-1.2.8.jar:1.2.8]
		at reactor.netty.transport.TransportConnector$MonoChannelPromise.setFailure(TransportConnector.java:546) ~[reactor-netty-core-1.2.8.jar:1.2.8]
		at reactor.netty.transport.TransportConnector.lambda$doConnect$7(TransportConnector.java:262) ~[reactor-netty-core-1.2.8.jar:1.2.8]
		at io.netty.util.concurrent.DefaultPromise.notifyListener0(DefaultPromise.java:603) ~[netty-common-4.1.123.Final.jar:4.1.123.Final]
		at io.netty.util.concurrent.DefaultPromise.notifyListeners0(DefaultPromise.java:596) ~[netty-common-4.1.123.Final.jar:4.1.123.Final]
		at io.netty.util.concurrent.DefaultPromise.notifyListenersNow(DefaultPromise.java:572) ~[netty-common-4.1.123.Final.jar:4.1.123.Final]
		at io.netty.util.concurrent.DefaultPromise.notifyListeners(DefaultPromise.java:505) ~[netty-common-4.1.123.Final.jar:4.1.123.Final]
		at io.netty.util.concurrent.DefaultPromise.setValue0(DefaultPromise.java:649) ~[netty-common-4.1.123.Final.jar:4.1.123.Final]
		at io.netty.util.concurrent.DefaultPromise.setFailure0(DefaultPromise.java:642) ~[netty-common-4.1.123.Final.jar:4.1.123.Final]
		at io.netty.util.concurrent.DefaultPromise.tryFailure(DefaultPromise.java:131) ~[netty-common-4.1.123.Final.jar:4.1.123.Final]
		at io.netty.channel.nio.AbstractNioChannel$AbstractNioUnsafe.fulfillConnectPromise(AbstractNioChannel.java:326) ~[netty-transport-4.1.123.Final.jar:4.1.123.Final]
		at io.netty.channel.nio.AbstractNioChannel$AbstractNioUnsafe.finishConnect(AbstractNioChannel.java:342) ~[netty-transport-4.1.123.Final.jar:4.1.123.Final]
		at io.netty.channel.nio.NioEventLoop.processSelectedKey(NioEventLoop.java:784) ~[netty-transport-4.1.123.Final.jar:4.1.123.Final]
		at io.netty.channel.nio.NioEventLoop.processSelectedKeysOptimized(NioEventLoop.java:732) ~[netty-transport-4.1.123.Final.jar:4.1.123.Final]
		at io.netty.channel.nio.NioEventLoop.processSelectedKeys(NioEventLoop.java:658) ~[netty-transport-4.1.123.Final.jar:4.1.123.Final]
		at io.netty.channel.nio.NioEventLoop.run(NioEventLoop.java:562) ~[netty-transport-4.1.123.Final.jar:4.1.123.Final]
		at io.netty.util.concurrent.SingleThreadEventExecutor$4.run(SingleThreadEventExecutor.java:998) ~[netty-common-4.1.123.Final.jar:4.1.123.Final]
		at io.netty.util.internal.ThreadExecutorMap$2.run(ThreadExecutorMap.java:74) ~[netty-common-4.1.123.Final.jar:4.1.123.Final]
		at io.netty.util.concurrent.FastThreadLocalRunnable.run(FastThreadLocalRunnable.java:30) ~[netty-common-4.1.123.Final.jar:4.1.123.Final]
		at java.base/java.lang.Thread.run(Thread.java:1447) ~[na:na]

2025-09-04T18:50:12.831-05:00 ERROR 15784 --- [ReactiveProject] [reactor-http-nio-5] c.c.p.api.excepcions.GlobalErrorHandler  : Error capturado globalmente: 

co.com.pragma.usecase.solicitud.excepcions.UsuarioNotFoundException: Usuario con documento 1 no existe
	at co.com.pragma.usecase.solicitud.SolicitudUseCase.lambda$save$0(SolicitudUseCase.java:28) ~[main/:na]
	Suppressed: reactor.core.publisher.FluxOnAssembly$OnAssemblyException: 
Assembly trace from producer [reactor.core.publisher.MonoFlatMap] :
	reactor.core.publisher.Mono.flatMap(Mono.java:3179)
	co.com.pragma.usecase.solicitud.SolicitudUseCase.save(SolicitudUseCase.java:26)
Error has been observed at the following site(s):
	*__________Mono.flatMap ⇢ at co.com.pragma.usecase.solicitud.SolicitudUseCase.save(SolicitudUseCase.java:26)
	*__________Mono.flatMap ⇢ at co.com.pragma.api.Handler.registrarSolicitud(Handler.java:49)
	|_         Mono.flatMap ⇢ at co.com.pragma.api.Handler.registrarSolicitud(Handler.java:55)
	|_   Mono.doOnSubscribe ⇢ at co.com.pragma.api.Handler.registrarSolicitud(Handler.java:59)
	|_     Mono.doOnSuccess ⇢ at co.com.pragma.api.Handler.registrarSolicitud(Handler.java:60)
	|_       Mono.doOnError ⇢ at co.com.pragma.api.Handler.registrarSolicitud(Handler.java:61)
	|_             Mono.map ⇢ at org.springframework.web.reactive.function.server.support.HandlerFunctionAdapter.handle(HandlerFunctionAdapter.java:62)
	|_   Mono.onErrorResume ⇢ at org.springframework.web.reactive.DispatcherHandler.handleResultMono(DispatcherHandler.java:168)
	|_         Mono.flatMap ⇢ at org.springframework.web.reactive.DispatcherHandler.handleResultMono(DispatcherHandler.java:172)
	*____________Mono.error ⇢ at org.springframework.web.reactive.result.method.annotation.RequestMappingHandlerAdapter.handleException(RequestMappingHandlerAdapter.java:340)
	*__________Mono.flatMap ⇢ at org.springframework.web.reactive.DispatcherHandler.handle(DispatcherHandler.java:154)
	*____________Mono.defer ⇢ at org.springframework.web.server.handler.DefaultWebFilterChain.filter(DefaultWebFilterChain.java:106)
	|_           checkpoint ⇢ org.springframework.web.cors.reactive.CorsWebFilter [DefaultWebFilterChain]
	*____________Mono.defer ⇢ at org.springframework.web.server.handler.DefaultWebFilterChain.filter(DefaultWebFilterChain.java:106)
	|_           checkpoint ⇢ co.com.pragma.api.config.SecurityHeadersConfig [DefaultWebFilterChain]
	*____________Mono.defer ⇢ at org.springframework.web.server.handler.DefaultWebFilterChain.filter(DefaultWebFilterChain.java:106)
	|_     Mono.doOnSuccess ⇢ at org.springframework.security.web.server.ObservationWebFilterChainDecorator$WebFilterObservation$SimpleWebFilterObservation.lambda$wrap$6(ObservationWebFilterChainDecorator.java:560)
	|_      Mono.doOnCancel ⇢ at org.springframework.security.web.server.ObservationWebFilterChainDecorator$WebFilterObservation$SimpleWebFilterObservation.lambda$wrap$6(ObservationWebFilterChainDecorator.java:561)
	|_       Mono.doOnError ⇢ at org.springframework.security.web.server.ObservationWebFilterChainDecorator$WebFilterObservation$SimpleWebFilterObservation.lambda$wrap$6(ObservationWebFilterChainDecorator.java:562)
	|_    Mono.contextWrite ⇢ at org.springframework.security.web.server.ObservationWebFilterChainDecorator$WebFilterObservation$SimpleWebFilterObservation.lambda$wrap$6(ObservationWebFilterChainDecorator.java:566)
	|_     Mono.doOnSuccess ⇢ at org.springframework.security.web.server.ObservationWebFilterChainDecorator$AroundWebFilterObservation$SimpleAroundWebFilterObservation.lambda$wrap$2(ObservationWebFilterChainDecorator.java:351)
	|_      Mono.doOnCancel ⇢ at org.springframework.security.web.server.ObservationWebFilterChainDecorator$AroundWebFilterObservation$SimpleAroundWebFilterObservation.lambda$wrap$2(ObservationWebFilterChainDecorator.java:352)
	|_       Mono.doOnError ⇢ at org.springframework.security.web.server.ObservationWebFilterChainDecorator$AroundWebFilterObservation$SimpleAroundWebFilterObservation.lambda$wrap$2(ObservationWebFilterChainDecorator.java:353)
	*__Mono.deferContextual ⇢ at org.springframework.security.web.server.ObservationWebFilterChainDecorator.lambda$wrapSecured$1(ObservationWebFilterChainDecorator.java:76)
	*____________Mono.defer ⇢ at org.springframework.security.web.server.ObservationWebFilterChainDecorator$ObservationWebFilterChain.filter(ObservationWebFilterChainDecorator.java:152)
	*____Mono.switchIfEmpty ⇢ at org.springframework.security.web.server.authorization.AuthorizationWebFilter.filter(AuthorizationWebFilter.java:56)
	|_     Mono.doOnSuccess ⇢ at org.springframework.security.web.server.ObservationWebFilterChainDecorator$ObservationWebFilter.wrapFilter(ObservationWebFilterChainDecorator.java:211)
	|_           checkpoint ⇢ AuthorizationWebFilter [DefaultWebFilterChain]
	*____________Mono.defer ⇢ at org.springframework.security.web.server.ObservationWebFilterChainDecorator$ObservationWebFilterChain.filter(ObservationWebFilterChainDecorator.java:152)
	|_   Mono.onErrorResume ⇢ at org.springframework.security.web.server.authorization.ExceptionTranslationWebFilter.filter(ExceptionTranslationWebFilter.java:53)
	|_     Mono.doOnSuccess ⇢ at org.springframework.security.web.server.ObservationWebFilterChainDecorator$ObservationWebFilter.wrapFilter(ObservationWebFilterChainDecorator.java:211)
	|_           checkpoint ⇢ ExceptionTranslationWebFilter [DefaultWebFilterChain]
	*____________Mono.defer ⇢ at org.springframework.security.web.server.ObservationWebFilterChainDecorator$ObservationWebFilterChain.filter(ObservationWebFilterChainDecorator.java:152)
	*__________Mono.flatMap ⇢ at org.springframework.security.web.server.savedrequest.ServerRequestCacheWebFilter.filter(ServerRequestCacheWebFilter.java:41)
	|_     Mono.doOnSuccess ⇢ at org.springframework.security.web.server.ObservationWebFilterChainDecorator$ObservationWebFilter.wrapFilter(ObservationWebFilterChainDecorator.java:211)
	|_           checkpoint ⇢ ServerRequestCacheWebFilter [DefaultWebFilterChain]
	*____________Mono.defer ⇢ at org.springframework.security.web.server.ObservationWebFilterChainDecorator$ObservationWebFilterChain.filter(ObservationWebFilterChainDecorator.java:152)
	|_     Mono.doOnSuccess ⇢ at org.springframework.security.web.server.ObservationWebFilterChainDecorator$ObservationWebFilter.wrapFilter(ObservationWebFilterChainDecorator.java:211)
	|_           checkpoint ⇢ SecurityContextServerWebExchangeWebFilter [DefaultWebFilterChain]
	*____________Mono.defer ⇢ at org.springframework.security.web.server.ObservationWebFilterChainDecorator$ObservationWebFilterChain.filter(ObservationWebFilterChainDecorator.java:152)
	|_    Mono.contextWrite ⇢ at org.springframework.security.web.server.context.ReactorContextWebFilter.filter(ReactorContextWebFilter.java:48)
	|_     Mono.doOnSuccess ⇢ at org.springframework.security.web.server.ObservationWebFilterChainDecorator$ObservationWebFilter.wrapFilter(ObservationWebFilterChainDecorator.java:211)
	|_           checkpoint ⇢ ReactorContextWebFilter [DefaultWebFilterChain]
	*____________Mono.defer ⇢ at org.springframework.security.web.server.ObservationWebFilterChainDecorator$ObservationWebFilterChain.filter(ObservationWebFilterChainDecorator.java:152)
	|_     Mono.doOnSuccess ⇢ at org.springframework.security.web.server.ObservationWebFilterChainDecorator$ObservationWebFilter.wrapFilter(ObservationWebFilterChainDecorator.java:211)
	|_           checkpoint ⇢ HttpHeaderWriterWebFilter [DefaultWebFilterChain]
	*____________Mono.defer ⇢ at org.springframework.security.web.server.ObservationWebFilterChainDecorator$ObservationWebFilterChain.filter(ObservationWebFilterChainDecorator.java:152)
	|_    Mono.contextWrite ⇢ at org.springframework.security.config.web.server.ServerHttpSecurity$ServerWebExchangeReactorContextWebFilter.filter(ServerHttpSecurity.java:4059)
	|_     Mono.doOnSuccess ⇢ at org.springframework.security.web.server.ObservationWebFilterChainDecorator$ObservationWebFilter.wrapFilter(ObservationWebFilterChainDecorator.java:211)
	|_     Mono.doOnSuccess ⇢ at org.springframework.security.web.server.ObservationWebFilterChainDecorator$AroundWebFilterObservation$SimpleAroundWebFilterObservation.lambda$wrap$6(ObservationWebFilterChainDecorator.java:367)
	|_      Mono.doOnCancel ⇢ at org.springframework.security.web.server.ObservationWebFilterChainDecorator$AroundWebFilterObservation$SimpleAroundWebFilterObservation.lambda$wrap$6(ObservationWebFilterChainDecorator.java:368)
	|_       Mono.doOnError ⇢ at org.springframework.security.web.server.ObservationWebFilterChainDecorator$AroundWebFilterObservation$SimpleAroundWebFilterObservation.lambda$wrap$6(ObservationWebFilterChainDecorator.java:369)
	|_    Mono.contextWrite ⇢ at org.springframework.security.web.server.ObservationWebFilterChainDecorator$AroundWebFilterObservation$SimpleAroundWebFilterObservation.lambda$wrap$6(ObservationWebFilterChainDecorator.java:373)
	*__Mono.deferContextual ⇢ at org.springframework.security.web.server.ObservationWebFilterChainDecorator$ObservationWebFilter.filter(ObservationWebFilterChainDecorator.java:193)
	|_           checkpoint ⇢ ServerWebExchangeReactorContextWebFilter [DefaultWebFilterChain]
	*____________Mono.defer ⇢ at org.springframework.security.web.server.ObservationWebFilterChainDecorator$ObservationWebFilterChain.filter(ObservationWebFilterChainDecorator.java:152)
	*__________Mono.flatMap ⇢ at org.springframework.security.web.server.WebFilterChainProxy.filterFirewalledExchange(WebFilterChainProxy.java:78)
	*__________Mono.flatMap ⇢ at org.springframework.security.web.server.WebFilterChainProxy.filter(WebFilterChainProxy.java:65)
	|_   Mono.onErrorResume ⇢ at org.springframework.security.web.server.WebFilterChainProxy.filter(WebFilterChainProxy.java:66)
	|_           checkpoint ⇢ org.springframework.security.web.server.WebFilterChainProxy [DefaultWebFilterChain]
	*____________Mono.defer ⇢ at org.springframework.web.server.handler.DefaultWebFilterChain.filter(DefaultWebFilterChain.java:106)
	|_       Mono.doOnError ⇢ at org.springframework.web.server.handler.ExceptionHandlingWebHandler.handle(ExceptionHandlingWebHandler.java:84)
	|_   Mono.onErrorResume ⇢ at org.springframework.web.server.handler.ExceptionHandlingWebHandler.handle(ExceptionHandlingWebHandler.java:85)
	|_       Mono.doOnError ⇢ at org.springframework.web.server.handler.ExceptionHandlingWebHandler.handle(ExceptionHandlingWebHandler.java:84)
	*____________Mono.error ⇢ at org.springframework.web.server.handler.ExceptionHandlingWebHandler$CheckpointInsertingHandler.handle(ExceptionHandlingWebHandler.java:106)
	|_           checkpoint ⇢ HTTP POST "/api/v1/solicitud" [ExceptionHandlingWebHandler]
Original Stack Trace:
		at co.com.pragma.usecase.solicitud.SolicitudUseCase.lambda$save$0(SolicitudUseCase.java:28) ~[main/:na]
		at reactor.core.publisher.MonoFlatMap$FlatMapMain.onNext(MonoFlatMap.java:132) ~[reactor-core-3.7.8.jar:3.7.8]
		at io.github.resilience4j.reactor.circuitbreaker.operator.CircuitBreakerSubscriber.hookOnNext(CircuitBreakerSubscriber.java:59) ~[resilience4j-reactor-2.3.0.jar:2.3.0]
		at reactor.core.publisher.BaseSubscriber.onNext(BaseSubscriber.java:160) ~[reactor-core-3.7.8.jar:3.7.8]
		at reactor.core.publisher.MonoPeekTerminal$MonoTerminalPeekSubscriber.onNext(MonoPeekTerminal.java:180) ~[reactor-core-3.7.8.jar:3.7.8]
		at reactor.core.publisher.FluxPeekFuseable$PeekFuseableConditionalSubscriber.onNext(FluxPeekFuseable.java:503) ~[reactor-core-3.7.8.jar:3.7.8]
		at reactor.core.publisher.FluxOnErrorResume$ResumeSubscriber.onNext(FluxOnErrorResume.java:79) ~[reactor-core-3.7.8.jar:3.7.8]
		at reactor.core.publisher.Operators$ScalarSubscription.request(Operators.java:2570) ~[reactor-core-3.7.8.jar:3.7.8]
		at reactor.core.publisher.Operators$MultiSubscriptionSubscriber.set(Operators.java:2366) ~[reactor-core-3.7.8.jar:3.7.8]
		at reactor.core.publisher.FluxOnErrorResume$ResumeSubscriber.onSubscribe(FluxOnErrorResume.java:74) ~[reactor-core-3.7.8.jar:3.7.8]
		at reactor.core.publisher.MonoJust.subscribe(MonoJust.java:55) ~[reactor-core-3.7.8.jar:3.7.8]
		at reactor.core.publisher.Mono.subscribe(Mono.java:4576) ~[reactor-core-3.7.8.jar:3.7.8]
		at reactor.core.publisher.FluxOnErrorResume$ResumeSubscriber.onError(FluxOnErrorResume.java:103) ~[reactor-core-3.7.8.jar:3.7.8]
		at reactor.core.publisher.FluxMapFuseable$MapFuseableSubscriber.onError(FluxMapFuseable.java:142) ~[reactor-core-3.7.8.jar:3.7.8]
		at reactor.core.publisher.FluxPeekFuseable$PeekFuseableSubscriber.onError(FluxPeekFuseable.java:234) ~[reactor-core-3.7.8.jar:3.7.8]
		at reactor.core.publisher.MonoFlatMap$FlatMapMain.onError(MonoFlatMap.java:180) ~[reactor-core-3.7.8.jar:3.7.8]
		at reactor.core.publisher.FluxContextWrite$ContextWriteSubscriber.onError(FluxContextWrite.java:121) ~[reactor-core-3.7.8.jar:3.7.8]
		at reactor.core.publisher.FluxDoFinally$DoFinallySubscriber.onError(FluxDoFinally.java:119) ~[reactor-core-3.7.8.jar:3.7.8]
		at reactor.core.publisher.MonoPeekTerminal$MonoTerminalPeekSubscriber.onError(MonoPeekTerminal.java:258) ~[reactor-core-3.7.8.jar:3.7.8]
		at reactor.core.publisher.FluxPeekFuseable$PeekFuseableConditionalSubscriber.onError(FluxPeekFuseable.java:553) ~[reactor-core-3.7.8.jar:3.7.8]
		at reactor.core.publisher.Operators$MultiSubscriptionSubscriber.onError(Operators.java:2235) ~[reactor-core-3.7.8.jar:3.7.8]
		at reactor.core.publisher.FluxPeekFuseable$PeekFuseableSubscriber.onError(FluxPeekFuseable.java:234) ~[reactor-core-3.7.8.jar:3.7.8]
		at reactor.core.publisher.FluxMapFuseable$MapFuseableSubscriber.onError(FluxMapFuseable.java:142) ~[reactor-core-3.7.8.jar:3.7.8]
		at reactor.core.publisher.FluxOnErrorResume$ResumeSubscriber.onError(FluxOnErrorResume.java:106) ~[reactor-core-3.7.8.jar:3.7.8]
		at reactor.core.publisher.Operators.error(Operators.java:198) ~[reactor-core-3.7.8.jar:3.7.8]
		at reactor.core.publisher.MonoErrorSupplied.subscribe(MonoErrorSupplied.java:56) ~[reactor-core-3.7.8.jar:3.7.8]
		at reactor.core.publisher.Mono.subscribe(Mono.java:4576) ~[reactor-core-3.7.8.jar:3.7.8]
		at reactor.core.publisher.FluxOnErrorResume$ResumeSubscriber.onError(FluxOnErrorResume.java:103) ~[reactor-core-3.7.8.jar:3.7.8]
		at reactor.core.publisher.FluxPeekFuseable$PeekFuseableSubscriber.onError(FluxPeekFuseable.java:234) ~[reactor-core-3.7.8.jar:3.7.8]
		at reactor.core.publisher.FluxPeekFuseable$PeekFuseableSubscriber.onError(FluxPeekFuseable.java:234) ~[reactor-core-3.7.8.jar:3.7.8]
		at reactor.core.publisher.FluxPeekFuseable$PeekFuseableSubscriber.onError(FluxPeekFuseable.java:234) ~[reactor-core-3.7.8.jar:3.7.8]
		at reactor.core.publisher.MonoNext$NextSubscriber.onError(MonoNext.java:93) ~[reactor-core-3.7.8.jar:3.7.8]
		at reactor.core.publisher.MonoFlatMapMany$FlatMapManyMain.onError(MonoFlatMapMany.java:205) ~[reactor-core-3.7.8.jar:3.7.8]
		at reactor.core.publisher.SerializedSubscriber.onError(SerializedSubscriber.java:124) ~[reactor-core-3.7.8.jar:3.7.8]
		at reactor.core.publisher.FluxRetryWhen$RetryWhenMainSubscriber.whenError(FluxRetryWhen.java:229) ~[reactor-core-3.7.8.jar:3.7.8]
		at reactor.core.publisher.FluxRetryWhen$RetryWhenOtherSubscriber.onError(FluxRetryWhen.java:279) ~[reactor-core-3.7.8.jar:3.7.8]
		at reactor.core.publisher.FluxContextWrite$ContextWriteSubscriber.onError(FluxContextWrite.java:121) ~[reactor-core-3.7.8.jar:3.7.8]
		at reactor.core.publisher.FluxConcatMapNoPrefetch$FluxConcatMapNoPrefetchSubscriber.maybeOnError(FluxConcatMapNoPrefetch.java:327) ~[reactor-core-3.7.8.jar:3.7.8]
		at reactor.core.publisher.FluxConcatMapNoPrefetch$FluxConcatMapNoPrefetchSubscriber.onNext(FluxConcatMapNoPrefetch.java:212) ~[reactor-core-3.7.8.jar:3.7.8]
		at reactor.core.publisher.FluxContextWrite$ContextWriteSubscriber.onNext(FluxContextWrite.java:107) ~[reactor-core-3.7.8.jar:3.7.8]
		at reactor.core.publisher.SinkManyEmitterProcessor.drain(SinkManyEmitterProcessor.java:476) ~[reactor-core-3.7.8.jar:3.7.8]
		at reactor.core.publisher.SinkManyEmitterProcessor$EmitterInner.drainParent(SinkManyEmitterProcessor.java:620) ~[reactor-core-3.7.8.jar:3.7.8]
		at reactor.core.publisher.FluxPublish$PubSubInner.request(FluxPublish.java:874) ~[reactor-core-3.7.8.jar:3.7.8]
		at reactor.core.publisher.FluxContextWrite$ContextWriteSubscriber.request(FluxContextWrite.java:136) ~[reactor-core-3.7.8.jar:3.7.8]
		at reactor.core.publisher.FluxConcatMapNoPrefetch$FluxConcatMapNoPrefetchSubscriber.request(FluxConcatMapNoPrefetch.java:337) ~[reactor-core-3.7.8.jar:3.7.8]
		at reactor.core.publisher.FluxContextWrite$ContextWriteSubscriber.request(FluxContextWrite.java:136) ~[reactor-core-3.7.8.jar:3.7.8]
		at reactor.core.publisher.Operators$DeferredSubscription.request(Operators.java:1742) ~[reactor-core-3.7.8.jar:3.7.8]
		at reactor.core.publisher.FluxRetryWhen$RetryWhenMainSubscriber.onError(FluxRetryWhen.java:196) ~[reactor-core-3.7.8.jar:3.7.8]
		at reactor.core.publisher.MonoCreate$DefaultMonoSink.error(MonoCreate.java:205) ~[reactor-core-3.7.8.jar:3.7.8]
		at reactor.netty.http.client.HttpClientConnect$MonoHttpConnect$ClientTransportSubscriber.onError(HttpClientConnect.java:325) ~[reactor-netty-http-1.2.8.jar:1.2.8]
		at reactor.core.publisher.MonoCreate$DefaultMonoSink.error(MonoCreate.java:205) ~[reactor-core-3.7.8.jar:3.7.8]
		at reactor.netty.resources.DefaultPooledConnectionProvider$DisposableAcquire.onError(DefaultPooledConnectionProvider.java:174) ~[reactor-netty-core-1.2.8.jar:1.2.8]
		at reactor.netty.internal.shaded.reactor.pool.AbstractPool$Borrower.fail(AbstractPool.java:479) ~[reactor-netty-core-1.2.8.jar:1.2.8]
		at reactor.netty.internal.shaded.reactor.pool.SimpleDequePool.lambda$drainLoop$9(SimpleDequePool.java:443) ~[reactor-netty-core-1.2.8.jar:1.2.8]
		at reactor.core.publisher.FluxDoOnEach$DoOnEachSubscriber.onError(FluxDoOnEach.java:186) ~[reactor-core-3.7.8.jar:3.7.8]
		at reactor.core.publisher.MonoCreate$DefaultMonoSink.error(MonoCreate.java:205) ~[reactor-core-3.7.8.jar:3.7.8]
		at reactor.netty.resources.DefaultPooledConnectionProvider$PooledConnectionAllocator$PooledConnectionInitializer.onError(DefaultPooledConnectionProvider.java:593) ~[reactor-netty-core-1.2.8.jar:1.2.8]
		at reactor.core.publisher.MonoFlatMap$FlatMapMain.secondError(MonoFlatMap.java:241) ~[reactor-core-3.7.8.jar:3.7.8]
		at reactor.core.publisher.MonoFlatMap$FlatMapInner.onError(MonoFlatMap.java:315) ~[reactor-core-3.7.8.jar:3.7.8]
		at reactor.core.publisher.FluxOnErrorResume$ResumeSubscriber.onError(FluxOnErrorResume.java:106) ~[reactor-core-3.7.8.jar:3.7.8]
		at reactor.core.publisher.Operators.error(Operators.java:198) ~[reactor-core-3.7.8.jar:3.7.8]
		at reactor.core.publisher.MonoError.subscribe(MonoError.java:53) ~[reactor-core-3.7.8.jar:3.7.8]
		at reactor.core.publisher.Mono.subscribe(Mono.java:4576) ~[reactor-core-3.7.8.jar:3.7.8]
		at reactor.core.publisher.FluxOnErrorResume$ResumeSubscriber.onError(FluxOnErrorResume.java:103) ~[reactor-core-3.7.8.jar:3.7.8]
		at reactor.netty.transport.TransportConnector$MonoChannelPromise.tryFailure(TransportConnector.java:600) ~[reactor-netty-core-1.2.8.jar:1.2.8]
		at reactor.netty.transport.TransportConnector$MonoChannelPromise.setFailure(TransportConnector.java:546) ~[reactor-netty-core-1.2.8.jar:1.2.8]
		at reactor.netty.transport.TransportConnector.lambda$doConnect$7(TransportConnector.java:262) ~[reactor-netty-core-1.2.8.jar:1.2.8]
		at io.netty.util.concurrent.DefaultPromise.notifyListener0(DefaultPromise.java:603) ~[netty-common-4.1.123.Final.jar:4.1.123.Final]
		at io.netty.util.concurrent.DefaultPromise.notifyListeners0(DefaultPromise.java:596) ~[netty-common-4.1.123.Final.jar:4.1.123.Final]
		at io.netty.util.concurrent.DefaultPromise.notifyListenersNow(DefaultPromise.java:572) ~[netty-common-4.1.123.Final.jar:4.1.123.Final]
		at io.netty.util.concurrent.DefaultPromise.notifyListeners(DefaultPromise.java:505) ~[netty-common-4.1.123.Final.jar:4.1.123.Final]
		at io.netty.util.concurrent.DefaultPromise.setValue0(DefaultPromise.java:649) ~[netty-common-4.1.123.Final.jar:4.1.123.Final]
		at io.netty.util.concurrent.DefaultPromise.setFailure0(DefaultPromise.java:642) ~[netty-common-4.1.123.Final.jar:4.1.123.Final]
		at io.netty.util.concurrent.DefaultPromise.tryFailure(DefaultPromise.java:131) ~[netty-common-4.1.123.Final.jar:4.1.123.Final]
		at io.netty.channel.nio.AbstractNioChannel$AbstractNioUnsafe.fulfillConnectPromise(AbstractNioChannel.java:326) ~[netty-transport-4.1.123.Final.jar:4.1.123.Final]
		at io.netty.channel.nio.AbstractNioChannel$AbstractNioUnsafe.finishConnect(AbstractNioChannel.java:342) ~[netty-transport-4.1.123.Final.jar:4.1.123.Final]
		at io.netty.channel.nio.NioEventLoop.processSelectedKey(NioEventLoop.java:784) ~[netty-transport-4.1.123.Final.jar:4.1.123.Final]
		at io.netty.channel.nio.NioEventLoop.processSelectedKeysOptimized(NioEventLoop.java:732) ~[netty-transport-4.1.123.Final.jar:4.1.123.Final]
		at io.netty.channel.nio.NioEventLoop.processSelectedKeys(NioEventLoop.java:658) ~[netty-transport-4.1.123.Final.jar:4.1.123.Final]
		at io.netty.channel.nio.NioEventLoop.run(NioEventLoop.java:562) ~[netty-transport-4.1.123.Final.jar:4.1.123.Final]
		at io.netty.util.concurrent.SingleThreadEventExecutor$4.run(SingleThreadEventExecutor.java:998) ~[netty-common-4.1.123.Final.jar:4.1.123.Final]
		at io.netty.util.internal.ThreadExecutorMap$2.run(ThreadExecutorMap.java:74) ~[netty-common-4.1.123.Final.jar:4.1.123.Final]
		at io.netty.util.concurrent.FastThreadLocalRunnable.run(FastThreadLocalRunnable.java:30) ~[netty-common-4.1.123.Final.jar:4.1.123.Final]
		at java.base/java.lang.Thread.run(Thread.java:1447) ~[na:na]

2025-09-04T18:55:27.056-05:00  INFO 15784 --- [ReactiveProject] [File Watcher] rtingClassPathChangeChangedEventListener : Restarting due to 1 class path change (0 additions, 1 deletion, 0 modifications)
2025-09-04T18:55:27.273-05:00  INFO 15784 --- [ReactiveProject] [Thread-4] o.s.b.w.embedded.netty.GracefulShutdown  : Commencing graceful shutdown. Waiting for active requests to complete
2025-09-04T18:55:27.357-05:00  INFO 15784 --- [ReactiveProject] [netty-shutdown] o.s.b.w.embedded.netty.GracefulShutdown  : Graceful shutdown complete
2025-09-04T18:55:31.747-05:00  INFO 15784 --- [ReactiveProject] [restartedMain] co.com.pragma.MainApplication            : Starting MainApplication using Java 24.0.2 with PID 15784 (C:\workspace\pragma\Feature_H2_Solicitud\applications\app-service\build\classes\java\main started by r578 in C:\workspace\pragma\Feature_H2_Solicitud)
2025-09-04T18:55:31.752-05:00 DEBUG 15784 --- [ReactiveProject] [restartedMain] co.com.pragma.MainApplication            : Running with Spring Boot v3.5.4, Spring v6.2.9
2025-09-04T18:55:31.756-05:00  INFO 15784 --- [ReactiveProject] [restartedMain] co.com.pragma.MainApplication            : No active profile set, falling back to 1 default profile: "default"
2025-09-04T18:55:53.950-05:00  INFO 15784 --- [ReactiveProject] [restartedMain] .s.d.r.c.RepositoryConfigurationDelegate : Bootstrapping Spring Data R2DBC repositories in DEFAULT mode.
2025-09-04T18:55:54.241-05:00  INFO 15784 --- [ReactiveProject] [restartedMain] .s.d.r.c.RepositoryConfigurationDelegate : Finished Spring Data repository scanning in 280 ms. Found 2 R2DBC repository interfaces.
2025-09-04T18:56:00.542-05:00  WARN 15784 --- [ReactiveProject] [restartedMain] onfigReactiveWebServerApplicationContext : Exception encountered during context initialization - cancelling refresh attempt: org.springframework.beans.factory.UnsatisfiedDependencyException: Error creating bean with name 'handler' defined in file [C:\workspace\pragma\Feature_H2_Solicitud\infrastructure\entry-points\reactive-web\build\classes\java\main\co\com\pragma\api\Handler.class]: Unsatisfied dependency expressed through constructor parameter 0: No qualifying bean of type 'co.com.pragma.usecase.solicitud.SolicitudUseCase' available: expected at least 1 bean which qualifies as autowire candidate. Dependency annotations: {}
2025-09-04T18:56:00.568-05:00  INFO 15784 --- [ReactiveProject] [restartedMain] .s.b.a.l.ConditionEvaluationReportLogger : 

Error starting ApplicationContext. To display the condition evaluation report re-run your application with 'debug' enabled.
2025-09-04T18:56:00.728-05:00 ERROR 15784 --- [ReactiveProject] [restartedMain] o.s.b.d.LoggingFailureAnalysisReporter   : 

***************************
APPLICATION FAILED TO START
***************************

Description:

Parameter 0 of constructor in co.com.pragma.api.Handler required a bean of type 'co.com.pragma.usecase.solicitud.SolicitudUseCase' that could not be found.


Action:

Consider defining a bean of type 'co.com.pragma.usecase.solicitud.SolicitudUseCase' in your configuration.

2025-09-04T18:56:02.283-05:00  INFO 15784 --- [ReactiveProject] [restartedMain] co.com.pragma.MainApplication            : Starting MainApplication using Java 24.0.2 with PID 15784 (C:\workspace\pragma\Feature_H2_Solicitud\applications\app-service\build\classes\java\main started by r578 in C:\workspace\pragma\Feature_H2_Solicitud)
2025-09-04T18:56:02.285-05:00 DEBUG 15784 --- [ReactiveProject] [restartedMain] co.com.pragma.MainApplication            : Running with Spring Boot v3.5.4, Spring v6.2.9
2025-09-04T18:56:02.285-05:00  INFO 15784 --- [ReactiveProject] [restartedMain] co.com.pragma.MainApplication            : No active profile set, falling back to 1 default profile: "default"
2025-09-04T18:56:04.210-05:00  INFO 15784 --- [ReactiveProject] [restartedMain] .s.d.r.c.RepositoryConfigurationDelegate : Bootstrapping Spring Data R2DBC repositories in DEFAULT mode.
2025-09-04T18:56:04.270-05:00  INFO 15784 --- [ReactiveProject] [restartedMain] .s.d.r.c.RepositoryConfigurationDelegate : Finished Spring Data repository scanning in 55 ms. Found 2 R2DBC repository interfaces.
2025-09-04T18:56:07.101-05:00  INFO 15784 --- [ReactiveProject] [restartedMain] o.s.b.d.a.OptionalLiveReloadServer       : LiveReload server is running on port 35729
2025-09-04T18:56:19.228-05:00  INFO 15784 --- [ReactiveProject] [restartedMain] o.s.b.a.e.web.EndpointLinksResolver      : Exposing 2 endpoints beneath base path '/actuator'
2025-09-04T18:56:27.223-05:00  INFO 15784 --- [ReactiveProject] [restartedMain] o.s.b.web.embedded.netty.NettyWebServer  : Netty started on port 8081 (http)
2025-09-04T18:56:27.266-05:00  INFO 15784 --- [ReactiveProject] [restartedMain] co.com.pragma.MainApplication            : Started MainApplication in 25.065 seconds (process running for 550.401)
2025-09-04T18:56:27.404-05:00  INFO 15784 --- [ReactiveProject] [restartedMain] .ConditionEvaluationDeltaLoggingListener : Condition evaluation unchanged
2025-09-04T18:56:42.900-05:00  INFO 15784 --- [ReactiveProject] [parallel-7] co.com.pragma.api.Handler                : Solicitud POST /api/v1/solicitud
2025-09-04T18:56:42.929-05:00 DEBUG 15784 --- [ReactiveProject] [parallel-7] co.com.pragma.api.Handler                : Iniciando flujo de guardado de solicitud
2025-09-04T18:56:42.998-05:00  WARN 15784 --- [ReactiveProject] [reactor-http-nio-3] jakarta.persistence.spi                  : jakarta.persistence.spi::No valid providers found.
2025-09-04T18:56:43.168-05:00  INFO 15784 --- [ReactiveProject] [reactor-http-nio-3] co.com.pragma.api.Handler                : Petición recibida para crear peticion: RequestSolicitud[monto=33000.0, plazo=20, correoElectronico=prueba@test.com, id_estado=null, idTipoPrestamo=99, identificacion=123456]
2025-09-04T18:56:43.192-05:00 DEBUG 15784 --- [ReactiveProject] [reactor-http-nio-3] co.com.pragma.consumer.RestConsumer      : Iniciando flujo de consultar usuario
2025-09-04T18:56:43.510-05:00 ERROR 15784 --- [ReactiveProject] [reactor-http-nio-3] co.com.pragma.consumer.RestConsumer      : Fallo al validar usuario: 401 Unauthorized from GET http://localhost:8080/api/v1/usuarios/123456
2025-09-04T18:56:43.513-05:00 DEBUG 15784 --- [ReactiveProject] [reactor-http-nio-3] co.com.pragma.consumer.RestConsumer      : Respuesta correctamente
2025-09-04T18:56:43.524-05:00 ERROR 15784 --- [ReactiveProject] [reactor-http-nio-3] co.com.pragma.api.Handler                : Error al guardar la solicitud

co.com.pragma.usecase.solicitud.excepcions.UsuarioNotFoundException: Usuario con documento 123456 no existe
	at co.com.pragma.usecase.solicitud.SolicitudUseCase.lambda$save$0(SolicitudUseCase.java:28) ~[main/:na]
	Suppressed: reactor.core.publisher.FluxOnAssembly$OnAssemblyException: 
Assembly trace from producer [reactor.core.publisher.MonoFlatMap] :
	reactor.core.publisher.Mono.flatMap(Mono.java:3179)
	co.com.pragma.usecase.solicitud.SolicitudUseCase.save(SolicitudUseCase.java:26)
Error has been observed at the following site(s):
	*________Mono.flatMap ⇢ at co.com.pragma.usecase.solicitud.SolicitudUseCase.save(SolicitudUseCase.java:26)
	*________Mono.flatMap ⇢ at co.com.pragma.api.Handler.registrarSolicitud(Handler.java:49)
	|_       Mono.flatMap ⇢ at co.com.pragma.api.Handler.registrarSolicitud(Handler.java:55)
	|_ Mono.doOnSubscribe ⇢ at co.com.pragma.api.Handler.registrarSolicitud(Handler.java:59)
	|_   Mono.doOnSuccess ⇢ at co.com.pragma.api.Handler.registrarSolicitud(Handler.java:60)
Original Stack Trace:
		at co.com.pragma.usecase.solicitud.SolicitudUseCase.lambda$save$0(SolicitudUseCase.java:28) ~[main/:na]
		at reactor.core.publisher.MonoFlatMap$FlatMapMain.onNext(MonoFlatMap.java:132) ~[reactor-core-3.7.8.jar:3.7.8]
		at io.github.resilience4j.reactor.circuitbreaker.operator.CircuitBreakerSubscriber.hookOnNext(CircuitBreakerSubscriber.java:59) ~[resilience4j-reactor-2.3.0.jar:2.3.0]
		at reactor.core.publisher.BaseSubscriber.onNext(BaseSubscriber.java:160) ~[reactor-core-3.7.8.jar:3.7.8]
		at reactor.core.publisher.MonoPeekTerminal$MonoTerminalPeekSubscriber.onNext(MonoPeekTerminal.java:180) ~[reactor-core-3.7.8.jar:3.7.8]
		at reactor.core.publisher.FluxPeekFuseable$PeekFuseableConditionalSubscriber.onNext(FluxPeekFuseable.java:503) ~[reactor-core-3.7.8.jar:3.7.8]
		at reactor.core.publisher.FluxOnErrorResume$ResumeSubscriber.onNext(FluxOnErrorResume.java:79) ~[reactor-core-3.7.8.jar:3.7.8]
		at reactor.core.publisher.Operators$ScalarSubscription.request(Operators.java:2570) ~[reactor-core-3.7.8.jar:3.7.8]
		at reactor.core.publisher.Operators$MultiSubscriptionSubscriber.set(Operators.java:2366) ~[reactor-core-3.7.8.jar:3.7.8]
		at reactor.core.publisher.FluxOnErrorResume$ResumeSubscriber.onSubscribe(FluxOnErrorResume.java:74) ~[reactor-core-3.7.8.jar:3.7.8]
		at reactor.core.publisher.MonoJust.subscribe(MonoJust.java:55) ~[reactor-core-3.7.8.jar:3.7.8]
		at reactor.core.publisher.Mono.subscribe(Mono.java:4576) ~[reactor-core-3.7.8.jar:3.7.8]
		at reactor.core.publisher.FluxOnErrorResume$ResumeSubscriber.onError(FluxOnErrorResume.java:103) ~[reactor-core-3.7.8.jar:3.7.8]
		at reactor.core.publisher.FluxMapFuseable$MapFuseableSubscriber.onError(FluxMapFuseable.java:142) ~[reactor-core-3.7.8.jar:3.7.8]
		at reactor.core.publisher.FluxPeekFuseable$PeekFuseableSubscriber.onError(FluxPeekFuseable.java:234) ~[reactor-core-3.7.8.jar:3.7.8]
		at reactor.core.publisher.MonoFlatMap$FlatMapMain.secondError(MonoFlatMap.java:241) ~[reactor-core-3.7.8.jar:3.7.8]
		at reactor.core.publisher.MonoFlatMap$FlatMapInner.onError(MonoFlatMap.java:315) ~[reactor-core-3.7.8.jar:3.7.8]
		at reactor.core.publisher.Operators$MultiSubscriptionSubscriber.onError(Operators.java:2235) ~[reactor-core-3.7.8.jar:3.7.8]
		at reactor.core.publisher.MonoFlatMap$FlatMapMain.onError(MonoFlatMap.java:180) ~[reactor-core-3.7.8.jar:3.7.8]
		at reactor.core.publisher.FluxOnErrorResume$ResumeSubscriber.onError(FluxOnErrorResume.java:106) ~[reactor-core-3.7.8.jar:3.7.8]
		at reactor.core.publisher.MonoIgnoreThen$ThenIgnoreMain.onError(MonoIgnoreThen.java:280) ~[reactor-core-3.7.8.jar:3.7.8]
		at reactor.core.publisher.MonoIgnoreThen$ThenIgnoreMain.subscribeNext(MonoIgnoreThen.java:232) ~[reactor-core-3.7.8.jar:3.7.8]
		at reactor.core.publisher.MonoIgnoreThen$ThenIgnoreMain.onComplete(MonoIgnoreThen.java:204) ~[reactor-core-3.7.8.jar:3.7.8]
		at reactor.core.publisher.FluxOnErrorReturn$ReturnSubscriber.onComplete(FluxOnErrorReturn.java:169) ~[reactor-core-3.7.8.jar:3.7.8]
		at reactor.core.publisher.MonoIgnoreElements$IgnoreElementsSubscriber.onComplete(MonoIgnoreElements.java:89) ~[reactor-core-3.7.8.jar:3.7.8]
		at reactor.core.publisher.FluxMapFuseable$MapFuseableSubscriber.onComplete(FluxMapFuseable.java:152) ~[reactor-core-3.7.8.jar:3.7.8]
		at reactor.core.publisher.FluxMapFuseable$MapFuseableSubscriber.onComplete(FluxMapFuseable.java:152) ~[reactor-core-3.7.8.jar:3.7.8]
		at reactor.core.publisher.FluxPeekFuseable$PeekFuseableSubscriber.onComplete(FluxPeekFuseable.java:277) ~[reactor-core-3.7.8.jar:3.7.8]
		at reactor.core.publisher.FluxMap$MapSubscriber.onComplete(FluxMap.java:144) ~[reactor-core-3.7.8.jar:3.7.8]
		at reactor.core.publisher.Operators.complete(Operators.java:137) ~[reactor-core-3.7.8.jar:3.7.8]
		at reactor.netty.channel.FluxReceive.startReceiver(FluxReceive.java:179) ~[reactor-netty-core-1.2.8.jar:1.2.8]
		at reactor.netty.channel.FluxReceive.subscribe(FluxReceive.java:145) ~[reactor-netty-core-1.2.8.jar:1.2.8]
		at reactor.core.publisher.InternalFluxOperator.subscribe(InternalFluxOperator.java:68) ~[reactor-core-3.7.8.jar:3.7.8]
		at reactor.netty.ByteBufFlux.subscribe(ByteBufFlux.java:340) ~[reactor-netty-core-1.2.8.jar:1.2.8]
		at reactor.core.publisher.Mono.subscribe(Mono.java:4576) ~[reactor-core-3.7.8.jar:3.7.8]
		at reactor.core.publisher.MonoIgnoreThen$ThenIgnoreMain.subscribeNext(MonoIgnoreThen.java:265) ~[reactor-core-3.7.8.jar:3.7.8]
		at reactor.core.publisher.MonoIgnoreThen.subscribe(MonoIgnoreThen.java:51) ~[reactor-core-3.7.8.jar:3.7.8]
		at reactor.core.publisher.Mono.subscribe(Mono.java:4576) ~[reactor-core-3.7.8.jar:3.7.8]
		at reactor.core.publisher.FluxOnErrorResume$ResumeSubscriber.onError(FluxOnErrorResume.java:103) ~[reactor-core-3.7.8.jar:3.7.8]
		at reactor.core.publisher.MonoFlatMap$FlatMapMain.secondError(MonoFlatMap.java:241) ~[reactor-core-3.7.8.jar:3.7.8]
		at reactor.core.publisher.MonoFlatMap$FlatMapInner.onError(MonoFlatMap.java:315) ~[reactor-core-3.7.8.jar:3.7.8]
		at reactor.core.publisher.MonoIgnoreThen$ThenIgnoreMain.onError(MonoIgnoreThen.java:280) ~[reactor-core-3.7.8.jar:3.7.8]
		at reactor.core.publisher.MonoIgnoreThen$ThenIgnoreMain.subscribeNext(MonoIgnoreThen.java:232) ~[reactor-core-3.7.8.jar:3.7.8]
		at reactor.core.publisher.MonoIgnoreThen$ThenIgnoreMain.onComplete(MonoIgnoreThen.java:204) ~[reactor-core-3.7.8.jar:3.7.8]
		at reactor.core.publisher.FluxOnErrorReturn$ReturnSubscriber.onComplete(FluxOnErrorReturn.java:169) ~[reactor-core-3.7.8.jar:3.7.8]
		at reactor.core.publisher.MonoIgnoreElements$IgnoreElementsSubscriber.onComplete(MonoIgnoreElements.java:89) ~[reactor-core-3.7.8.jar:3.7.8]
		at reactor.core.publisher.FluxMapFuseable$MapFuseableSubscriber.onComplete(FluxMapFuseable.java:152) ~[reactor-core-3.7.8.jar:3.7.8]
		at reactor.core.publisher.FluxMapFuseable$MapFuseableSubscriber.onComplete(FluxMapFuseable.java:152) ~[reactor-core-3.7.8.jar:3.7.8]
		at reactor.core.publisher.FluxPeekFuseable$PeekFuseableSubscriber.onComplete(FluxPeekFuseable.java:277) ~[reactor-core-3.7.8.jar:3.7.8]
		at reactor.core.publisher.FluxMap$MapSubscriber.onComplete(FluxMap.java:144) ~[reactor-core-3.7.8.jar:3.7.8]
		at reactor.core.publisher.Operators.complete(Operators.java:137) ~[reactor-core-3.7.8.jar:3.7.8]
		at reactor.netty.channel.FluxReceive.startReceiver(FluxReceive.java:179) ~[reactor-netty-core-1.2.8.jar:1.2.8]
		at reactor.netty.channel.FluxReceive.subscribe(FluxReceive.java:145) ~[reactor-netty-core-1.2.8.jar:1.2.8]
		at reactor.core.publisher.InternalFluxOperator.subscribe(InternalFluxOperator.java:68) ~[reactor-core-3.7.8.jar:3.7.8]
		at reactor.netty.ByteBufFlux.subscribe(ByteBufFlux.java:340) ~[reactor-netty-core-1.2.8.jar:1.2.8]
		at reactor.core.publisher.Mono.subscribe(Mono.java:4576) ~[reactor-core-3.7.8.jar:3.7.8]
		at reactor.core.publisher.MonoIgnoreThen$ThenIgnoreMain.subscribeNext(MonoIgnoreThen.java:265) ~[reactor-core-3.7.8.jar:3.7.8]
		at reactor.core.publisher.MonoIgnoreThen.subscribe(MonoIgnoreThen.java:51) ~[reactor-core-3.7.8.jar:3.7.8]
		at reactor.core.publisher.InternalMonoOperator.subscribe(InternalMonoOperator.java:76) ~[reactor-core-3.7.8.jar:3.7.8]
		at reactor.core.publisher.MonoFlatMap$FlatMapMain.onNext(MonoFlatMap.java:165) ~[reactor-core-3.7.8.jar:3.7.8]
		at reactor.core.publisher.FluxMapFuseable$MapFuseableSubscriber.onNext(FluxMapFuseable.java:129) ~[reactor-core-3.7.8.jar:3.7.8]
		at reactor.core.publisher.FluxOnErrorReturn$ReturnSubscriber.onNext(FluxOnErrorReturn.java:162) ~[reactor-core-3.7.8.jar:3.7.8]
		at reactor.core.publisher.Operators$BaseFluxToMonoOperator.completePossiblyEmpty(Operators.java:2096) ~[reactor-core-3.7.8.jar:3.7.8]
		at reactor.core.publisher.FluxDefaultIfEmpty$DefaultIfEmptySubscriber.onComplete(FluxDefaultIfEmpty.java:134) ~[reactor-core-3.7.8.jar:3.7.8]
		at reactor.core.publisher.FluxMapFuseable$MapFuseableSubscriber.onComplete(FluxMapFuseable.java:152) ~[reactor-core-3.7.8.jar:3.7.8]
		at reactor.core.publisher.FluxContextWrite$ContextWriteSubscriber.onComplete(FluxContextWrite.java:126) ~[reactor-core-3.7.8.jar:3.7.8]
		at reactor.core.publisher.FluxMapFuseable$MapFuseableConditionalSubscriber.onComplete(FluxMapFuseable.java:350) ~[reactor-core-3.7.8.jar:3.7.8]
		at reactor.core.publisher.FluxFilterFuseable$FilterFuseableConditionalSubscriber.onComplete(FluxFilterFuseable.java:391) ~[reactor-core-3.7.8.jar:3.7.8]
		at reactor.core.publisher.Operators$BaseFluxToMonoOperator.completePossiblyEmpty(Operators.java:2097) ~[reactor-core-3.7.8.jar:3.7.8]
		at reactor.core.publisher.MonoCollect$CollectSubscriber.onComplete(MonoCollect.java:145) ~[reactor-core-3.7.8.jar:3.7.8]
		at reactor.core.publisher.FluxMapFuseable$MapFuseableSubscriber.onComplete(FluxMapFuseable.java:152) ~[reactor-core-3.7.8.jar:3.7.8]
		at reactor.core.publisher.FluxPeekFuseable$PeekFuseableSubscriber.onComplete(FluxPeekFuseable.java:277) ~[reactor-core-3.7.8.jar:3.7.8]
		at reactor.core.publisher.FluxMap$MapSubscriber.onComplete(FluxMap.java:144) ~[reactor-core-3.7.8.jar:3.7.8]
		at reactor.netty.channel.FluxReceive.onInboundComplete(FluxReceive.java:413) ~[reactor-netty-core-1.2.8.jar:1.2.8]
		at reactor.netty.channel.ChannelOperations.onInboundComplete(ChannelOperations.java:455) ~[reactor-netty-core-1.2.8.jar:1.2.8]
		at reactor.netty.channel.ChannelOperations.terminate(ChannelOperations.java:509) ~[reactor-netty-core-1.2.8.jar:1.2.8]
		at reactor.netty.http.client.HttpClientOperations.onInboundNext(HttpClientOperations.java:821) ~[reactor-netty-http-1.2.8.jar:1.2.8]
		at reactor.netty.channel.ChannelOperationsHandler.channelRead(ChannelOperationsHandler.java:115) ~[reactor-netty-core-1.2.8.jar:1.2.8]
		at io.netty.channel.AbstractChannelHandlerContext.invokeChannelRead(AbstractChannelHandlerContext.java:444) ~[netty-transport-4.1.123.Final.jar:4.1.123.Final]
		at io.netty.channel.AbstractChannelHandlerContext.invokeChannelRead(AbstractChannelHandlerContext.java:420) ~[netty-transport-4.1.123.Final.jar:4.1.123.Final]
		at io.netty.channel.AbstractChannelHandlerContext.fireChannelRead(AbstractChannelHandlerContext.java:412) ~[netty-transport-4.1.123.Final.jar:4.1.123.Final]
		at io.netty.handler.timeout.IdleStateHandler.channelRead(IdleStateHandler.java:289) ~[netty-handler-4.1.123.Final.jar:4.1.123.Final]
		at io.netty.channel.AbstractChannelHandlerContext.invokeChannelRead(AbstractChannelHandlerContext.java:442) ~[netty-transport-4.1.123.Final.jar:4.1.123.Final]
		at io.netty.channel.AbstractChannelHandlerContext.invokeChannelRead(AbstractChannelHandlerContext.java:420) ~[netty-transport-4.1.123.Final.jar:4.1.123.Final]
		at io.netty.channel.AbstractChannelHandlerContext.fireChannelRead(AbstractChannelHandlerContext.java:412) ~[netty-transport-4.1.123.Final.jar:4.1.123.Final]
		at io.netty.handler.codec.MessageToMessageDecoder.channelRead(MessageToMessageDecoder.java:107) ~[netty-codec-4.1.123.Final.jar:4.1.123.Final]
		at io.netty.channel.AbstractChannelHandlerContext.invokeChannelRead(AbstractChannelHandlerContext.java:444) ~[netty-transport-4.1.123.Final.jar:4.1.123.Final]
		at io.netty.channel.AbstractChannelHandlerContext.invokeChannelRead(AbstractChannelHandlerContext.java:420) ~[netty-transport-4.1.123.Final.jar:4.1.123.Final]
		at io.netty.channel.AbstractChannelHandlerContext.fireChannelRead(AbstractChannelHandlerContext.java:412) ~[netty-transport-4.1.123.Final.jar:4.1.123.Final]
		at io.netty.channel.CombinedChannelDuplexHandler$DelegatingChannelHandlerContext.fireChannelRead(CombinedChannelDuplexHandler.java:436) ~[netty-transport-4.1.123.Final.jar:4.1.123.Final]
		at io.netty.handler.codec.ByteToMessageDecoder.fireChannelRead(ByteToMessageDecoder.java:346) ~[netty-codec-4.1.123.Final.jar:4.1.123.Final]
		at io.netty.handler.codec.ByteToMessageDecoder.channelRead(ByteToMessageDecoder.java:318) ~[netty-codec-4.1.123.Final.jar:4.1.123.Final]
		at io.netty.channel.CombinedChannelDuplexHandler.channelRead(CombinedChannelDuplexHandler.java:251) ~[netty-transport-4.1.123.Final.jar:4.1.123.Final]
		at io.netty.channel.AbstractChannelHandlerContext.invokeChannelRead(AbstractChannelHandlerContext.java:442) ~[netty-transport-4.1.123.Final.jar:4.1.123.Final]
		at io.netty.channel.AbstractChannelHandlerContext.invokeChannelRead(AbstractChannelHandlerContext.java:420) ~[netty-transport-4.1.123.Final.jar:4.1.123.Final]
		at io.netty.channel.AbstractChannelHandlerContext.fireChannelRead(AbstractChannelHandlerContext.java:412) ~[netty-transport-4.1.123.Final.jar:4.1.123.Final]
		at io.netty.channel.DefaultChannelPipeline$HeadContext.channelRead(DefaultChannelPipeline.java:1357) ~[netty-transport-4.1.123.Final.jar:4.1.123.Final]
		at io.netty.channel.AbstractChannelHandlerContext.invokeChannelRead(AbstractChannelHandlerContext.java:440) ~[netty-transport-4.1.123.Final.jar:4.1.123.Final]
		at io.netty.channel.AbstractChannelHandlerContext.invokeChannelRead(AbstractChannelHandlerContext.java:420) ~[netty-transport-4.1.123.Final.jar:4.1.123.Final]
		at io.netty.channel.DefaultChannelPipeline.fireChannelRead(DefaultChannelPipeline.java:868) ~[netty-transport-4.1.123.Final.jar:4.1.123.Final]
		at io.netty.channel.nio.AbstractNioByteChannel$NioByteUnsafe.read(AbstractNioByteChannel.java:166) ~[netty-transport-4.1.123.Final.jar:4.1.123.Final]
		at io.netty.channel.nio.NioEventLoop.processSelectedKey(NioEventLoop.java:796) ~[netty-transport-4.1.123.Final.jar:4.1.123.Final]
		at io.netty.channel.nio.NioEventLoop.processSelectedKeysOptimized(NioEventLoop.java:732) ~[netty-transport-4.1.123.Final.jar:4.1.123.Final]
		at io.netty.channel.nio.NioEventLoop.processSelectedKeys(NioEventLoop.java:658) ~[netty-transport-4.1.123.Final.jar:4.1.123.Final]
		at io.netty.channel.nio.NioEventLoop.run(NioEventLoop.java:562) ~[netty-transport-4.1.123.Final.jar:4.1.123.Final]
		at io.netty.util.concurrent.SingleThreadEventExecutor$4.run(SingleThreadEventExecutor.java:998) ~[netty-common-4.1.123.Final.jar:4.1.123.Final]
		at io.netty.util.internal.ThreadExecutorMap$2.run(ThreadExecutorMap.java:74) ~[netty-common-4.1.123.Final.jar:4.1.123.Final]
		at io.netty.util.concurrent.FastThreadLocalRunnable.run(FastThreadLocalRunnable.java:30) ~[netty-common-4.1.123.Final.jar:4.1.123.Final]
		at java.base/java.lang.Thread.run(Thread.java:1447) ~[na:na]

2025-09-04T18:56:43.702-05:00 ERROR 15784 --- [ReactiveProject] [reactor-http-nio-3] c.c.p.api.excepcions.GlobalErrorHandler  : Error capturado globalmente: 

co.com.pragma.usecase.solicitud.excepcions.UsuarioNotFoundException: Usuario con documento 123456 no existe
	at co.com.pragma.usecase.solicitud.SolicitudUseCase.lambda$save$0(SolicitudUseCase.java:28) ~[main/:na]
	Suppressed: reactor.core.publisher.FluxOnAssembly$OnAssemblyException: 
Assembly trace from producer [reactor.core.publisher.MonoFlatMap] :
	reactor.core.publisher.Mono.flatMap(Mono.java:3179)
	co.com.pragma.usecase.solicitud.SolicitudUseCase.save(SolicitudUseCase.java:26)
Error has been observed at the following site(s):
	*__________Mono.flatMap ⇢ at co.com.pragma.usecase.solicitud.SolicitudUseCase.save(SolicitudUseCase.java:26)
	*__________Mono.flatMap ⇢ at co.com.pragma.api.Handler.registrarSolicitud(Handler.java:49)
	|_         Mono.flatMap ⇢ at co.com.pragma.api.Handler.registrarSolicitud(Handler.java:55)
	|_   Mono.doOnSubscribe ⇢ at co.com.pragma.api.Handler.registrarSolicitud(Handler.java:59)
	|_     Mono.doOnSuccess ⇢ at co.com.pragma.api.Handler.registrarSolicitud(Handler.java:60)
	|_       Mono.doOnError ⇢ at co.com.pragma.api.Handler.registrarSolicitud(Handler.java:61)
	|_             Mono.map ⇢ at org.springframework.web.reactive.function.server.support.HandlerFunctionAdapter.handle(HandlerFunctionAdapter.java:62)
	|_   Mono.onErrorResume ⇢ at org.springframework.web.reactive.DispatcherHandler.handleResultMono(DispatcherHandler.java:168)
	|_         Mono.flatMap ⇢ at org.springframework.web.reactive.DispatcherHandler.handleResultMono(DispatcherHandler.java:172)
	*____________Mono.error ⇢ at org.springframework.web.reactive.result.method.annotation.RequestMappingHandlerAdapter.handleException(RequestMappingHandlerAdapter.java:340)
	*__________Mono.flatMap ⇢ at org.springframework.web.reactive.DispatcherHandler.handle(DispatcherHandler.java:154)
	*____________Mono.defer ⇢ at org.springframework.web.server.handler.DefaultWebFilterChain.filter(DefaultWebFilterChain.java:106)
	|_           checkpoint ⇢ org.springframework.web.cors.reactive.CorsWebFilter [DefaultWebFilterChain]
	*____________Mono.defer ⇢ at org.springframework.web.server.handler.DefaultWebFilterChain.filter(DefaultWebFilterChain.java:106)
	|_           checkpoint ⇢ co.com.pragma.api.config.SecurityHeadersConfig [DefaultWebFilterChain]
	*____________Mono.defer ⇢ at org.springframework.web.server.handler.DefaultWebFilterChain.filter(DefaultWebFilterChain.java:106)
	|_     Mono.doOnSuccess ⇢ at org.springframework.security.web.server.ObservationWebFilterChainDecorator$WebFilterObservation$SimpleWebFilterObservation.lambda$wrap$6(ObservationWebFilterChainDecorator.java:560)
	|_      Mono.doOnCancel ⇢ at org.springframework.security.web.server.ObservationWebFilterChainDecorator$WebFilterObservation$SimpleWebFilterObservation.lambda$wrap$6(ObservationWebFilterChainDecorator.java:561)
	|_       Mono.doOnError ⇢ at org.springframework.security.web.server.ObservationWebFilterChainDecorator$WebFilterObservation$SimpleWebFilterObservation.lambda$wrap$6(ObservationWebFilterChainDecorator.java:562)
	|_    Mono.contextWrite ⇢ at org.springframework.security.web.server.ObservationWebFilterChainDecorator$WebFilterObservation$SimpleWebFilterObservation.lambda$wrap$6(ObservationWebFilterChainDecorator.java:566)
	|_     Mono.doOnSuccess ⇢ at org.springframework.security.web.server.ObservationWebFilterChainDecorator$AroundWebFilterObservation$SimpleAroundWebFilterObservation.lambda$wrap$2(ObservationWebFilterChainDecorator.java:351)
	|_      Mono.doOnCancel ⇢ at org.springframework.security.web.server.ObservationWebFilterChainDecorator$AroundWebFilterObservation$SimpleAroundWebFilterObservation.lambda$wrap$2(ObservationWebFilterChainDecorator.java:352)
	|_       Mono.doOnError ⇢ at org.springframework.security.web.server.ObservationWebFilterChainDecorator$AroundWebFilterObservation$SimpleAroundWebFilterObservation.lambda$wrap$2(ObservationWebFilterChainDecorator.java:353)
	*__Mono.deferContextual ⇢ at org.springframework.security.web.server.ObservationWebFilterChainDecorator.lambda$wrapSecured$1(ObservationWebFilterChainDecorator.java:76)
	*____________Mono.defer ⇢ at org.springframework.security.web.server.ObservationWebFilterChainDecorator$ObservationWebFilterChain.filter(ObservationWebFilterChainDecorator.java:152)
	*____Mono.switchIfEmpty ⇢ at org.springframework.security.web.server.authorization.AuthorizationWebFilter.filter(AuthorizationWebFilter.java:56)
	|_     Mono.doOnSuccess ⇢ at org.springframework.security.web.server.ObservationWebFilterChainDecorator$ObservationWebFilter.wrapFilter(ObservationWebFilterChainDecorator.java:211)
	|_           checkpoint ⇢ AuthorizationWebFilter [DefaultWebFilterChain]
	*____________Mono.defer ⇢ at org.springframework.security.web.server.ObservationWebFilterChainDecorator$ObservationWebFilterChain.filter(ObservationWebFilterChainDecorator.java:152)
	|_   Mono.onErrorResume ⇢ at org.springframework.security.web.server.authorization.ExceptionTranslationWebFilter.filter(ExceptionTranslationWebFilter.java:53)
	|_     Mono.doOnSuccess ⇢ at org.springframework.security.web.server.ObservationWebFilterChainDecorator$ObservationWebFilter.wrapFilter(ObservationWebFilterChainDecorator.java:211)
	|_           checkpoint ⇢ ExceptionTranslationWebFilter [DefaultWebFilterChain]
	*____________Mono.defer ⇢ at org.springframework.security.web.server.ObservationWebFilterChainDecorator$ObservationWebFilterChain.filter(ObservationWebFilterChainDecorator.java:152)
	*__________Mono.flatMap ⇢ at org.springframework.security.web.server.savedrequest.ServerRequestCacheWebFilter.filter(ServerRequestCacheWebFilter.java:41)
	|_     Mono.doOnSuccess ⇢ at org.springframework.security.web.server.ObservationWebFilterChainDecorator$ObservationWebFilter.wrapFilter(ObservationWebFilterChainDecorator.java:211)
	|_           checkpoint ⇢ ServerRequestCacheWebFilter [DefaultWebFilterChain]
	*____________Mono.defer ⇢ at org.springframework.security.web.server.ObservationWebFilterChainDecorator$ObservationWebFilterChain.filter(ObservationWebFilterChainDecorator.java:152)
	|_     Mono.doOnSuccess ⇢ at org.springframework.security.web.server.ObservationWebFilterChainDecorator$ObservationWebFilter.wrapFilter(ObservationWebFilterChainDecorator.java:211)
	|_           checkpoint ⇢ SecurityContextServerWebExchangeWebFilter [DefaultWebFilterChain]
	*____________Mono.defer ⇢ at org.springframework.security.web.server.ObservationWebFilterChainDecorator$ObservationWebFilterChain.filter(ObservationWebFilterChainDecorator.java:152)
	|_    Mono.contextWrite ⇢ at org.springframework.security.web.server.context.ReactorContextWebFilter.filter(ReactorContextWebFilter.java:48)
	|_     Mono.doOnSuccess ⇢ at org.springframework.security.web.server.ObservationWebFilterChainDecorator$ObservationWebFilter.wrapFilter(ObservationWebFilterChainDecorator.java:211)
	|_           checkpoint ⇢ ReactorContextWebFilter [DefaultWebFilterChain]
	*____________Mono.defer ⇢ at org.springframework.security.web.server.ObservationWebFilterChainDecorator$ObservationWebFilterChain.filter(ObservationWebFilterChainDecorator.java:152)
	|_     Mono.doOnSuccess ⇢ at org.springframework.security.web.server.ObservationWebFilterChainDecorator$ObservationWebFilter.wrapFilter(ObservationWebFilterChainDecorator.java:211)
	|_           checkpoint ⇢ HttpHeaderWriterWebFilter [DefaultWebFilterChain]
	*____________Mono.defer ⇢ at org.springframework.security.web.server.ObservationWebFilterChainDecorator$ObservationWebFilterChain.filter(ObservationWebFilterChainDecorator.java:152)
	|_    Mono.contextWrite ⇢ at org.springframework.security.config.web.server.ServerHttpSecurity$ServerWebExchangeReactorContextWebFilter.filter(ServerHttpSecurity.java:4059)
	|_     Mono.doOnSuccess ⇢ at org.springframework.security.web.server.ObservationWebFilterChainDecorator$ObservationWebFilter.wrapFilter(ObservationWebFilterChainDecorator.java:211)
	|_     Mono.doOnSuccess ⇢ at org.springframework.security.web.server.ObservationWebFilterChainDecorator$AroundWebFilterObservation$SimpleAroundWebFilterObservation.lambda$wrap$6(ObservationWebFilterChainDecorator.java:367)
	|_      Mono.doOnCancel ⇢ at org.springframework.security.web.server.ObservationWebFilterChainDecorator$AroundWebFilterObservation$SimpleAroundWebFilterObservation.lambda$wrap$6(ObservationWebFilterChainDecorator.java:368)
	|_       Mono.doOnError ⇢ at org.springframework.security.web.server.ObservationWebFilterChainDecorator$AroundWebFilterObservation$SimpleAroundWebFilterObservation.lambda$wrap$6(ObservationWebFilterChainDecorator.java:369)
	|_    Mono.contextWrite ⇢ at org.springframework.security.web.server.ObservationWebFilterChainDecorator$AroundWebFilterObservation$SimpleAroundWebFilterObservation.lambda$wrap$6(ObservationWebFilterChainDecorator.java:373)
	*__Mono.deferContextual ⇢ at org.springframework.security.web.server.ObservationWebFilterChainDecorator$ObservationWebFilter.filter(ObservationWebFilterChainDecorator.java:193)
	|_           checkpoint ⇢ ServerWebExchangeReactorContextWebFilter [DefaultWebFilterChain]
	*____________Mono.defer ⇢ at org.springframework.security.web.server.ObservationWebFilterChainDecorator$ObservationWebFilterChain.filter(ObservationWebFilterChainDecorator.java:152)
	*__________Mono.flatMap ⇢ at org.springframework.security.web.server.WebFilterChainProxy.filterFirewalledExchange(WebFilterChainProxy.java:78)
	*__________Mono.flatMap ⇢ at org.springframework.security.web.server.WebFilterChainProxy.filter(WebFilterChainProxy.java:65)
	|_   Mono.onErrorResume ⇢ at org.springframework.security.web.server.WebFilterChainProxy.filter(WebFilterChainProxy.java:66)
	|_           checkpoint ⇢ org.springframework.security.web.server.WebFilterChainProxy [DefaultWebFilterChain]
	*____________Mono.defer ⇢ at org.springframework.web.server.handler.DefaultWebFilterChain.filter(DefaultWebFilterChain.java:106)
	|_       Mono.doOnError ⇢ at org.springframework.web.server.handler.ExceptionHandlingWebHandler.handle(ExceptionHandlingWebHandler.java:84)
	|_   Mono.onErrorResume ⇢ at org.springframework.web.server.handler.ExceptionHandlingWebHandler.handle(ExceptionHandlingWebHandler.java:85)
	|_       Mono.doOnError ⇢ at org.springframework.web.server.handler.ExceptionHandlingWebHandler.handle(ExceptionHandlingWebHandler.java:84)
	*____________Mono.error ⇢ at org.springframework.web.server.handler.ExceptionHandlingWebHandler$CheckpointInsertingHandler.handle(ExceptionHandlingWebHandler.java:106)
	|_           checkpoint ⇢ HTTP POST "/api/v1/solicitud" [ExceptionHandlingWebHandler]
Original Stack Trace:
		at co.com.pragma.usecase.solicitud.SolicitudUseCase.lambda$save$0(SolicitudUseCase.java:28) ~[main/:na]
		at reactor.core.publisher.MonoFlatMap$FlatMapMain.onNext(MonoFlatMap.java:132) ~[reactor-core-3.7.8.jar:3.7.8]
		at io.github.resilience4j.reactor.circuitbreaker.operator.CircuitBreakerSubscriber.hookOnNext(CircuitBreakerSubscriber.java:59) ~[resilience4j-reactor-2.3.0.jar:2.3.0]
		at reactor.core.publisher.BaseSubscriber.onNext(BaseSubscriber.java:160) ~[reactor-core-3.7.8.jar:3.7.8]
		at reactor.core.publisher.MonoPeekTerminal$MonoTerminalPeekSubscriber.onNext(MonoPeekTerminal.java:180) ~[reactor-core-3.7.8.jar:3.7.8]
		at reactor.core.publisher.FluxPeekFuseable$PeekFuseableConditionalSubscriber.onNext(FluxPeekFuseable.java:503) ~[reactor-core-3.7.8.jar:3.7.8]
		at reactor.core.publisher.FluxOnErrorResume$ResumeSubscriber.onNext(FluxOnErrorResume.java:79) ~[reactor-core-3.7.8.jar:3.7.8]
		at reactor.core.publisher.Operators$ScalarSubscription.request(Operators.java:2570) ~[reactor-core-3.7.8.jar:3.7.8]
		at reactor.core.publisher.Operators$MultiSubscriptionSubscriber.set(Operators.java:2366) ~[reactor-core-3.7.8.jar:3.7.8]
		at reactor.core.publisher.FluxOnErrorResume$ResumeSubscriber.onSubscribe(FluxOnErrorResume.java:74) ~[reactor-core-3.7.8.jar:3.7.8]
		at reactor.core.publisher.MonoJust.subscribe(MonoJust.java:55) ~[reactor-core-3.7.8.jar:3.7.8]
		at reactor.core.publisher.Mono.subscribe(Mono.java:4576) ~[reactor-core-3.7.8.jar:3.7.8]
		at reactor.core.publisher.FluxOnErrorResume$ResumeSubscriber.onError(FluxOnErrorResume.java:103) ~[reactor-core-3.7.8.jar:3.7.8]
		at reactor.core.publisher.FluxMapFuseable$MapFuseableSubscriber.onError(FluxMapFuseable.java:142) ~[reactor-core-3.7.8.jar:3.7.8]
		at reactor.core.publisher.FluxPeekFuseable$PeekFuseableSubscriber.onError(FluxPeekFuseable.java:234) ~[reactor-core-3.7.8.jar:3.7.8]
		at reactor.core.publisher.MonoFlatMap$FlatMapMain.secondError(MonoFlatMap.java:241) ~[reactor-core-3.7.8.jar:3.7.8]
		at reactor.core.publisher.MonoFlatMap$FlatMapInner.onError(MonoFlatMap.java:315) ~[reactor-core-3.7.8.jar:3.7.8]
		at reactor.core.publisher.Operators$MultiSubscriptionSubscriber.onError(Operators.java:2235) ~[reactor-core-3.7.8.jar:3.7.8]
		at reactor.core.publisher.MonoFlatMap$FlatMapMain.onError(MonoFlatMap.java:180) ~[reactor-core-3.7.8.jar:3.7.8]
		at reactor.core.publisher.FluxOnErrorResume$ResumeSubscriber.onError(FluxOnErrorResume.java:106) ~[reactor-core-3.7.8.jar:3.7.8]
		at reactor.core.publisher.MonoIgnoreThen$ThenIgnoreMain.onError(MonoIgnoreThen.java:280) ~[reactor-core-3.7.8.jar:3.7.8]
		at reactor.core.publisher.MonoIgnoreThen$ThenIgnoreMain.subscribeNext(MonoIgnoreThen.java:232) ~[reactor-core-3.7.8.jar:3.7.8]
		at reactor.core.publisher.MonoIgnoreThen$ThenIgnoreMain.onComplete(MonoIgnoreThen.java:204) ~[reactor-core-3.7.8.jar:3.7.8]
		at reactor.core.publisher.FluxOnErrorReturn$ReturnSubscriber.onComplete(FluxOnErrorReturn.java:169) ~[reactor-core-3.7.8.jar:3.7.8]
		at reactor.core.publisher.MonoIgnoreElements$IgnoreElementsSubscriber.onComplete(MonoIgnoreElements.java:89) ~[reactor-core-3.7.8.jar:3.7.8]
		at reactor.core.publisher.FluxMapFuseable$MapFuseableSubscriber.onComplete(FluxMapFuseable.java:152) ~[reactor-core-3.7.8.jar:3.7.8]
		at reactor.core.publisher.FluxMapFuseable$MapFuseableSubscriber.onComplete(FluxMapFuseable.java:152) ~[reactor-core-3.7.8.jar:3.7.8]
		at reactor.core.publisher.FluxPeekFuseable$PeekFuseableSubscriber.onComplete(FluxPeekFuseable.java:277) ~[reactor-core-3.7.8.jar:3.7.8]
		at reactor.core.publisher.FluxMap$MapSubscriber.onComplete(FluxMap.java:144) ~[reactor-core-3.7.8.jar:3.7.8]
		at reactor.core.publisher.Operators.complete(Operators.java:137) ~[reactor-core-3.7.8.jar:3.7.8]
		at reactor.netty.channel.FluxReceive.startReceiver(FluxReceive.java:179) ~[reactor-netty-core-1.2.8.jar:1.2.8]
		at reactor.netty.channel.FluxReceive.subscribe(FluxReceive.java:145) ~[reactor-netty-core-1.2.8.jar:1.2.8]
		at reactor.core.publisher.InternalFluxOperator.subscribe(InternalFluxOperator.java:68) ~[reactor-core-3.7.8.jar:3.7.8]
		at reactor.netty.ByteBufFlux.subscribe(ByteBufFlux.java:340) ~[reactor-netty-core-1.2.8.jar:1.2.8]
		at reactor.core.publisher.Mono.subscribe(Mono.java:4576) ~[reactor-core-3.7.8.jar:3.7.8]
		at reactor.core.publisher.MonoIgnoreThen$ThenIgnoreMain.subscribeNext(MonoIgnoreThen.java:265) ~[reactor-core-3.7.8.jar:3.7.8]
		at reactor.core.publisher.MonoIgnoreThen.subscribe(MonoIgnoreThen.java:51) ~[reactor-core-3.7.8.jar:3.7.8]
		at reactor.core.publisher.Mono.subscribe(Mono.java:4576) ~[reactor-core-3.7.8.jar:3.7.8]
		at reactor.core.publisher.FluxOnErrorResume$ResumeSubscriber.onError(FluxOnErrorResume.java:103) ~[reactor-core-3.7.8.jar:3.7.8]
		at reactor.core.publisher.MonoFlatMap$FlatMapMain.secondError(MonoFlatMap.java:241) ~[reactor-core-3.7.8.jar:3.7.8]
		at reactor.core.publisher.MonoFlatMap$FlatMapInner.onError(MonoFlatMap.java:315) ~[reactor-core-3.7.8.jar:3.7.8]
		at reactor.core.publisher.MonoIgnoreThen$ThenIgnoreMain.onError(MonoIgnoreThen.java:280) ~[reactor-core-3.7.8.jar:3.7.8]
		at reactor.core.publisher.MonoIgnoreThen$ThenIgnoreMain.subscribeNext(MonoIgnoreThen.java:232) ~[reactor-core-3.7.8.jar:3.7.8]
		at reactor.core.publisher.MonoIgnoreThen$ThenIgnoreMain.onComplete(MonoIgnoreThen.java:204) ~[reactor-core-3.7.8.jar:3.7.8]
		at reactor.core.publisher.FluxOnErrorReturn$ReturnSubscriber.onComplete(FluxOnErrorReturn.java:169) ~[reactor-core-3.7.8.jar:3.7.8]
		at reactor.core.publisher.MonoIgnoreElements$IgnoreElementsSubscriber.onComplete(MonoIgnoreElements.java:89) ~[reactor-core-3.7.8.jar:3.7.8]
		at reactor.core.publisher.FluxMapFuseable$MapFuseableSubscriber.onComplete(FluxMapFuseable.java:152) ~[reactor-core-3.7.8.jar:3.7.8]
		at reactor.core.publisher.FluxMapFuseable$MapFuseableSubscriber.onComplete(FluxMapFuseable.java:152) ~[reactor-core-3.7.8.jar:3.7.8]
		at reactor.core.publisher.FluxPeekFuseable$PeekFuseableSubscriber.onComplete(FluxPeekFuseable.java:277) ~[reactor-core-3.7.8.jar:3.7.8]
		at reactor.core.publisher.FluxMap$MapSubscriber.onComplete(FluxMap.java:144) ~[reactor-core-3.7.8.jar:3.7.8]
		at reactor.core.publisher.Operators.complete(Operators.java:137) ~[reactor-core-3.7.8.jar:3.7.8]
		at reactor.netty.channel.FluxReceive.startReceiver(FluxReceive.java:179) ~[reactor-netty-core-1.2.8.jar:1.2.8]
		at reactor.netty.channel.FluxReceive.subscribe(FluxReceive.java:145) ~[reactor-netty-core-1.2.8.jar:1.2.8]
		at reactor.core.publisher.InternalFluxOperator.subscribe(InternalFluxOperator.java:68) ~[reactor-core-3.7.8.jar:3.7.8]
		at reactor.netty.ByteBufFlux.subscribe(ByteBufFlux.java:340) ~[reactor-netty-core-1.2.8.jar:1.2.8]
		at reactor.core.publisher.Mono.subscribe(Mono.java:4576) ~[reactor-core-3.7.8.jar:3.7.8]
		at reactor.core.publisher.MonoIgnoreThen$ThenIgnoreMain.subscribeNext(MonoIgnoreThen.java:265) ~[reactor-core-3.7.8.jar:3.7.8]
		at reactor.core.publisher.MonoIgnoreThen.subscribe(MonoIgnoreThen.java:51) ~[reactor-core-3.7.8.jar:3.7.8]
		at reactor.core.publisher.InternalMonoOperator.subscribe(InternalMonoOperator.java:76) ~[reactor-core-3.7.8.jar:3.7.8]
		at reactor.core.publisher.MonoFlatMap$FlatMapMain.onNext(MonoFlatMap.java:165) ~[reactor-core-3.7.8.jar:3.7.8]
		at reactor.core.publisher.FluxMapFuseable$MapFuseableSubscriber.onNext(FluxMapFuseable.java:129) ~[reactor-core-3.7.8.jar:3.7.8]
		at reactor.core.publisher.FluxOnErrorReturn$ReturnSubscriber.onNext(FluxOnErrorReturn.java:162) ~[reactor-core-3.7.8.jar:3.7.8]
		at reactor.core.publisher.Operators$BaseFluxToMonoOperator.completePossiblyEmpty(Operators.java:2096) ~[reactor-core-3.7.8.jar:3.7.8]
		at reactor.core.publisher.FluxDefaultIfEmpty$DefaultIfEmptySubscriber.onComplete(FluxDefaultIfEmpty.java:134) ~[reactor-core-3.7.8.jar:3.7.8]
		at reactor.core.publisher.FluxMapFuseable$MapFuseableSubscriber.onComplete(FluxMapFuseable.java:152) ~[reactor-core-3.7.8.jar:3.7.8]
		at reactor.core.publisher.FluxContextWrite$ContextWriteSubscriber.onComplete(FluxContextWrite.java:126) ~[reactor-core-3.7.8.jar:3.7.8]
		at reactor.core.publisher.FluxMapFuseable$MapFuseableConditionalSubscriber.onComplete(FluxMapFuseable.java:350) ~[reactor-core-3.7.8.jar:3.7.8]
		at reactor.core.publisher.FluxFilterFuseable$FilterFuseableConditionalSubscriber.onComplete(FluxFilterFuseable.java:391) ~[reactor-core-3.7.8.jar:3.7.8]
		at reactor.core.publisher.Operators$BaseFluxToMonoOperator.completePossiblyEmpty(Operators.java:2097) ~[reactor-core-3.7.8.jar:3.7.8]
		at reactor.core.publisher.MonoCollect$CollectSubscriber.onComplete(MonoCollect.java:145) ~[reactor-core-3.7.8.jar:3.7.8]
		at reactor.core.publisher.FluxMapFuseable$MapFuseableSubscriber.onComplete(FluxMapFuseable.java:152) ~[reactor-core-3.7.8.jar:3.7.8]
		at reactor.core.publisher.FluxPeekFuseable$PeekFuseableSubscriber.onComplete(FluxPeekFuseable.java:277) ~[reactor-core-3.7.8.jar:3.7.8]
		at reactor.core.publisher.FluxMap$MapSubscriber.onComplete(FluxMap.java:144) ~[reactor-core-3.7.8.jar:3.7.8]
		at reactor.netty.channel.FluxReceive.onInboundComplete(FluxReceive.java:413) ~[reactor-netty-core-1.2.8.jar:1.2.8]
		at reactor.netty.channel.ChannelOperations.onInboundComplete(ChannelOperations.java:455) ~[reactor-netty-core-1.2.8.jar:1.2.8]
		at reactor.netty.channel.ChannelOperations.terminate(ChannelOperations.java:509) ~[reactor-netty-core-1.2.8.jar:1.2.8]
		at reactor.netty.http.client.HttpClientOperations.onInboundNext(HttpClientOperations.java:821) ~[reactor-netty-http-1.2.8.jar:1.2.8]
		at reactor.netty.channel.ChannelOperationsHandler.channelRead(ChannelOperationsHandler.java:115) ~[reactor-netty-core-1.2.8.jar:1.2.8]
		at io.netty.channel.AbstractChannelHandlerContext.invokeChannelRead(AbstractChannelHandlerContext.java:444) ~[netty-transport-4.1.123.Final.jar:4.1.123.Final]
		at io.netty.channel.AbstractChannelHandlerContext.invokeChannelRead(AbstractChannelHandlerContext.java:420) ~[netty-transport-4.1.123.Final.jar:4.1.123.Final]
		at io.netty.channel.AbstractChannelHandlerContext.fireChannelRead(AbstractChannelHandlerContext.java:412) ~[netty-transport-4.1.123.Final.jar:4.1.123.Final]
		at io.netty.handler.timeout.IdleStateHandler.channelRead(IdleStateHandler.java:289) ~[netty-handler-4.1.123.Final.jar:4.1.123.Final]
		at io.netty.channel.AbstractChannelHandlerContext.invokeChannelRead(AbstractChannelHandlerContext.java:442) ~[netty-transport-4.1.123.Final.jar:4.1.123.Final]
		at io.netty.channel.AbstractChannelHandlerContext.invokeChannelRead(AbstractChannelHandlerContext.java:420) ~[netty-transport-4.1.123.Final.jar:4.1.123.Final]
		at io.netty.channel.AbstractChannelHandlerContext.fireChannelRead(AbstractChannelHandlerContext.java:412) ~[netty-transport-4.1.123.Final.jar:4.1.123.Final]
		at io.netty.handler.codec.MessageToMessageDecoder.channelRead(MessageToMessageDecoder.java:107) ~[netty-codec-4.1.123.Final.jar:4.1.123.Final]
		at io.netty.channel.AbstractChannelHandlerContext.invokeChannelRead(AbstractChannelHandlerContext.java:444) ~[netty-transport-4.1.123.Final.jar:4.1.123.Final]
		at io.netty.channel.AbstractChannelHandlerContext.invokeChannelRead(AbstractChannelHandlerContext.java:420) ~[netty-transport-4.1.123.Final.jar:4.1.123.Final]
		at io.netty.channel.AbstractChannelHandlerContext.fireChannelRead(AbstractChannelHandlerContext.java:412) ~[netty-transport-4.1.123.Final.jar:4.1.123.Final]
		at io.netty.channel.CombinedChannelDuplexHandler$DelegatingChannelHandlerContext.fireChannelRead(CombinedChannelDuplexHandler.java:436) ~[netty-transport-4.1.123.Final.jar:4.1.123.Final]
		at io.netty.handler.codec.ByteToMessageDecoder.fireChannelRead(ByteToMessageDecoder.java:346) ~[netty-codec-4.1.123.Final.jar:4.1.123.Final]
		at io.netty.handler.codec.ByteToMessageDecoder.channelRead(ByteToMessageDecoder.java:318) ~[netty-codec-4.1.123.Final.jar:4.1.123.Final]
		at io.netty.channel.CombinedChannelDuplexHandler.channelRead(CombinedChannelDuplexHandler.java:251) ~[netty-transport-4.1.123.Final.jar:4.1.123.Final]
		at io.netty.channel.AbstractChannelHandlerContext.invokeChannelRead(AbstractChannelHandlerContext.java:442) ~[netty-transport-4.1.123.Final.jar:4.1.123.Final]
		at io.netty.channel.AbstractChannelHandlerContext.invokeChannelRead(AbstractChannelHandlerContext.java:420) ~[netty-transport-4.1.123.Final.jar:4.1.123.Final]
		at io.netty.channel.AbstractChannelHandlerContext.fireChannelRead(AbstractChannelHandlerContext.java:412) ~[netty-transport-4.1.123.Final.jar:4.1.123.Final]
		at io.netty.channel.DefaultChannelPipeline$HeadContext.channelRead(DefaultChannelPipeline.java:1357) ~[netty-transport-4.1.123.Final.jar:4.1.123.Final]
		at io.netty.channel.AbstractChannelHandlerContext.invokeChannelRead(AbstractChannelHandlerContext.java:440) ~[netty-transport-4.1.123.Final.jar:4.1.123.Final]
		at io.netty.channel.AbstractChannelHandlerContext.invokeChannelRead(AbstractChannelHandlerContext.java:420) ~[netty-transport-4.1.123.Final.jar:4.1.123.Final]
		at io.netty.channel.DefaultChannelPipeline.fireChannelRead(DefaultChannelPipeline.java:868) ~[netty-transport-4.1.123.Final.jar:4.1.123.Final]
		at io.netty.channel.nio.AbstractNioByteChannel$NioByteUnsafe.read(AbstractNioByteChannel.java:166) ~[netty-transport-4.1.123.Final.jar:4.1.123.Final]
		at io.netty.channel.nio.NioEventLoop.processSelectedKey(NioEventLoop.java:796) ~[netty-transport-4.1.123.Final.jar:4.1.123.Final]
		at io.netty.channel.nio.NioEventLoop.processSelectedKeysOptimized(NioEventLoop.java:732) ~[netty-transport-4.1.123.Final.jar:4.1.123.Final]
		at io.netty.channel.nio.NioEventLoop.processSelectedKeys(NioEventLoop.java:658) ~[netty-transport-4.1.123.Final.jar:4.1.123.Final]
		at io.netty.channel.nio.NioEventLoop.run(NioEventLoop.java:562) ~[netty-transport-4.1.123.Final.jar:4.1.123.Final]
		at io.netty.util.concurrent.SingleThreadEventExecutor$4.run(SingleThreadEventExecutor.java:998) ~[netty-common-4.1.123.Final.jar:4.1.123.Final]
		at io.netty.util.internal.ThreadExecutorMap$2.run(ThreadExecutorMap.java:74) ~[netty-common-4.1.123.Final.jar:4.1.123.Final]
		at io.netty.util.concurrent.FastThreadLocalRunnable.run(FastThreadLocalRunnable.java:30) ~[netty-common-4.1.123.Final.jar:4.1.123.Final]
		at java.base/java.lang.Thread.run(Thread.java:1447) ~[na:na]

2025-09-04T18:57:45.361-05:00  INFO 15784 --- [ReactiveProject] [parallel-8] co.com.pragma.api.Handler                : Solicitud POST /api/v1/solicitud
2025-09-04T18:57:45.371-05:00 DEBUG 15784 --- [ReactiveProject] [parallel-8] co.com.pragma.api.Handler                : Iniciando flujo de guardado de solicitud
2025-09-04T18:57:45.379-05:00  INFO 15784 --- [ReactiveProject] [reactor-http-nio-5] co.com.pragma.api.Handler                : Petición recibida para crear peticion: RequestSolicitud[monto=33000.0, plazo=20, correoElectronico=prueba@test.com, id_estado=null, idTipoPrestamo=99, identificacion=123456]
2025-09-04T18:57:45.465-05:00 DEBUG 15784 --- [ReactiveProject] [parallel-8] co.com.pragma.consumer.RestConsumer      : Iniciando flujo de consultar usuario
2025-09-04T18:57:45.517-05:00 ERROR 15784 --- [ReactiveProject] [reactor-http-nio-3] co.com.pragma.consumer.RestConsumer      : Fallo al validar usuario: 401 Unauthorized from GET http://localhost:8080/api/v1/usuarios/123456
2025-09-04T18:57:45.518-05:00 DEBUG 15784 --- [ReactiveProject] [reactor-http-nio-3] co.com.pragma.consumer.RestConsumer      : Respuesta correctamente
2025-09-04T18:57:45.521-05:00 ERROR 15784 --- [ReactiveProject] [reactor-http-nio-3] co.com.pragma.api.Handler                : Error al guardar la solicitud

co.com.pragma.usecase.solicitud.excepcions.UsuarioNotFoundException: Usuario con documento 123456 no existe
	at co.com.pragma.usecase.solicitud.SolicitudUseCase.lambda$save$0(SolicitudUseCase.java:28) ~[main/:na]
	Suppressed: reactor.core.publisher.FluxOnAssembly$OnAssemblyException: 
Assembly trace from producer [reactor.core.publisher.MonoFlatMap] :
	reactor.core.publisher.Mono.flatMap(Mono.java:3179)
	co.com.pragma.usecase.solicitud.SolicitudUseCase.save(SolicitudUseCase.java:26)
Error has been observed at the following site(s):
	*________Mono.flatMap ⇢ at co.com.pragma.usecase.solicitud.SolicitudUseCase.save(SolicitudUseCase.java:26)
	*________Mono.flatMap ⇢ at co.com.pragma.api.Handler.registrarSolicitud(Handler.java:49)
	|_       Mono.flatMap ⇢ at co.com.pragma.api.Handler.registrarSolicitud(Handler.java:55)
	|_ Mono.doOnSubscribe ⇢ at co.com.pragma.api.Handler.registrarSolicitud(Handler.java:59)
	|_   Mono.doOnSuccess ⇢ at co.com.pragma.api.Handler.registrarSolicitud(Handler.java:60)
Original Stack Trace:
		at co.com.pragma.usecase.solicitud.SolicitudUseCase.lambda$save$0(SolicitudUseCase.java:28) ~[main/:na]
		at reactor.core.publisher.MonoFlatMap$FlatMapMain.onNext(MonoFlatMap.java:132) ~[reactor-core-3.7.8.jar:3.7.8]
		at io.github.resilience4j.reactor.circuitbreaker.operator.CircuitBreakerSubscriber.hookOnNext(CircuitBreakerSubscriber.java:59) ~[resilience4j-reactor-2.3.0.jar:2.3.0]
		at reactor.core.publisher.BaseSubscriber.onNext(BaseSubscriber.java:160) ~[reactor-core-3.7.8.jar:3.7.8]
		at reactor.core.publisher.MonoPeekTerminal$MonoTerminalPeekSubscriber.onNext(MonoPeekTerminal.java:180) ~[reactor-core-3.7.8.jar:3.7.8]
		at reactor.core.publisher.FluxPeekFuseable$PeekFuseableConditionalSubscriber.onNext(FluxPeekFuseable.java:503) ~[reactor-core-3.7.8.jar:3.7.8]
		at reactor.core.publisher.FluxOnErrorResume$ResumeSubscriber.onNext(FluxOnErrorResume.java:79) ~[reactor-core-3.7.8.jar:3.7.8]
		at reactor.core.publisher.Operators$ScalarSubscription.request(Operators.java:2570) ~[reactor-core-3.7.8.jar:3.7.8]
		at reactor.core.publisher.Operators$MultiSubscriptionSubscriber.set(Operators.java:2366) ~[reactor-core-3.7.8.jar:3.7.8]
		at reactor.core.publisher.FluxOnErrorResume$ResumeSubscriber.onSubscribe(FluxOnErrorResume.java:74) ~[reactor-core-3.7.8.jar:3.7.8]
		at reactor.core.publisher.MonoJust.subscribe(MonoJust.java:55) ~[reactor-core-3.7.8.jar:3.7.8]
		at reactor.core.publisher.Mono.subscribe(Mono.java:4576) ~[reactor-core-3.7.8.jar:3.7.8]
		at reactor.core.publisher.FluxOnErrorResume$ResumeSubscriber.onError(FluxOnErrorResume.java:103) ~[reactor-core-3.7.8.jar:3.7.8]
		at reactor.core.publisher.FluxMapFuseable$MapFuseableSubscriber.onError(FluxMapFuseable.java:142) ~[reactor-core-3.7.8.jar:3.7.8]
		at reactor.core.publisher.FluxPeekFuseable$PeekFuseableSubscriber.onError(FluxPeekFuseable.java:234) ~[reactor-core-3.7.8.jar:3.7.8]
		at reactor.core.publisher.MonoFlatMap$FlatMapMain.secondError(MonoFlatMap.java:241) ~[reactor-core-3.7.8.jar:3.7.8]
		at reactor.core.publisher.MonoFlatMap$FlatMapInner.onError(MonoFlatMap.java:315) ~[reactor-core-3.7.8.jar:3.7.8]
		at reactor.core.publisher.Operators$MultiSubscriptionSubscriber.onError(Operators.java:2235) ~[reactor-core-3.7.8.jar:3.7.8]
		at reactor.core.publisher.MonoFlatMap$FlatMapMain.onError(MonoFlatMap.java:180) ~[reactor-core-3.7.8.jar:3.7.8]
		at reactor.core.publisher.FluxOnErrorResume$ResumeSubscriber.onError(FluxOnErrorResume.java:106) ~[reactor-core-3.7.8.jar:3.7.8]
		at reactor.core.publisher.MonoIgnoreThen$ThenIgnoreMain.onError(MonoIgnoreThen.java:280) ~[reactor-core-3.7.8.jar:3.7.8]
		at reactor.core.publisher.MonoIgnoreThen$ThenIgnoreMain.subscribeNext(MonoIgnoreThen.java:232) ~[reactor-core-3.7.8.jar:3.7.8]
		at reactor.core.publisher.MonoIgnoreThen$ThenIgnoreMain.onComplete(MonoIgnoreThen.java:204) ~[reactor-core-3.7.8.jar:3.7.8]
		at reactor.core.publisher.FluxOnErrorReturn$ReturnSubscriber.onComplete(FluxOnErrorReturn.java:169) ~[reactor-core-3.7.8.jar:3.7.8]
		at reactor.core.publisher.MonoIgnoreElements$IgnoreElementsSubscriber.onComplete(MonoIgnoreElements.java:89) ~[reactor-core-3.7.8.jar:3.7.8]
		at reactor.core.publisher.FluxMapFuseable$MapFuseableSubscriber.onComplete(FluxMapFuseable.java:152) ~[reactor-core-3.7.8.jar:3.7.8]
		at reactor.core.publisher.FluxMapFuseable$MapFuseableSubscriber.onComplete(FluxMapFuseable.java:152) ~[reactor-core-3.7.8.jar:3.7.8]
		at reactor.core.publisher.FluxPeekFuseable$PeekFuseableSubscriber.onComplete(FluxPeekFuseable.java:277) ~[reactor-core-3.7.8.jar:3.7.8]
		at reactor.core.publisher.FluxMap$MapSubscriber.onComplete(FluxMap.java:144) ~[reactor-core-3.7.8.jar:3.7.8]
		at reactor.core.publisher.Operators.complete(Operators.java:137) ~[reactor-core-3.7.8.jar:3.7.8]
		at reactor.netty.channel.FluxReceive.startReceiver(FluxReceive.java:179) ~[reactor-netty-core-1.2.8.jar:1.2.8]
		at reactor.netty.channel.FluxReceive.subscribe(FluxReceive.java:145) ~[reactor-netty-core-1.2.8.jar:1.2.8]
		at reactor.core.publisher.InternalFluxOperator.subscribe(InternalFluxOperator.java:68) ~[reactor-core-3.7.8.jar:3.7.8]
		at reactor.netty.ByteBufFlux.subscribe(ByteBufFlux.java:340) ~[reactor-netty-core-1.2.8.jar:1.2.8]
		at reactor.core.publisher.Mono.subscribe(Mono.java:4576) ~[reactor-core-3.7.8.jar:3.7.8]
		at reactor.core.publisher.MonoIgnoreThen$ThenIgnoreMain.subscribeNext(MonoIgnoreThen.java:265) ~[reactor-core-3.7.8.jar:3.7.8]
		at reactor.core.publisher.MonoIgnoreThen.subscribe(MonoIgnoreThen.java:51) ~[reactor-core-3.7.8.jar:3.7.8]
		at reactor.core.publisher.Mono.subscribe(Mono.java:4576) ~[reactor-core-3.7.8.jar:3.7.8]
		at reactor.core.publisher.FluxOnErrorResume$ResumeSubscriber.onError(FluxOnErrorResume.java:103) ~[reactor-core-3.7.8.jar:3.7.8]
		at reactor.core.publisher.MonoFlatMap$FlatMapMain.secondError(MonoFlatMap.java:241) ~[reactor-core-3.7.8.jar:3.7.8]
		at reactor.core.publisher.MonoFlatMap$FlatMapInner.onError(MonoFlatMap.java:315) ~[reactor-core-3.7.8.jar:3.7.8]
		at reactor.core.publisher.MonoIgnoreThen$ThenIgnoreMain.onError(MonoIgnoreThen.java:280) ~[reactor-core-3.7.8.jar:3.7.8]
		at reactor.core.publisher.MonoIgnoreThen$ThenIgnoreMain.subscribeNext(MonoIgnoreThen.java:232) ~[reactor-core-3.7.8.jar:3.7.8]
		at reactor.core.publisher.MonoIgnoreThen$ThenIgnoreMain.onComplete(MonoIgnoreThen.java:204) ~[reactor-core-3.7.8.jar:3.7.8]
		at reactor.core.publisher.FluxOnErrorReturn$ReturnSubscriber.onComplete(FluxOnErrorReturn.java:169) ~[reactor-core-3.7.8.jar:3.7.8]
		at reactor.core.publisher.MonoIgnoreElements$IgnoreElementsSubscriber.onComplete(MonoIgnoreElements.java:89) ~[reactor-core-3.7.8.jar:3.7.8]
		at reactor.core.publisher.FluxMapFuseable$MapFuseableSubscriber.onComplete(FluxMapFuseable.java:152) ~[reactor-core-3.7.8.jar:3.7.8]
		at reactor.core.publisher.FluxMapFuseable$MapFuseableSubscriber.onComplete(FluxMapFuseable.java:152) ~[reactor-core-3.7.8.jar:3.7.8]
		at reactor.core.publisher.FluxPeekFuseable$PeekFuseableSubscriber.onComplete(FluxPeekFuseable.java:277) ~[reactor-core-3.7.8.jar:3.7.8]
		at reactor.core.publisher.FluxMap$MapSubscriber.onComplete(FluxMap.java:144) ~[reactor-core-3.7.8.jar:3.7.8]
		at reactor.core.publisher.Operators.complete(Operators.java:137) ~[reactor-core-3.7.8.jar:3.7.8]
		at reactor.netty.channel.FluxReceive.startReceiver(FluxReceive.java:179) ~[reactor-netty-core-1.2.8.jar:1.2.8]
		at reactor.netty.channel.FluxReceive.subscribe(FluxReceive.java:145) ~[reactor-netty-core-1.2.8.jar:1.2.8]
		at reactor.core.publisher.InternalFluxOperator.subscribe(InternalFluxOperator.java:68) ~[reactor-core-3.7.8.jar:3.7.8]
		at reactor.netty.ByteBufFlux.subscribe(ByteBufFlux.java:340) ~[reactor-netty-core-1.2.8.jar:1.2.8]
		at reactor.core.publisher.Mono.subscribe(Mono.java:4576) ~[reactor-core-3.7.8.jar:3.7.8]
		at reactor.core.publisher.MonoIgnoreThen$ThenIgnoreMain.subscribeNext(MonoIgnoreThen.java:265) ~[reactor-core-3.7.8.jar:3.7.8]
		at reactor.core.publisher.MonoIgnoreThen.subscribe(MonoIgnoreThen.java:51) ~[reactor-core-3.7.8.jar:3.7.8]
		at reactor.core.publisher.InternalMonoOperator.subscribe(InternalMonoOperator.java:76) ~[reactor-core-3.7.8.jar:3.7.8]
		at reactor.core.publisher.MonoFlatMap$FlatMapMain.onNext(MonoFlatMap.java:165) ~[reactor-core-3.7.8.jar:3.7.8]
		at reactor.core.publisher.FluxMapFuseable$MapFuseableSubscriber.onNext(FluxMapFuseable.java:129) ~[reactor-core-3.7.8.jar:3.7.8]
		at reactor.core.publisher.FluxOnErrorReturn$ReturnSubscriber.onNext(FluxOnErrorReturn.java:162) ~[reactor-core-3.7.8.jar:3.7.8]
		at reactor.core.publisher.Operators$BaseFluxToMonoOperator.completePossiblyEmpty(Operators.java:2096) ~[reactor-core-3.7.8.jar:3.7.8]
		at reactor.core.publisher.FluxDefaultIfEmpty$DefaultIfEmptySubscriber.onComplete(FluxDefaultIfEmpty.java:134) ~[reactor-core-3.7.8.jar:3.7.8]
		at reactor.core.publisher.FluxMapFuseable$MapFuseableSubscriber.onComplete(FluxMapFuseable.java:152) ~[reactor-core-3.7.8.jar:3.7.8]
		at reactor.core.publisher.FluxContextWrite$ContextWriteSubscriber.onComplete(FluxContextWrite.java:126) ~[reactor-core-3.7.8.jar:3.7.8]
		at reactor.core.publisher.FluxMapFuseable$MapFuseableConditionalSubscriber.onComplete(FluxMapFuseable.java:350) ~[reactor-core-3.7.8.jar:3.7.8]
		at reactor.core.publisher.FluxFilterFuseable$FilterFuseableConditionalSubscriber.onComplete(FluxFilterFuseable.java:391) ~[reactor-core-3.7.8.jar:3.7.8]
		at reactor.core.publisher.Operators$BaseFluxToMonoOperator.completePossiblyEmpty(Operators.java:2097) ~[reactor-core-3.7.8.jar:3.7.8]
		at reactor.core.publisher.MonoCollect$CollectSubscriber.onComplete(MonoCollect.java:145) ~[reactor-core-3.7.8.jar:3.7.8]
		at reactor.core.publisher.FluxMapFuseable$MapFuseableSubscriber.onComplete(FluxMapFuseable.java:152) ~[reactor-core-3.7.8.jar:3.7.8]
		at reactor.core.publisher.FluxPeekFuseable$PeekFuseableSubscriber.onComplete(FluxPeekFuseable.java:277) ~[reactor-core-3.7.8.jar:3.7.8]
		at reactor.core.publisher.FluxMap$MapSubscriber.onComplete(FluxMap.java:144) ~[reactor-core-3.7.8.jar:3.7.8]
		at reactor.netty.channel.FluxReceive.onInboundComplete(FluxReceive.java:413) ~[reactor-netty-core-1.2.8.jar:1.2.8]
		at reactor.netty.channel.ChannelOperations.onInboundComplete(ChannelOperations.java:455) ~[reactor-netty-core-1.2.8.jar:1.2.8]
		at reactor.netty.channel.ChannelOperations.terminate(ChannelOperations.java:509) ~[reactor-netty-core-1.2.8.jar:1.2.8]
		at reactor.netty.http.client.HttpClientOperations.onInboundNext(HttpClientOperations.java:821) ~[reactor-netty-http-1.2.8.jar:1.2.8]
		at reactor.netty.channel.ChannelOperationsHandler.channelRead(ChannelOperationsHandler.java:115) ~[reactor-netty-core-1.2.8.jar:1.2.8]
		at io.netty.channel.AbstractChannelHandlerContext.invokeChannelRead(AbstractChannelHandlerContext.java:444) ~[netty-transport-4.1.123.Final.jar:4.1.123.Final]
		at io.netty.channel.AbstractChannelHandlerContext.invokeChannelRead(AbstractChannelHandlerContext.java:420) ~[netty-transport-4.1.123.Final.jar:4.1.123.Final]
		at io.netty.channel.AbstractChannelHandlerContext.fireChannelRead(AbstractChannelHandlerContext.java:412) ~[netty-transport-4.1.123.Final.jar:4.1.123.Final]
		at io.netty.handler.timeout.IdleStateHandler.channelRead(IdleStateHandler.java:289) ~[netty-handler-4.1.123.Final.jar:4.1.123.Final]
		at io.netty.channel.AbstractChannelHandlerContext.invokeChannelRead(AbstractChannelHandlerContext.java:442) ~[netty-transport-4.1.123.Final.jar:4.1.123.Final]
		at io.netty.channel.AbstractChannelHandlerContext.invokeChannelRead(AbstractChannelHandlerContext.java:420) ~[netty-transport-4.1.123.Final.jar:4.1.123.Final]
		at io.netty.channel.AbstractChannelHandlerContext.fireChannelRead(AbstractChannelHandlerContext.java:412) ~[netty-transport-4.1.123.Final.jar:4.1.123.Final]
		at io.netty.handler.codec.MessageToMessageDecoder.channelRead(MessageToMessageDecoder.java:107) ~[netty-codec-4.1.123.Final.jar:4.1.123.Final]
		at io.netty.channel.AbstractChannelHandlerContext.invokeChannelRead(AbstractChannelHandlerContext.java:444) ~[netty-transport-4.1.123.Final.jar:4.1.123.Final]
		at io.netty.channel.AbstractChannelHandlerContext.invokeChannelRead(AbstractChannelHandlerContext.java:420) ~[netty-transport-4.1.123.Final.jar:4.1.123.Final]
		at io.netty.channel.AbstractChannelHandlerContext.fireChannelRead(AbstractChannelHandlerContext.java:412) ~[netty-transport-4.1.123.Final.jar:4.1.123.Final]
		at io.netty.channel.CombinedChannelDuplexHandler$DelegatingChannelHandlerContext.fireChannelRead(CombinedChannelDuplexHandler.java:436) ~[netty-transport-4.1.123.Final.jar:4.1.123.Final]
		at io.netty.handler.codec.ByteToMessageDecoder.fireChannelRead(ByteToMessageDecoder.java:346) ~[netty-codec-4.1.123.Final.jar:4.1.123.Final]
		at io.netty.handler.codec.ByteToMessageDecoder.channelRead(ByteToMessageDecoder.java:318) ~[netty-codec-4.1.123.Final.jar:4.1.123.Final]
		at io.netty.channel.CombinedChannelDuplexHandler.channelRead(CombinedChannelDuplexHandler.java:251) ~[netty-transport-4.1.123.Final.jar:4.1.123.Final]
		at io.netty.channel.AbstractChannelHandlerContext.invokeChannelRead(AbstractChannelHandlerContext.java:442) ~[netty-transport-4.1.123.Final.jar:4.1.123.Final]
		at io.netty.channel.AbstractChannelHandlerContext.invokeChannelRead(AbstractChannelHandlerContext.java:420) ~[netty-transport-4.1.123.Final.jar:4.1.123.Final]
		at io.netty.channel.AbstractChannelHandlerContext.fireChannelRead(AbstractChannelHandlerContext.java:412) ~[netty-transport-4.1.123.Final.jar:4.1.123.Final]
		at io.netty.channel.DefaultChannelPipeline$HeadContext.channelRead(DefaultChannelPipeline.java:1357) ~[netty-transport-4.1.123.Final.jar:4.1.123.Final]
		at io.netty.channel.AbstractChannelHandlerContext.invokeChannelRead(AbstractChannelHandlerContext.java:440) ~[netty-transport-4.1.123.Final.jar:4.1.123.Final]
		at io.netty.channel.AbstractChannelHandlerContext.invokeChannelRead(AbstractChannelHandlerContext.java:420) ~[netty-transport-4.1.123.Final.jar:4.1.123.Final]
		at io.netty.channel.DefaultChannelPipeline.fireChannelRead(DefaultChannelPipeline.java:868) ~[netty-transport-4.1.123.Final.jar:4.1.123.Final]
		at io.netty.channel.nio.AbstractNioByteChannel$NioByteUnsafe.read(AbstractNioByteChannel.java:166) ~[netty-transport-4.1.123.Final.jar:4.1.123.Final]
		at io.netty.channel.nio.NioEventLoop.processSelectedKey(NioEventLoop.java:796) ~[netty-transport-4.1.123.Final.jar:4.1.123.Final]
		at io.netty.channel.nio.NioEventLoop.processSelectedKeysOptimized(NioEventLoop.java:732) ~[netty-transport-4.1.123.Final.jar:4.1.123.Final]
		at io.netty.channel.nio.NioEventLoop.processSelectedKeys(NioEventLoop.java:658) ~[netty-transport-4.1.123.Final.jar:4.1.123.Final]
		at io.netty.channel.nio.NioEventLoop.run(NioEventLoop.java:562) ~[netty-transport-4.1.123.Final.jar:4.1.123.Final]
		at io.netty.util.concurrent.SingleThreadEventExecutor$4.run(SingleThreadEventExecutor.java:998) ~[netty-common-4.1.123.Final.jar:4.1.123.Final]
		at io.netty.util.internal.ThreadExecutorMap$2.run(ThreadExecutorMap.java:74) ~[netty-common-4.1.123.Final.jar:4.1.123.Final]
		at io.netty.util.concurrent.FastThreadLocalRunnable.run(FastThreadLocalRunnable.java:30) ~[netty-common-4.1.123.Final.jar:4.1.123.Final]
		at java.base/java.lang.Thread.run(Thread.java:1447) ~[na:na]

2025-09-04T18:57:45.649-05:00 ERROR 15784 --- [ReactiveProject] [reactor-http-nio-3] c.c.p.api.excepcions.GlobalErrorHandler  : Error capturado globalmente: 

co.com.pragma.usecase.solicitud.excepcions.UsuarioNotFoundException: Usuario con documento 123456 no existe
	at co.com.pragma.usecase.solicitud.SolicitudUseCase.lambda$save$0(SolicitudUseCase.java:28) ~[main/:na]
	Suppressed: reactor.core.publisher.FluxOnAssembly$OnAssemblyException: 
Assembly trace from producer [reactor.core.publisher.MonoFlatMap] :
	reactor.core.publisher.Mono.flatMap(Mono.java:3179)
	co.com.pragma.usecase.solicitud.SolicitudUseCase.save(SolicitudUseCase.java:26)
Error has been observed at the following site(s):
	*__________Mono.flatMap ⇢ at co.com.pragma.usecase.solicitud.SolicitudUseCase.save(SolicitudUseCase.java:26)
	*__________Mono.flatMap ⇢ at co.com.pragma.api.Handler.registrarSolicitud(Handler.java:49)
	|_         Mono.flatMap ⇢ at co.com.pragma.api.Handler.registrarSolicitud(Handler.java:55)
	|_   Mono.doOnSubscribe ⇢ at co.com.pragma.api.Handler.registrarSolicitud(Handler.java:59)
	|_     Mono.doOnSuccess ⇢ at co.com.pragma.api.Handler.registrarSolicitud(Handler.java:60)
	|_       Mono.doOnError ⇢ at co.com.pragma.api.Handler.registrarSolicitud(Handler.java:61)
	|_             Mono.map ⇢ at org.springframework.web.reactive.function.server.support.HandlerFunctionAdapter.handle(HandlerFunctionAdapter.java:62)
	|_   Mono.onErrorResume ⇢ at org.springframework.web.reactive.DispatcherHandler.handleResultMono(DispatcherHandler.java:168)
	|_         Mono.flatMap ⇢ at org.springframework.web.reactive.DispatcherHandler.handleResultMono(DispatcherHandler.java:172)
	*____________Mono.error ⇢ at org.springframework.web.reactive.result.method.annotation.RequestMappingHandlerAdapter.handleException(RequestMappingHandlerAdapter.java:340)
	*__________Mono.flatMap ⇢ at org.springframework.web.reactive.DispatcherHandler.handle(DispatcherHandler.java:154)
	*____________Mono.defer ⇢ at org.springframework.web.server.handler.DefaultWebFilterChain.filter(DefaultWebFilterChain.java:106)
	|_           checkpoint ⇢ org.springframework.web.cors.reactive.CorsWebFilter [DefaultWebFilterChain]
	*____________Mono.defer ⇢ at org.springframework.web.server.handler.DefaultWebFilterChain.filter(DefaultWebFilterChain.java:106)
	|_           checkpoint ⇢ co.com.pragma.api.config.SecurityHeadersConfig [DefaultWebFilterChain]
	*____________Mono.defer ⇢ at org.springframework.web.server.handler.DefaultWebFilterChain.filter(DefaultWebFilterChain.java:106)
	|_     Mono.doOnSuccess ⇢ at org.springframework.security.web.server.ObservationWebFilterChainDecorator$WebFilterObservation$SimpleWebFilterObservation.lambda$wrap$6(ObservationWebFilterChainDecorator.java:560)
	|_      Mono.doOnCancel ⇢ at org.springframework.security.web.server.ObservationWebFilterChainDecorator$WebFilterObservation$SimpleWebFilterObservation.lambda$wrap$6(ObservationWebFilterChainDecorator.java:561)
	|_       Mono.doOnError ⇢ at org.springframework.security.web.server.ObservationWebFilterChainDecorator$WebFilterObservation$SimpleWebFilterObservation.lambda$wrap$6(ObservationWebFilterChainDecorator.java:562)
	|_    Mono.contextWrite ⇢ at org.springframework.security.web.server.ObservationWebFilterChainDecorator$WebFilterObservation$SimpleWebFilterObservation.lambda$wrap$6(ObservationWebFilterChainDecorator.java:566)
	|_     Mono.doOnSuccess ⇢ at org.springframework.security.web.server.ObservationWebFilterChainDecorator$AroundWebFilterObservation$SimpleAroundWebFilterObservation.lambda$wrap$2(ObservationWebFilterChainDecorator.java:351)
	|_      Mono.doOnCancel ⇢ at org.springframework.security.web.server.ObservationWebFilterChainDecorator$AroundWebFilterObservation$SimpleAroundWebFilterObservation.lambda$wrap$2(ObservationWebFilterChainDecorator.java:352)
	|_       Mono.doOnError ⇢ at org.springframework.security.web.server.ObservationWebFilterChainDecorator$AroundWebFilterObservation$SimpleAroundWebFilterObservation.lambda$wrap$2(ObservationWebFilterChainDecorator.java:353)
	*__Mono.deferContextual ⇢ at org.springframework.security.web.server.ObservationWebFilterChainDecorator.lambda$wrapSecured$1(ObservationWebFilterChainDecorator.java:76)
	*____________Mono.defer ⇢ at org.springframework.security.web.server.ObservationWebFilterChainDecorator$ObservationWebFilterChain.filter(ObservationWebFilterChainDecorator.java:152)
	*____Mono.switchIfEmpty ⇢ at org.springframework.security.web.server.authorization.AuthorizationWebFilter.filter(AuthorizationWebFilter.java:56)
	|_     Mono.doOnSuccess ⇢ at org.springframework.security.web.server.ObservationWebFilterChainDecorator$ObservationWebFilter.wrapFilter(ObservationWebFilterChainDecorator.java:211)
	|_           checkpoint ⇢ AuthorizationWebFilter [DefaultWebFilterChain]
	*____________Mono.defer ⇢ at org.springframework.security.web.server.ObservationWebFilterChainDecorator$ObservationWebFilterChain.filter(ObservationWebFilterChainDecorator.java:152)
	|_   Mono.onErrorResume ⇢ at org.springframework.security.web.server.authorization.ExceptionTranslationWebFilter.filter(ExceptionTranslationWebFilter.java:53)
	|_     Mono.doOnSuccess ⇢ at org.springframework.security.web.server.ObservationWebFilterChainDecorator$ObservationWebFilter.wrapFilter(ObservationWebFilterChainDecorator.java:211)
	|_           checkpoint ⇢ ExceptionTranslationWebFilter [DefaultWebFilterChain]
	*____________Mono.defer ⇢ at org.springframework.security.web.server.ObservationWebFilterChainDecorator$ObservationWebFilterChain.filter(ObservationWebFilterChainDecorator.java:152)
	*__________Mono.flatMap ⇢ at org.springframework.security.web.server.savedrequest.ServerRequestCacheWebFilter.filter(ServerRequestCacheWebFilter.java:41)
	|_     Mono.doOnSuccess ⇢ at org.springframework.security.web.server.ObservationWebFilterChainDecorator$ObservationWebFilter.wrapFilter(ObservationWebFilterChainDecorator.java:211)
	|_           checkpoint ⇢ ServerRequestCacheWebFilter [DefaultWebFilterChain]
	*____________Mono.defer ⇢ at org.springframework.security.web.server.ObservationWebFilterChainDecorator$ObservationWebFilterChain.filter(ObservationWebFilterChainDecorator.java:152)
	|_     Mono.doOnSuccess ⇢ at org.springframework.security.web.server.ObservationWebFilterChainDecorator$ObservationWebFilter.wrapFilter(ObservationWebFilterChainDecorator.java:211)
	|_           checkpoint ⇢ SecurityContextServerWebExchangeWebFilter [DefaultWebFilterChain]
	*____________Mono.defer ⇢ at org.springframework.security.web.server.ObservationWebFilterChainDecorator$ObservationWebFilterChain.filter(ObservationWebFilterChainDecorator.java:152)
	|_    Mono.contextWrite ⇢ at org.springframework.security.web.server.context.ReactorContextWebFilter.filter(ReactorContextWebFilter.java:48)
	|_     Mono.doOnSuccess ⇢ at org.springframework.security.web.server.ObservationWebFilterChainDecorator$ObservationWebFilter.wrapFilter(ObservationWebFilterChainDecorator.java:211)
	|_           checkpoint ⇢ ReactorContextWebFilter [DefaultWebFilterChain]
	*____________Mono.defer ⇢ at org.springframework.security.web.server.ObservationWebFilterChainDecorator$ObservationWebFilterChain.filter(ObservationWebFilterChainDecorator.java:152)
	|_     Mono.doOnSuccess ⇢ at org.springframework.security.web.server.ObservationWebFilterChainDecorator$ObservationWebFilter.wrapFilter(ObservationWebFilterChainDecorator.java:211)
	|_           checkpoint ⇢ HttpHeaderWriterWebFilter [DefaultWebFilterChain]
	*____________Mono.defer ⇢ at org.springframework.security.web.server.ObservationWebFilterChainDecorator$ObservationWebFilterChain.filter(ObservationWebFilterChainDecorator.java:152)
	|_    Mono.contextWrite ⇢ at org.springframework.security.config.web.server.ServerHttpSecurity$ServerWebExchangeReactorContextWebFilter.filter(ServerHttpSecurity.java:4059)
	|_     Mono.doOnSuccess ⇢ at org.springframework.security.web.server.ObservationWebFilterChainDecorator$ObservationWebFilter.wrapFilter(ObservationWebFilterChainDecorator.java:211)
	|_     Mono.doOnSuccess ⇢ at org.springframework.security.web.server.ObservationWebFilterChainDecorator$AroundWebFilterObservation$SimpleAroundWebFilterObservation.lambda$wrap$6(ObservationWebFilterChainDecorator.java:367)
	|_      Mono.doOnCancel ⇢ at org.springframework.security.web.server.ObservationWebFilterChainDecorator$AroundWebFilterObservation$SimpleAroundWebFilterObservation.lambda$wrap$6(ObservationWebFilterChainDecorator.java:368)
	|_       Mono.doOnError ⇢ at org.springframework.security.web.server.ObservationWebFilterChainDecorator$AroundWebFilterObservation$SimpleAroundWebFilterObservation.lambda$wrap$6(ObservationWebFilterChainDecorator.java:369)
	|_    Mono.contextWrite ⇢ at org.springframework.security.web.server.ObservationWebFilterChainDecorator$AroundWebFilterObservation$SimpleAroundWebFilterObservation.lambda$wrap$6(ObservationWebFilterChainDecorator.java:373)
	*__Mono.deferContextual ⇢ at org.springframework.security.web.server.ObservationWebFilterChainDecorator$ObservationWebFilter.filter(ObservationWebFilterChainDecorator.java:193)
	|_           checkpoint ⇢ ServerWebExchangeReactorContextWebFilter [DefaultWebFilterChain]
	*____________Mono.defer ⇢ at org.springframework.security.web.server.ObservationWebFilterChainDecorator$ObservationWebFilterChain.filter(ObservationWebFilterChainDecorator.java:152)
	*__________Mono.flatMap ⇢ at org.springframework.security.web.server.WebFilterChainProxy.filterFirewalledExchange(WebFilterChainProxy.java:78)
	*__________Mono.flatMap ⇢ at org.springframework.security.web.server.WebFilterChainProxy.filter(WebFilterChainProxy.java:65)
	|_   Mono.onErrorResume ⇢ at org.springframework.security.web.server.WebFilterChainProxy.filter(WebFilterChainProxy.java:66)
	|_           checkpoint ⇢ org.springframework.security.web.server.WebFilterChainProxy [DefaultWebFilterChain]
	*____________Mono.defer ⇢ at org.springframework.web.server.handler.DefaultWebFilterChain.filter(DefaultWebFilterChain.java:106)
	|_       Mono.doOnError ⇢ at org.springframework.web.server.handler.ExceptionHandlingWebHandler.handle(ExceptionHandlingWebHandler.java:84)
	|_   Mono.onErrorResume ⇢ at org.springframework.web.server.handler.ExceptionHandlingWebHandler.handle(ExceptionHandlingWebHandler.java:85)
	|_       Mono.doOnError ⇢ at org.springframework.web.server.handler.ExceptionHandlingWebHandler.handle(ExceptionHandlingWebHandler.java:84)
	*____________Mono.error ⇢ at org.springframework.web.server.handler.ExceptionHandlingWebHandler$CheckpointInsertingHandler.handle(ExceptionHandlingWebHandler.java:106)
	|_           checkpoint ⇢ HTTP POST "/api/v1/solicitud" [ExceptionHandlingWebHandler]
Original Stack Trace:
		at co.com.pragma.usecase.solicitud.SolicitudUseCase.lambda$save$0(SolicitudUseCase.java:28) ~[main/:na]
		at reactor.core.publisher.MonoFlatMap$FlatMapMain.onNext(MonoFlatMap.java:132) ~[reactor-core-3.7.8.jar:3.7.8]
		at io.github.resilience4j.reactor.circuitbreaker.operator.CircuitBreakerSubscriber.hookOnNext(CircuitBreakerSubscriber.java:59) ~[resilience4j-reactor-2.3.0.jar:2.3.0]
		at reactor.core.publisher.BaseSubscriber.onNext(BaseSubscriber.java:160) ~[reactor-core-3.7.8.jar:3.7.8]
		at reactor.core.publisher.MonoPeekTerminal$MonoTerminalPeekSubscriber.onNext(MonoPeekTerminal.java:180) ~[reactor-core-3.7.8.jar:3.7.8]
		at reactor.core.publisher.FluxPeekFuseable$PeekFuseableConditionalSubscriber.onNext(FluxPeekFuseable.java:503) ~[reactor-core-3.7.8.jar:3.7.8]
		at reactor.core.publisher.FluxOnErrorResume$ResumeSubscriber.onNext(FluxOnErrorResume.java:79) ~[reactor-core-3.7.8.jar:3.7.8]
		at reactor.core.publisher.Operators$ScalarSubscription.request(Operators.java:2570) ~[reactor-core-3.7.8.jar:3.7.8]
		at reactor.core.publisher.Operators$MultiSubscriptionSubscriber.set(Operators.java:2366) ~[reactor-core-3.7.8.jar:3.7.8]
		at reactor.core.publisher.FluxOnErrorResume$ResumeSubscriber.onSubscribe(FluxOnErrorResume.java:74) ~[reactor-core-3.7.8.jar:3.7.8]
		at reactor.core.publisher.MonoJust.subscribe(MonoJust.java:55) ~[reactor-core-3.7.8.jar:3.7.8]
		at reactor.core.publisher.Mono.subscribe(Mono.java:4576) ~[reactor-core-3.7.8.jar:3.7.8]
		at reactor.core.publisher.FluxOnErrorResume$ResumeSubscriber.onError(FluxOnErrorResume.java:103) ~[reactor-core-3.7.8.jar:3.7.8]
		at reactor.core.publisher.FluxMapFuseable$MapFuseableSubscriber.onError(FluxMapFuseable.java:142) ~[reactor-core-3.7.8.jar:3.7.8]
		at reactor.core.publisher.FluxPeekFuseable$PeekFuseableSubscriber.onError(FluxPeekFuseable.java:234) ~[reactor-core-3.7.8.jar:3.7.8]
		at reactor.core.publisher.MonoFlatMap$FlatMapMain.secondError(MonoFlatMap.java:241) ~[reactor-core-3.7.8.jar:3.7.8]
		at reactor.core.publisher.MonoFlatMap$FlatMapInner.onError(MonoFlatMap.java:315) ~[reactor-core-3.7.8.jar:3.7.8]
		at reactor.core.publisher.Operators$MultiSubscriptionSubscriber.onError(Operators.java:2235) ~[reactor-core-3.7.8.jar:3.7.8]
		at reactor.core.publisher.MonoFlatMap$FlatMapMain.onError(MonoFlatMap.java:180) ~[reactor-core-3.7.8.jar:3.7.8]
		at reactor.core.publisher.FluxOnErrorResume$ResumeSubscriber.onError(FluxOnErrorResume.java:106) ~[reactor-core-3.7.8.jar:3.7.8]
		at reactor.core.publisher.MonoIgnoreThen$ThenIgnoreMain.onError(MonoIgnoreThen.java:280) ~[reactor-core-3.7.8.jar:3.7.8]
		at reactor.core.publisher.MonoIgnoreThen$ThenIgnoreMain.subscribeNext(MonoIgnoreThen.java:232) ~[reactor-core-3.7.8.jar:3.7.8]
		at reactor.core.publisher.MonoIgnoreThen$ThenIgnoreMain.onComplete(MonoIgnoreThen.java:204) ~[reactor-core-3.7.8.jar:3.7.8]
		at reactor.core.publisher.FluxOnErrorReturn$ReturnSubscriber.onComplete(FluxOnErrorReturn.java:169) ~[reactor-core-3.7.8.jar:3.7.8]
		at reactor.core.publisher.MonoIgnoreElements$IgnoreElementsSubscriber.onComplete(MonoIgnoreElements.java:89) ~[reactor-core-3.7.8.jar:3.7.8]
		at reactor.core.publisher.FluxMapFuseable$MapFuseableSubscriber.onComplete(FluxMapFuseable.java:152) ~[reactor-core-3.7.8.jar:3.7.8]
		at reactor.core.publisher.FluxMapFuseable$MapFuseableSubscriber.onComplete(FluxMapFuseable.java:152) ~[reactor-core-3.7.8.jar:3.7.8]
		at reactor.core.publisher.FluxPeekFuseable$PeekFuseableSubscriber.onComplete(FluxPeekFuseable.java:277) ~[reactor-core-3.7.8.jar:3.7.8]
		at reactor.core.publisher.FluxMap$MapSubscriber.onComplete(FluxMap.java:144) ~[reactor-core-3.7.8.jar:3.7.8]
		at reactor.core.publisher.Operators.complete(Operators.java:137) ~[reactor-core-3.7.8.jar:3.7.8]
		at reactor.netty.channel.FluxReceive.startReceiver(FluxReceive.java:179) ~[reactor-netty-core-1.2.8.jar:1.2.8]
		at reactor.netty.channel.FluxReceive.subscribe(FluxReceive.java:145) ~[reactor-netty-core-1.2.8.jar:1.2.8]
		at reactor.core.publisher.InternalFluxOperator.subscribe(InternalFluxOperator.java:68) ~[reactor-core-3.7.8.jar:3.7.8]
		at reactor.netty.ByteBufFlux.subscribe(ByteBufFlux.java:340) ~[reactor-netty-core-1.2.8.jar:1.2.8]
		at reactor.core.publisher.Mono.subscribe(Mono.java:4576) ~[reactor-core-3.7.8.jar:3.7.8]
		at reactor.core.publisher.MonoIgnoreThen$ThenIgnoreMain.subscribeNext(MonoIgnoreThen.java:265) ~[reactor-core-3.7.8.jar:3.7.8]
		at reactor.core.publisher.MonoIgnoreThen.subscribe(MonoIgnoreThen.java:51) ~[reactor-core-3.7.8.jar:3.7.8]
		at reactor.core.publisher.Mono.subscribe(Mono.java:4576) ~[reactor-core-3.7.8.jar:3.7.8]
		at reactor.core.publisher.FluxOnErrorResume$ResumeSubscriber.onError(FluxOnErrorResume.java:103) ~[reactor-core-3.7.8.jar:3.7.8]
		at reactor.core.publisher.MonoFlatMap$FlatMapMain.secondError(MonoFlatMap.java:241) ~[reactor-core-3.7.8.jar:3.7.8]
		at reactor.core.publisher.MonoFlatMap$FlatMapInner.onError(MonoFlatMap.java:315) ~[reactor-core-3.7.8.jar:3.7.8]
		at reactor.core.publisher.MonoIgnoreThen$ThenIgnoreMain.onError(MonoIgnoreThen.java:280) ~[reactor-core-3.7.8.jar:3.7.8]
		at reactor.core.publisher.MonoIgnoreThen$ThenIgnoreMain.subscribeNext(MonoIgnoreThen.java:232) ~[reactor-core-3.7.8.jar:3.7.8]
		at reactor.core.publisher.MonoIgnoreThen$ThenIgnoreMain.onComplete(MonoIgnoreThen.java:204) ~[reactor-core-3.7.8.jar:3.7.8]
		at reactor.core.publisher.FluxOnErrorReturn$ReturnSubscriber.onComplete(FluxOnErrorReturn.java:169) ~[reactor-core-3.7.8.jar:3.7.8]
		at reactor.core.publisher.MonoIgnoreElements$IgnoreElementsSubscriber.onComplete(MonoIgnoreElements.java:89) ~[reactor-core-3.7.8.jar:3.7.8]
		at reactor.core.publisher.FluxMapFuseable$MapFuseableSubscriber.onComplete(FluxMapFuseable.java:152) ~[reactor-core-3.7.8.jar:3.7.8]
		at reactor.core.publisher.FluxMapFuseable$MapFuseableSubscriber.onComplete(FluxMapFuseable.java:152) ~[reactor-core-3.7.8.jar:3.7.8]
		at reactor.core.publisher.FluxPeekFuseable$PeekFuseableSubscriber.onComplete(FluxPeekFuseable.java:277) ~[reactor-core-3.7.8.jar:3.7.8]
		at reactor.core.publisher.FluxMap$MapSubscriber.onComplete(FluxMap.java:144) ~[reactor-core-3.7.8.jar:3.7.8]
		at reactor.core.publisher.Operators.complete(Operators.java:137) ~[reactor-core-3.7.8.jar:3.7.8]
		at reactor.netty.channel.FluxReceive.startReceiver(FluxReceive.java:179) ~[reactor-netty-core-1.2.8.jar:1.2.8]
		at reactor.netty.channel.FluxReceive.subscribe(FluxReceive.java:145) ~[reactor-netty-core-1.2.8.jar:1.2.8]
		at reactor.core.publisher.InternalFluxOperator.subscribe(InternalFluxOperator.java:68) ~[reactor-core-3.7.8.jar:3.7.8]
		at reactor.netty.ByteBufFlux.subscribe(ByteBufFlux.java:340) ~[reactor-netty-core-1.2.8.jar:1.2.8]
		at reactor.core.publisher.Mono.subscribe(Mono.java:4576) ~[reactor-core-3.7.8.jar:3.7.8]
		at reactor.core.publisher.MonoIgnoreThen$ThenIgnoreMain.subscribeNext(MonoIgnoreThen.java:265) ~[reactor-core-3.7.8.jar:3.7.8]
		at reactor.core.publisher.MonoIgnoreThen.subscribe(MonoIgnoreThen.java:51) ~[reactor-core-3.7.8.jar:3.7.8]
		at reactor.core.publisher.InternalMonoOperator.subscribe(InternalMonoOperator.java:76) ~[reactor-core-3.7.8.jar:3.7.8]
		at reactor.core.publisher.MonoFlatMap$FlatMapMain.onNext(MonoFlatMap.java:165) ~[reactor-core-3.7.8.jar:3.7.8]
		at reactor.core.publisher.FluxMapFuseable$MapFuseableSubscriber.onNext(FluxMapFuseable.java:129) ~[reactor-core-3.7.8.jar:3.7.8]
		at reactor.core.publisher.FluxOnErrorReturn$ReturnSubscriber.onNext(FluxOnErrorReturn.java:162) ~[reactor-core-3.7.8.jar:3.7.8]
		at reactor.core.publisher.Operators$BaseFluxToMonoOperator.completePossiblyEmpty(Operators.java:2096) ~[reactor-core-3.7.8.jar:3.7.8]
		at reactor.core.publisher.FluxDefaultIfEmpty$DefaultIfEmptySubscriber.onComplete(FluxDefaultIfEmpty.java:134) ~[reactor-core-3.7.8.jar:3.7.8]
		at reactor.core.publisher.FluxMapFuseable$MapFuseableSubscriber.onComplete(FluxMapFuseable.java:152) ~[reactor-core-3.7.8.jar:3.7.8]
		at reactor.core.publisher.FluxContextWrite$ContextWriteSubscriber.onComplete(FluxContextWrite.java:126) ~[reactor-core-3.7.8.jar:3.7.8]
		at reactor.core.publisher.FluxMapFuseable$MapFuseableConditionalSubscriber.onComplete(FluxMapFuseable.java:350) ~[reactor-core-3.7.8.jar:3.7.8]
		at reactor.core.publisher.FluxFilterFuseable$FilterFuseableConditionalSubscriber.onComplete(FluxFilterFuseable.java:391) ~[reactor-core-3.7.8.jar:3.7.8]
		at reactor.core.publisher.Operators$BaseFluxToMonoOperator.completePossiblyEmpty(Operators.java:2097) ~[reactor-core-3.7.8.jar:3.7.8]
		at reactor.core.publisher.MonoCollect$CollectSubscriber.onComplete(MonoCollect.java:145) ~[reactor-core-3.7.8.jar:3.7.8]
		at reactor.core.publisher.FluxMapFuseable$MapFuseableSubscriber.onComplete(FluxMapFuseable.java:152) ~[reactor-core-3.7.8.jar:3.7.8]
		at reactor.core.publisher.FluxPeekFuseable$PeekFuseableSubscriber.onComplete(FluxPeekFuseable.java:277) ~[reactor-core-3.7.8.jar:3.7.8]
		at reactor.core.publisher.FluxMap$MapSubscriber.onComplete(FluxMap.java:144) ~[reactor-core-3.7.8.jar:3.7.8]
		at reactor.netty.channel.FluxReceive.onInboundComplete(FluxReceive.java:413) ~[reactor-netty-core-1.2.8.jar:1.2.8]
		at reactor.netty.channel.ChannelOperations.onInboundComplete(ChannelOperations.java:455) ~[reactor-netty-core-1.2.8.jar:1.2.8]
		at reactor.netty.channel.ChannelOperations.terminate(ChannelOperations.java:509) ~[reactor-netty-core-1.2.8.jar:1.2.8]
		at reactor.netty.http.client.HttpClientOperations.onInboundNext(HttpClientOperations.java:821) ~[reactor-netty-http-1.2.8.jar:1.2.8]
		at reactor.netty.channel.ChannelOperationsHandler.channelRead(ChannelOperationsHandler.java:115) ~[reactor-netty-core-1.2.8.jar:1.2.8]
		at io.netty.channel.AbstractChannelHandlerContext.invokeChannelRead(AbstractChannelHandlerContext.java:444) ~[netty-transport-4.1.123.Final.jar:4.1.123.Final]
		at io.netty.channel.AbstractChannelHandlerContext.invokeChannelRead(AbstractChannelHandlerContext.java:420) ~[netty-transport-4.1.123.Final.jar:4.1.123.Final]
		at io.netty.channel.AbstractChannelHandlerContext.fireChannelRead(AbstractChannelHandlerContext.java:412) ~[netty-transport-4.1.123.Final.jar:4.1.123.Final]
		at io.netty.handler.timeout.IdleStateHandler.channelRead(IdleStateHandler.java:289) ~[netty-handler-4.1.123.Final.jar:4.1.123.Final]
		at io.netty.channel.AbstractChannelHandlerContext.invokeChannelRead(AbstractChannelHandlerContext.java:442) ~[netty-transport-4.1.123.Final.jar:4.1.123.Final]
		at io.netty.channel.AbstractChannelHandlerContext.invokeChannelRead(AbstractChannelHandlerContext.java:420) ~[netty-transport-4.1.123.Final.jar:4.1.123.Final]
		at io.netty.channel.AbstractChannelHandlerContext.fireChannelRead(AbstractChannelHandlerContext.java:412) ~[netty-transport-4.1.123.Final.jar:4.1.123.Final]
		at io.netty.handler.codec.MessageToMessageDecoder.channelRead(MessageToMessageDecoder.java:107) ~[netty-codec-4.1.123.Final.jar:4.1.123.Final]
		at io.netty.channel.AbstractChannelHandlerContext.invokeChannelRead(AbstractChannelHandlerContext.java:444) ~[netty-transport-4.1.123.Final.jar:4.1.123.Final]
		at io.netty.channel.AbstractChannelHandlerContext.invokeChannelRead(AbstractChannelHandlerContext.java:420) ~[netty-transport-4.1.123.Final.jar:4.1.123.Final]
		at io.netty.channel.AbstractChannelHandlerContext.fireChannelRead(AbstractChannelHandlerContext.java:412) ~[netty-transport-4.1.123.Final.jar:4.1.123.Final]
		at io.netty.channel.CombinedChannelDuplexHandler$DelegatingChannelHandlerContext.fireChannelRead(CombinedChannelDuplexHandler.java:436) ~[netty-transport-4.1.123.Final.jar:4.1.123.Final]
		at io.netty.handler.codec.ByteToMessageDecoder.fireChannelRead(ByteToMessageDecoder.java:346) ~[netty-codec-4.1.123.Final.jar:4.1.123.Final]
		at io.netty.handler.codec.ByteToMessageDecoder.channelRead(ByteToMessageDecoder.java:318) ~[netty-codec-4.1.123.Final.jar:4.1.123.Final]
		at io.netty.channel.CombinedChannelDuplexHandler.channelRead(CombinedChannelDuplexHandler.java:251) ~[netty-transport-4.1.123.Final.jar:4.1.123.Final]
		at io.netty.channel.AbstractChannelHandlerContext.invokeChannelRead(AbstractChannelHandlerContext.java:442) ~[netty-transport-4.1.123.Final.jar:4.1.123.Final]
		at io.netty.channel.AbstractChannelHandlerContext.invokeChannelRead(AbstractChannelHandlerContext.java:420) ~[netty-transport-4.1.123.Final.jar:4.1.123.Final]
		at io.netty.channel.AbstractChannelHandlerContext.fireChannelRead(AbstractChannelHandlerContext.java:412) ~[netty-transport-4.1.123.Final.jar:4.1.123.Final]
		at io.netty.channel.DefaultChannelPipeline$HeadContext.channelRead(DefaultChannelPipeline.java:1357) ~[netty-transport-4.1.123.Final.jar:4.1.123.Final]
		at io.netty.channel.AbstractChannelHandlerContext.invokeChannelRead(AbstractChannelHandlerContext.java:440) ~[netty-transport-4.1.123.Final.jar:4.1.123.Final]
		at io.netty.channel.AbstractChannelHandlerContext.invokeChannelRead(AbstractChannelHandlerContext.java:420) ~[netty-transport-4.1.123.Final.jar:4.1.123.Final]
		at io.netty.channel.DefaultChannelPipeline.fireChannelRead(DefaultChannelPipeline.java:868) ~[netty-transport-4.1.123.Final.jar:4.1.123.Final]
		at io.netty.channel.nio.AbstractNioByteChannel$NioByteUnsafe.read(AbstractNioByteChannel.java:166) ~[netty-transport-4.1.123.Final.jar:4.1.123.Final]
		at io.netty.channel.nio.NioEventLoop.processSelectedKey(NioEventLoop.java:796) ~[netty-transport-4.1.123.Final.jar:4.1.123.Final]
		at io.netty.channel.nio.NioEventLoop.processSelectedKeysOptimized(NioEventLoop.java:732) ~[netty-transport-4.1.123.Final.jar:4.1.123.Final]
		at io.netty.channel.nio.NioEventLoop.processSelectedKeys(NioEventLoop.java:658) ~[netty-transport-4.1.123.Final.jar:4.1.123.Final]
		at io.netty.channel.nio.NioEventLoop.run(NioEventLoop.java:562) ~[netty-transport-4.1.123.Final.jar:4.1.123.Final]
		at io.netty.util.concurrent.SingleThreadEventExecutor$4.run(SingleThreadEventExecutor.java:998) ~[netty-common-4.1.123.Final.jar:4.1.123.Final]
		at io.netty.util.internal.ThreadExecutorMap$2.run(ThreadExecutorMap.java:74) ~[netty-common-4.1.123.Final.jar:4.1.123.Final]
		at io.netty.util.concurrent.FastThreadLocalRunnable.run(FastThreadLocalRunnable.java:30) ~[netty-common-4.1.123.Final.jar:4.1.123.Final]
		at java.base/java.lang.Thread.run(Thread.java:1447) ~[na:na]

2025-09-04T19:00:20.914-05:00  INFO 15784 --- [ReactiveProject] [SpringApplicationShutdownHook] o.s.b.w.embedded.netty.GracefulShutdown  : Commencing graceful shutdown. Waiting for active requests to complete
2025-09-04T19:00:20.917-05:00  INFO 15784 --- [ReactiveProject] [netty-shutdown] o.s.b.w.embedded.netty.GracefulShutdown  : Graceful shutdown complete
2025-09-04T19:05:23.251-05:00  INFO 36688 --- [ReactiveProject] [restartedMain] co.com.pragma.MainApplication            : Starting MainApplication using Java 24.0.2 with PID 36688 (C:\workspace\pragma\Feature_H2_Solicitud\applications\app-service\build\classes\java\main started by r578 in C:\workspace\pragma\Feature_H2_Solicitud)
2025-09-04T19:05:23.269-05:00 DEBUG 36688 --- [ReactiveProject] [restartedMain] co.com.pragma.MainApplication            : Running with Spring Boot v3.5.4, Spring v6.2.9
2025-09-04T19:05:23.275-05:00  INFO 36688 --- [ReactiveProject] [restartedMain] co.com.pragma.MainApplication            : No active profile set, falling back to 1 default profile: "default"
2025-09-04T19:05:23.758-05:00  INFO 36688 --- [ReactiveProject] [restartedMain] .e.DevToolsPropertyDefaultsPostProcessor : For additional web related logging consider setting the 'logging.level.web' property to 'DEBUG'
2025-09-04T19:05:36.969-05:00  INFO 36688 --- [ReactiveProject] [restartedMain] .s.d.r.c.RepositoryConfigurationDelegate : Bootstrapping Spring Data R2DBC repositories in DEFAULT mode.
2025-09-04T19:05:38.400-05:00  INFO 36688 --- [ReactiveProject] [restartedMain] .s.d.r.c.RepositoryConfigurationDelegate : Finished Spring Data repository scanning in 1387 ms. Found 2 R2DBC repository interfaces.
2025-09-04T19:05:48.233-05:00  INFO 36688 --- [ReactiveProject] [restartedMain] o.s.b.d.a.OptionalLiveReloadServer       : LiveReload server is running on port 35729
2025-09-04T19:05:54.899-05:00  INFO 36688 --- [ReactiveProject] [restartedMain] o.s.b.a.e.web.EndpointLinksResolver      : Exposing 2 endpoints beneath base path '/actuator'
2025-09-04T19:05:58.322-05:00  INFO 36688 --- [ReactiveProject] [restartedMain] o.s.b.web.embedded.netty.NettyWebServer  : Netty started on port 8081 (http)
2025-09-04T19:05:58.349-05:00  INFO 36688 --- [ReactiveProject] [restartedMain] co.com.pragma.MainApplication            : Started MainApplication in 39.309 seconds (process running for 44.932)
2025-09-04T19:06:45.321-05:00  INFO 36688 --- [ReactiveProject] [parallel-2] co.com.pragma.api.Handler                : Solicitud POST /api/v1/solicitud
2025-09-04T19:06:45.622-05:00 DEBUG 36688 --- [ReactiveProject] [parallel-2] co.com.pragma.api.Handler                : Iniciando flujo de guardado de solicitud
2025-09-04T19:06:46.100-05:00  WARN 36688 --- [ReactiveProject] [reactor-http-nio-3] jakarta.persistence.spi                  : jakarta.persistence.spi::No valid providers found.
2025-09-04T19:06:46.297-05:00  INFO 36688 --- [ReactiveProject] [reactor-http-nio-3] co.com.pragma.api.Handler                : Petición recibida para crear peticion: RequestSolicitud[monto=33000.0, plazo=20, correoElectronico=prueba@test.com, id_estado=null, idTipoPrestamo=99, identificacion=123456]
2025-09-04T19:06:46.417-05:00 ERROR 36688 --- [ReactiveProject] [reactor-http-nio-3] co.com.pragma.api.Handler                : Error al guardar la solicitud

java.lang.NullPointerException: Cannot invoke "Object.toString()" because the return value of "org.springframework.security.core.Authentication.getCredentials()" is null
	at co.com.pragma.consumer.RestConsumer.lambda$existeUsuario$0(RestConsumer.java:29) ~[main/:na]
	at reactor.core.publisher.FluxMapFuseable$MapFuseableSubscriber.onNext(FluxMapFuseable.java:113) ~[reactor-core-3.7.8.jar:3.7.8]
	at reactor.core.publisher.MonoFlatMap$FlatMapMain.secondComplete(MonoFlatMap.java:245) ~[reactor-core-3.7.8.jar:3.7.8]
	at reactor.core.publisher.MonoFlatMap$FlatMapInner.onNext(MonoFlatMap.java:305) ~[reactor-core-3.7.8.jar:3.7.8]
	at reactor.core.publisher.FluxMapFuseable$MapFuseableSubscriber.onNext(FluxMapFuseable.java:129) ~[reactor-core-3.7.8.jar:3.7.8]
	at reactor.core.publisher.FluxMapFuseable$MapFuseableSubscriber.onNext(FluxMapFuseable.java:129) ~[reactor-core-3.7.8.jar:3.7.8]
	at reactor.core.publisher.FluxFilterFuseable$FilterFuseableSubscriber.onNext(FluxFilterFuseable.java:118) ~[reactor-core-3.7.8.jar:3.7.8]
	at reactor.core.publisher.MonoCallable$MonoCallableSubscription.request(MonoCallable.java:156) ~[reactor-core-3.7.8.jar:3.7.8]
	at reactor.core.publisher.FluxFilterFuseable$FilterFuseableSubscriber.request(FluxFilterFuseable.java:191) ~[reactor-core-3.7.8.jar:3.7.8]
	at reactor.core.publisher.FluxMapFuseable$MapFuseableSubscriber.request(FluxMapFuseable.java:171) ~[reactor-core-3.7.8.jar:3.7.8]
	at reactor.core.publisher.FluxMapFuseable$MapFuseableSubscriber.request(FluxMapFuseable.java:171) ~[reactor-core-3.7.8.jar:3.7.8]
	at reactor.core.publisher.MonoFlatMap$FlatMapInner.onSubscribe(MonoFlatMap.java:291) ~[reactor-core-3.7.8.jar:3.7.8]
	at reactor.core.publisher.FluxMapFuseable$MapFuseableSubscriber.onSubscribe(FluxMapFuseable.java:96) ~[reactor-core-3.7.8.jar:3.7.8]
	at reactor.core.publisher.FluxMapFuseable$MapFuseableSubscriber.onSubscribe(FluxMapFuseable.java:96) ~[reactor-core-3.7.8.jar:3.7.8]
	at reactor.core.publisher.FluxFilterFuseable$FilterFuseableSubscriber.onSubscribe(FluxFilterFuseable.java:87) ~[reactor-core-3.7.8.jar:3.7.8]
	at reactor.core.publisher.MonoCallable.subscribe(MonoCallable.java:48) ~[reactor-core-3.7.8.jar:3.7.8]
	at reactor.core.publisher.InternalMonoOperator.subscribe(InternalMonoOperator.java:76) ~[reactor-core-3.7.8.jar:3.7.8]
	at reactor.core.publisher.MonoFlatMap$FlatMapMain.onNext(MonoFlatMap.java:165) ~[reactor-core-3.7.8.jar:3.7.8]
	at reactor.core.publisher.FluxFilter$FilterSubscriber.onNext(FluxFilter.java:113) ~[reactor-core-3.7.8.jar:3.7.8]
	at reactor.core.publisher.FluxMap$MapConditionalSubscriber.onNext(FluxMap.java:224) ~[reactor-core-3.7.8.jar:3.7.8]
	at reactor.core.publisher.Operators$ScalarSubscription.request(Operators.java:2570) ~[reactor-core-3.7.8.jar:3.7.8]
	at reactor.core.publisher.FluxMap$MapConditionalSubscriber.request(FluxMap.java:295) ~[reactor-core-3.7.8.jar:3.7.8]
	at reactor.core.publisher.FluxFilter$FilterSubscriber.request(FluxFilter.java:186) ~[reactor-core-3.7.8.jar:3.7.8]
	at reactor.core.publisher.MonoFlatMap$FlatMapMain.request(MonoFlatMap.java:194) ~[reactor-core-3.7.8.jar:3.7.8]
	at reactor.core.publisher.FluxMapFuseable$MapFuseableSubscriber.request(FluxMapFuseable.java:171) ~[reactor-core-3.7.8.jar:3.7.8]
	at reactor.core.publisher.MonoFlatMap$FlatMapMain.request(MonoFlatMap.java:194) ~[reactor-core-3.7.8.jar:3.7.8]
	at reactor.core.publisher.BaseSubscriber.request(BaseSubscriber.java:214) ~[reactor-core-3.7.8.jar:3.7.8]
	at reactor.core.publisher.MonoFlatMap$FlatMapMain.request(MonoFlatMap.java:194) ~[reactor-core-3.7.8.jar:3.7.8]
	at reactor.core.publisher.MonoFlatMap$FlatMapInner.onSubscribe(MonoFlatMap.java:291) ~[reactor-core-3.7.8.jar:3.7.8]
	at reactor.core.publisher.MonoFlatMap$FlatMapMain.onSubscribe(MonoFlatMap.java:117) ~[reactor-core-3.7.8.jar:3.7.8]
	at io.github.resilience4j.reactor.AbstractSubscriber.hookOnSubscribe(AbstractSubscriber.java:43) ~[resilience4j-reactor-2.3.0.jar:2.3.0]
	at reactor.core.publisher.BaseSubscriber.onSubscribe(BaseSubscriber.java:148) ~[reactor-core-3.7.8.jar:3.7.8]
	at reactor.core.publisher.MonoFlatMap$FlatMapMain.onSubscribe(MonoFlatMap.java:117) ~[reactor-core-3.7.8.jar:3.7.8]
	at reactor.core.publisher.FluxMapFuseable$MapFuseableSubscriber.onSubscribe(FluxMapFuseable.java:96) ~[reactor-core-3.7.8.jar:3.7.8]
	at reactor.core.publisher.MonoFlatMap$FlatMapMain.onSubscribe(MonoFlatMap.java:117) ~[reactor-core-3.7.8.jar:3.7.8]
	at reactor.core.publisher.FluxFilter$FilterSubscriber.onSubscribe(FluxFilter.java:85) ~[reactor-core-3.7.8.jar:3.7.8]
	at reactor.core.publisher.FluxMap$MapConditionalSubscriber.onSubscribe(FluxMap.java:194) ~[reactor-core-3.7.8.jar:3.7.8]
	at reactor.core.publisher.MonoJust.subscribe(MonoJust.java:55) ~[reactor-core-3.7.8.jar:3.7.8]
	at reactor.core.publisher.MonoDeferContextual.subscribe(MonoDeferContextual.java:55) ~[reactor-core-3.7.8.jar:3.7.8]
	at reactor.core.publisher.InternalMonoOperator.subscribe(InternalMonoOperator.java:76) ~[reactor-core-3.7.8.jar:3.7.8]
	at io.github.resilience4j.reactor.circuitbreaker.operator.MonoCircuitBreaker.subscribe(MonoCircuitBreaker.java:38) ~[resilience4j-reactor-2.3.0.jar:2.3.0]
	at reactor.core.publisher.MonoDefer.subscribe(MonoDefer.java:53) ~[reactor-core-3.7.8.jar:3.7.8]
	at reactor.core.publisher.InternalMonoOperator.subscribe(InternalMonoOperator.java:76) ~[reactor-core-3.7.8.jar:3.7.8]
	at reactor.core.publisher.MonoFlatMap$FlatMapMain.onNext(MonoFlatMap.java:165) ~[reactor-core-3.7.8.jar:3.7.8]
	at reactor.core.publisher.MonoZip$ZipCoordinator.signal(MonoZip.java:297) ~[reactor-core-3.7.8.jar:3.7.8]
	at reactor.core.publisher.MonoZip$ZipInner.onNext(MonoZip.java:478) ~[reactor-core-3.7.8.jar:3.7.8]
	at reactor.core.publisher.FluxMapFuseable$MapFuseableSubscriber.onNext(FluxMapFuseable.java:129) ~[reactor-core-3.7.8.jar:3.7.8]
	at reactor.core.publisher.FluxPeekFuseable$PeekFuseableSubscriber.onNext(FluxPeekFuseable.java:210) ~[reactor-core-3.7.8.jar:3.7.8]
	at reactor.core.publisher.MonoFlatMap$FlatMapMain.onNext(MonoFlatMap.java:158) ~[reactor-core-3.7.8.jar:3.7.8]
	at reactor.core.publisher.FluxOnErrorResume$ResumeSubscriber.onNext(FluxOnErrorResume.java:79) ~[reactor-core-3.7.8.jar:3.7.8]
	at reactor.core.publisher.FluxOnErrorResume$ResumeSubscriber.onNext(FluxOnErrorResume.java:79) ~[reactor-core-3.7.8.jar:3.7.8]
	at reactor.core.publisher.MonoFlatMap$FlatMapMain.onNext(MonoFlatMap.java:158) ~[reactor-core-3.7.8.jar:3.7.8]
	at reactor.core.publisher.FluxContextWrite$ContextWriteSubscriber.onNext(FluxContextWrite.java:107) ~[reactor-core-3.7.8.jar:3.7.8]
	at reactor.core.publisher.FluxMapFuseable$MapFuseableConditionalSubscriber.onNext(FluxMapFuseable.java:299) ~[reactor-core-3.7.8.jar:3.7.8]
	at reactor.core.publisher.FluxFilterFuseable$FilterFuseableConditionalSubscriber.onNext(FluxFilterFuseable.java:337) ~[reactor-core-3.7.8.jar:3.7.8]
	at reactor.core.publisher.Operators$BaseFluxToMonoOperator.completePossiblyEmpty(Operators.java:2096) ~[reactor-core-3.7.8.jar:3.7.8]
	at reactor.core.publisher.MonoCollect$CollectSubscriber.onComplete(MonoCollect.java:145) ~[reactor-core-3.7.8.jar:3.7.8]
	at reactor.core.publisher.FluxMap$MapSubscriber.onComplete(FluxMap.java:144) ~[reactor-core-3.7.8.jar:3.7.8]
	at reactor.core.publisher.FluxPeek$PeekSubscriber.onComplete(FluxPeek.java:260) ~[reactor-core-3.7.8.jar:3.7.8]
	at reactor.core.publisher.FluxMap$MapSubscriber.onComplete(FluxMap.java:144) ~[reactor-core-3.7.8.jar:3.7.8]
	at reactor.netty.channel.FluxReceive.terminateReceiver(FluxReceive.java:481) ~[reactor-netty-core-1.2.8.jar:1.2.8]
	at reactor.netty.channel.FluxReceive.drainReceiver(FluxReceive.java:273) ~[reactor-netty-core-1.2.8.jar:1.2.8]
	at reactor.netty.channel.FluxReceive.request(FluxReceive.java:131) ~[reactor-netty-core-1.2.8.jar:1.2.8]
	at reactor.core.publisher.FluxMap$MapSubscriber.request(FluxMap.java:164) ~[reactor-core-3.7.8.jar:3.7.8]
	at reactor.core.publisher.FluxPeek$PeekSubscriber.request(FluxPeek.java:138) ~[reactor-core-3.7.8.jar:3.7.8]
	at reactor.core.publisher.FluxMap$MapSubscriber.request(FluxMap.java:164) ~[reactor-core-3.7.8.jar:3.7.8]
	at reactor.core.publisher.Operators$BaseFluxToMonoOperator.request(Operators.java:2066) ~[reactor-core-3.7.8.jar:3.7.8]
	at reactor.core.publisher.FluxFilterFuseable$FilterFuseableConditionalSubscriber.request(FluxFilterFuseable.java:411) ~[reactor-core-3.7.8.jar:3.7.8]
	at reactor.core.publisher.FluxMapFuseable$MapFuseableConditionalSubscriber.request(FluxMapFuseable.java:360) ~[reactor-core-3.7.8.jar:3.7.8]
	at reactor.core.publisher.FluxContextWrite$ContextWriteSubscriber.request(FluxContextWrite.java:136) ~[reactor-core-3.7.8.jar:3.7.8]
	at reactor.core.publisher.MonoFlatMap$FlatMapMain.request(MonoFlatMap.java:194) ~[reactor-core-3.7.8.jar:3.7.8]
	at reactor.core.publisher.Operators$MultiSubscriptionSubscriber.set(Operators.java:2366) ~[reactor-core-3.7.8.jar:3.7.8]
	at reactor.core.publisher.FluxOnErrorResume$ResumeSubscriber.onSubscribe(FluxOnErrorResume.java:74) ~[reactor-core-3.7.8.jar:3.7.8]
	at reactor.core.publisher.MonoFlatMap$FlatMapMain.onSubscribe(MonoFlatMap.java:117) ~[reactor-core-3.7.8.jar:3.7.8]
	at reactor.core.publisher.FluxContextWrite$ContextWriteSubscriber.onSubscribe(FluxContextWrite.java:101) ~[reactor-core-3.7.8.jar:3.7.8]
	at reactor.core.publisher.FluxMapFuseable$MapFuseableConditionalSubscriber.onSubscribe(FluxMapFuseable.java:265) ~[reactor-core-3.7.8.jar:3.7.8]
	at reactor.core.publisher.FluxFilterFuseable$FilterFuseableConditionalSubscriber.onSubscribe(FluxFilterFuseable.java:305) ~[reactor-core-3.7.8.jar:3.7.8]
	at reactor.core.publisher.Operators$BaseFluxToMonoOperator.onSubscribe(Operators.java:2050) ~[reactor-core-3.7.8.jar:3.7.8]
	at reactor.core.publisher.FluxMap$MapSubscriber.onSubscribe(FluxMap.java:92) ~[reactor-core-3.7.8.jar:3.7.8]
	at reactor.core.publisher.FluxPeek$PeekSubscriber.onSubscribe(FluxPeek.java:171) ~[reactor-core-3.7.8.jar:3.7.8]
	at reactor.core.publisher.FluxMap$MapSubscriber.onSubscribe(FluxMap.java:92) ~[reactor-core-3.7.8.jar:3.7.8]
	at reactor.netty.channel.FluxReceive.startReceiver(FluxReceive.java:170) ~[reactor-netty-core-1.2.8.jar:1.2.8]
	at reactor.netty.channel.FluxReceive.lambda$subscribe$2(FluxReceive.java:148) ~[reactor-netty-core-1.2.8.jar:1.2.8]
	at io.netty.util.concurrent.AbstractEventExecutor.runTask(AbstractEventExecutor.java:173) ~[netty-common-4.1.123.Final.jar:4.1.123.Final]
	at io.netty.util.concurrent.AbstractEventExecutor.safeExecute$$$capture(AbstractEventExecutor.java:166) ~[netty-common-4.1.123.Final.jar:4.1.123.Final]
	at io.netty.util.concurrent.AbstractEventExecutor.safeExecute(AbstractEventExecutor.java) ~[netty-common-4.1.123.Final.jar:4.1.123.Final]
	at io.netty.util.concurrent.SingleThreadEventExecutor.runAllTasks(SingleThreadEventExecutor.java:472) ~[netty-common-4.1.123.Final.jar:4.1.123.Final]
	at io.netty.channel.nio.NioEventLoop.run(NioEventLoop.java:569) ~[netty-transport-4.1.123.Final.jar:4.1.123.Final]
	at io.netty.util.concurrent.SingleThreadEventExecutor$4.run(SingleThreadEventExecutor.java:998) ~[netty-common-4.1.123.Final.jar:4.1.123.Final]
	at io.netty.util.internal.ThreadExecutorMap$2.run(ThreadExecutorMap.java:74) ~[netty-common-4.1.123.Final.jar:4.1.123.Final]
	at io.netty.util.concurrent.FastThreadLocalRunnable.run(FastThreadLocalRunnable.java:30) ~[netty-common-4.1.123.Final.jar:4.1.123.Final]
	at java.base/java.lang.Thread.run(Thread.java:1447) ~[na:na]

2025-09-04T19:06:46.486-05:00 ERROR 36688 --- [ReactiveProject] [reactor-http-nio-3] c.c.p.api.excepcions.GlobalErrorHandler  : Error capturado globalmente: 

java.lang.NullPointerException: Cannot invoke "Object.toString()" because the return value of "org.springframework.security.core.Authentication.getCredentials()" is null
	at co.com.pragma.consumer.RestConsumer.lambda$existeUsuario$0(RestConsumer.java:29) ~[main/:na]
	Suppressed: reactor.core.publisher.FluxOnAssembly$OnAssemblyException: 
Error has been observed at the following site(s):
	*__checkpoint ⇢ org.springframework.web.cors.reactive.CorsWebFilter [DefaultWebFilterChain]
	*__checkpoint ⇢ co.com.pragma.api.config.SecurityHeadersConfig [DefaultWebFilterChain]
	*__checkpoint ⇢ AuthorizationWebFilter [DefaultWebFilterChain]
	*__checkpoint ⇢ ExceptionTranslationWebFilter [DefaultWebFilterChain]
	*__checkpoint ⇢ ServerRequestCacheWebFilter [DefaultWebFilterChain]
	*__checkpoint ⇢ SecurityContextServerWebExchangeWebFilter [DefaultWebFilterChain]
	*__checkpoint ⇢ ReactorContextWebFilter [DefaultWebFilterChain]
	*__checkpoint ⇢ HttpHeaderWriterWebFilter [DefaultWebFilterChain]
	*__checkpoint ⇢ ServerWebExchangeReactorContextWebFilter [DefaultWebFilterChain]
	*__checkpoint ⇢ org.springframework.security.web.server.WebFilterChainProxy [DefaultWebFilterChain]
	*__checkpoint ⇢ HTTP POST "/api/v1/solicitud" [ExceptionHandlingWebHandler]
Original Stack Trace:
		at co.com.pragma.consumer.RestConsumer.lambda$existeUsuario$0(RestConsumer.java:29) ~[main/:na]
		at reactor.core.publisher.FluxMapFuseable$MapFuseableSubscriber.onNext(FluxMapFuseable.java:113) ~[reactor-core-3.7.8.jar:3.7.8]
		at reactor.core.publisher.MonoFlatMap$FlatMapMain.secondComplete(MonoFlatMap.java:245) ~[reactor-core-3.7.8.jar:3.7.8]
		at reactor.core.publisher.MonoFlatMap$FlatMapInner.onNext(MonoFlatMap.java:305) ~[reactor-core-3.7.8.jar:3.7.8]
		at reactor.core.publisher.FluxMapFuseable$MapFuseableSubscriber.onNext(FluxMapFuseable.java:129) ~[reactor-core-3.7.8.jar:3.7.8]
		at reactor.core.publisher.FluxMapFuseable$MapFuseableSubscriber.onNext(FluxMapFuseable.java:129) ~[reactor-core-3.7.8.jar:3.7.8]
		at reactor.core.publisher.FluxFilterFuseable$FilterFuseableSubscriber.onNext(FluxFilterFuseable.java:118) ~[reactor-core-3.7.8.jar:3.7.8]
		at reactor.core.publisher.MonoCallable$MonoCallableSubscription.request(MonoCallable.java:156) ~[reactor-core-3.7.8.jar:3.7.8]
		at reactor.core.publisher.FluxFilterFuseable$FilterFuseableSubscriber.request(FluxFilterFuseable.java:191) ~[reactor-core-3.7.8.jar:3.7.8]
		at reactor.core.publisher.FluxMapFuseable$MapFuseableSubscriber.request(FluxMapFuseable.java:171) ~[reactor-core-3.7.8.jar:3.7.8]
		at reactor.core.publisher.FluxMapFuseable$MapFuseableSubscriber.request(FluxMapFuseable.java:171) ~[reactor-core-3.7.8.jar:3.7.8]
		at reactor.core.publisher.MonoFlatMap$FlatMapInner.onSubscribe(MonoFlatMap.java:291) ~[reactor-core-3.7.8.jar:3.7.8]
		at reactor.core.publisher.FluxMapFuseable$MapFuseableSubscriber.onSubscribe(FluxMapFuseable.java:96) ~[reactor-core-3.7.8.jar:3.7.8]
		at reactor.core.publisher.FluxMapFuseable$MapFuseableSubscriber.onSubscribe(FluxMapFuseable.java:96) ~[reactor-core-3.7.8.jar:3.7.8]
		at reactor.core.publisher.FluxFilterFuseable$FilterFuseableSubscriber.onSubscribe(FluxFilterFuseable.java:87) ~[reactor-core-3.7.8.jar:3.7.8]
		at reactor.core.publisher.MonoCallable.subscribe(MonoCallable.java:48) ~[reactor-core-3.7.8.jar:3.7.8]
		at reactor.core.publisher.InternalMonoOperator.subscribe(InternalMonoOperator.java:76) ~[reactor-core-3.7.8.jar:3.7.8]
		at reactor.core.publisher.MonoFlatMap$FlatMapMain.onNext(MonoFlatMap.java:165) ~[reactor-core-3.7.8.jar:3.7.8]
		at reactor.core.publisher.FluxFilter$FilterSubscriber.onNext(FluxFilter.java:113) ~[reactor-core-3.7.8.jar:3.7.8]
		at reactor.core.publisher.FluxMap$MapConditionalSubscriber.onNext(FluxMap.java:224) ~[reactor-core-3.7.8.jar:3.7.8]
		at reactor.core.publisher.Operators$ScalarSubscription.request(Operators.java:2570) ~[reactor-core-3.7.8.jar:3.7.8]
		at reactor.core.publisher.FluxMap$MapConditionalSubscriber.request(FluxMap.java:295) ~[reactor-core-3.7.8.jar:3.7.8]
		at reactor.core.publisher.FluxFilter$FilterSubscriber.request(FluxFilter.java:186) ~[reactor-core-3.7.8.jar:3.7.8]
		at reactor.core.publisher.MonoFlatMap$FlatMapMain.request(MonoFlatMap.java:194) ~[reactor-core-3.7.8.jar:3.7.8]
		at reactor.core.publisher.FluxMapFuseable$MapFuseableSubscriber.request(FluxMapFuseable.java:171) ~[reactor-core-3.7.8.jar:3.7.8]
		at reactor.core.publisher.MonoFlatMap$FlatMapMain.request(MonoFlatMap.java:194) ~[reactor-core-3.7.8.jar:3.7.8]
		at reactor.core.publisher.BaseSubscriber.request(BaseSubscriber.java:214) ~[reactor-core-3.7.8.jar:3.7.8]
		at reactor.core.publisher.MonoFlatMap$FlatMapMain.request(MonoFlatMap.java:194) ~[reactor-core-3.7.8.jar:3.7.8]
		at reactor.core.publisher.MonoFlatMap$FlatMapInner.onSubscribe(MonoFlatMap.java:291) ~[reactor-core-3.7.8.jar:3.7.8]
		at reactor.core.publisher.MonoFlatMap$FlatMapMain.onSubscribe(MonoFlatMap.java:117) ~[reactor-core-3.7.8.jar:3.7.8]
		at io.github.resilience4j.reactor.AbstractSubscriber.hookOnSubscribe(AbstractSubscriber.java:43) ~[resilience4j-reactor-2.3.0.jar:2.3.0]
		at reactor.core.publisher.BaseSubscriber.onSubscribe(BaseSubscriber.java:148) ~[reactor-core-3.7.8.jar:3.7.8]
		at reactor.core.publisher.MonoFlatMap$FlatMapMain.onSubscribe(MonoFlatMap.java:117) ~[reactor-core-3.7.8.jar:3.7.8]
		at reactor.core.publisher.FluxMapFuseable$MapFuseableSubscriber.onSubscribe(FluxMapFuseable.java:96) ~[reactor-core-3.7.8.jar:3.7.8]
		at reactor.core.publisher.MonoFlatMap$FlatMapMain.onSubscribe(MonoFlatMap.java:117) ~[reactor-core-3.7.8.jar:3.7.8]
		at reactor.core.publisher.FluxFilter$FilterSubscriber.onSubscribe(FluxFilter.java:85) ~[reactor-core-3.7.8.jar:3.7.8]
		at reactor.core.publisher.FluxMap$MapConditionalSubscriber.onSubscribe(FluxMap.java:194) ~[reactor-core-3.7.8.jar:3.7.8]
		at reactor.core.publisher.MonoJust.subscribe(MonoJust.java:55) ~[reactor-core-3.7.8.jar:3.7.8]
		at reactor.core.publisher.MonoDeferContextual.subscribe(MonoDeferContextual.java:55) ~[reactor-core-3.7.8.jar:3.7.8]
		at reactor.core.publisher.InternalMonoOperator.subscribe(InternalMonoOperator.java:76) ~[reactor-core-3.7.8.jar:3.7.8]
		at io.github.resilience4j.reactor.circuitbreaker.operator.MonoCircuitBreaker.subscribe(MonoCircuitBreaker.java:38) ~[resilience4j-reactor-2.3.0.jar:2.3.0]
		at reactor.core.publisher.MonoDefer.subscribe(MonoDefer.java:53) ~[reactor-core-3.7.8.jar:3.7.8]
		at reactor.core.publisher.InternalMonoOperator.subscribe(InternalMonoOperator.java:76) ~[reactor-core-3.7.8.jar:3.7.8]
		at reactor.core.publisher.MonoFlatMap$FlatMapMain.onNext(MonoFlatMap.java:165) ~[reactor-core-3.7.8.jar:3.7.8]
		at reactor.core.publisher.MonoZip$ZipCoordinator.signal(MonoZip.java:297) ~[reactor-core-3.7.8.jar:3.7.8]
		at reactor.core.publisher.MonoZip$ZipInner.onNext(MonoZip.java:478) ~[reactor-core-3.7.8.jar:3.7.8]
		at reactor.core.publisher.FluxMapFuseable$MapFuseableSubscriber.onNext(FluxMapFuseable.java:129) ~[reactor-core-3.7.8.jar:3.7.8]
		at reactor.core.publisher.FluxPeekFuseable$PeekFuseableSubscriber.onNext(FluxPeekFuseable.java:210) ~[reactor-core-3.7.8.jar:3.7.8]
		at reactor.core.publisher.MonoFlatMap$FlatMapMain.onNext(MonoFlatMap.java:158) ~[reactor-core-3.7.8.jar:3.7.8]
		at reactor.core.publisher.FluxOnErrorResume$ResumeSubscriber.onNext(FluxOnErrorResume.java:79) ~[reactor-core-3.7.8.jar:3.7.8]
		at reactor.core.publisher.FluxOnErrorResume$ResumeSubscriber.onNext(FluxOnErrorResume.java:79) ~[reactor-core-3.7.8.jar:3.7.8]
		at reactor.core.publisher.MonoFlatMap$FlatMapMain.onNext(MonoFlatMap.java:158) ~[reactor-core-3.7.8.jar:3.7.8]
		at reactor.core.publisher.FluxContextWrite$ContextWriteSubscriber.onNext(FluxContextWrite.java:107) ~[reactor-core-3.7.8.jar:3.7.8]
		at reactor.core.publisher.FluxMapFuseable$MapFuseableConditionalSubscriber.onNext(FluxMapFuseable.java:299) ~[reactor-core-3.7.8.jar:3.7.8]
		at reactor.core.publisher.FluxFilterFuseable$FilterFuseableConditionalSubscriber.onNext(FluxFilterFuseable.java:337) ~[reactor-core-3.7.8.jar:3.7.8]
		at reactor.core.publisher.Operators$BaseFluxToMonoOperator.completePossiblyEmpty(Operators.java:2096) ~[reactor-core-3.7.8.jar:3.7.8]
		at reactor.core.publisher.MonoCollect$CollectSubscriber.onComplete(MonoCollect.java:145) ~[reactor-core-3.7.8.jar:3.7.8]
		at reactor.core.publisher.FluxMap$MapSubscriber.onComplete(FluxMap.java:144) ~[reactor-core-3.7.8.jar:3.7.8]
		at reactor.core.publisher.FluxPeek$PeekSubscriber.onComplete(FluxPeek.java:260) ~[reactor-core-3.7.8.jar:3.7.8]
		at reactor.core.publisher.FluxMap$MapSubscriber.onComplete(FluxMap.java:144) ~[reactor-core-3.7.8.jar:3.7.8]
		at reactor.netty.channel.FluxReceive.terminateReceiver(FluxReceive.java:481) ~[reactor-netty-core-1.2.8.jar:1.2.8]
		at reactor.netty.channel.FluxReceive.drainReceiver(FluxReceive.java:273) ~[reactor-netty-core-1.2.8.jar:1.2.8]
		at reactor.netty.channel.FluxReceive.request(FluxReceive.java:131) ~[reactor-netty-core-1.2.8.jar:1.2.8]
		at reactor.core.publisher.FluxMap$MapSubscriber.request(FluxMap.java:164) ~[reactor-core-3.7.8.jar:3.7.8]
		at reactor.core.publisher.FluxPeek$PeekSubscriber.request(FluxPeek.java:138) ~[reactor-core-3.7.8.jar:3.7.8]
		at reactor.core.publisher.FluxMap$MapSubscriber.request(FluxMap.java:164) ~[reactor-core-3.7.8.jar:3.7.8]
		at reactor.core.publisher.Operators$BaseFluxToMonoOperator.request(Operators.java:2066) ~[reactor-core-3.7.8.jar:3.7.8]
		at reactor.core.publisher.FluxFilterFuseable$FilterFuseableConditionalSubscriber.request(FluxFilterFuseable.java:411) ~[reactor-core-3.7.8.jar:3.7.8]
		at reactor.core.publisher.FluxMapFuseable$MapFuseableConditionalSubscriber.request(FluxMapFuseable.java:360) ~[reactor-core-3.7.8.jar:3.7.8]
		at reactor.core.publisher.FluxContextWrite$ContextWriteSubscriber.request(FluxContextWrite.java:136) ~[reactor-core-3.7.8.jar:3.7.8]
		at reactor.core.publisher.MonoFlatMap$FlatMapMain.request(MonoFlatMap.java:194) ~[reactor-core-3.7.8.jar:3.7.8]
		at reactor.core.publisher.Operators$MultiSubscriptionSubscriber.set(Operators.java:2366) ~[reactor-core-3.7.8.jar:3.7.8]
		at reactor.core.publisher.FluxOnErrorResume$ResumeSubscriber.onSubscribe(FluxOnErrorResume.java:74) ~[reactor-core-3.7.8.jar:3.7.8]
		at reactor.core.publisher.MonoFlatMap$FlatMapMain.onSubscribe(MonoFlatMap.java:117) ~[reactor-core-3.7.8.jar:3.7.8]
		at reactor.core.publisher.FluxContextWrite$ContextWriteSubscriber.onSubscribe(FluxContextWrite.java:101) ~[reactor-core-3.7.8.jar:3.7.8]
		at reactor.core.publisher.FluxMapFuseable$MapFuseableConditionalSubscriber.onSubscribe(FluxMapFuseable.java:265) ~[reactor-core-3.7.8.jar:3.7.8]
		at reactor.core.publisher.FluxFilterFuseable$FilterFuseableConditionalSubscriber.onSubscribe(FluxFilterFuseable.java:305) ~[reactor-core-3.7.8.jar:3.7.8]
		at reactor.core.publisher.Operators$BaseFluxToMonoOperator.onSubscribe(Operators.java:2050) ~[reactor-core-3.7.8.jar:3.7.8]
		at reactor.core.publisher.FluxMap$MapSubscriber.onSubscribe(FluxMap.java:92) ~[reactor-core-3.7.8.jar:3.7.8]
		at reactor.core.publisher.FluxPeek$PeekSubscriber.onSubscribe(FluxPeek.java:171) ~[reactor-core-3.7.8.jar:3.7.8]
		at reactor.core.publisher.FluxMap$MapSubscriber.onSubscribe(FluxMap.java:92) ~[reactor-core-3.7.8.jar:3.7.8]
		at reactor.netty.channel.FluxReceive.startReceiver(FluxReceive.java:170) ~[reactor-netty-core-1.2.8.jar:1.2.8]
		at reactor.netty.channel.FluxReceive.lambda$subscribe$2(FluxReceive.java:148) ~[reactor-netty-core-1.2.8.jar:1.2.8]
		at io.netty.util.concurrent.AbstractEventExecutor.runTask(AbstractEventExecutor.java:173) ~[netty-common-4.1.123.Final.jar:4.1.123.Final]
		at io.netty.util.concurrent.AbstractEventExecutor.safeExecute$$$capture(AbstractEventExecutor.java:166) ~[netty-common-4.1.123.Final.jar:4.1.123.Final]
		at io.netty.util.concurrent.AbstractEventExecutor.safeExecute(AbstractEventExecutor.java) ~[netty-common-4.1.123.Final.jar:4.1.123.Final]
		at io.netty.util.concurrent.SingleThreadEventExecutor.runAllTasks(SingleThreadEventExecutor.java:472) ~[netty-common-4.1.123.Final.jar:4.1.123.Final]
		at io.netty.channel.nio.NioEventLoop.run(NioEventLoop.java:569) ~[netty-transport-4.1.123.Final.jar:4.1.123.Final]
		at io.netty.util.concurrent.SingleThreadEventExecutor$4.run(SingleThreadEventExecutor.java:998) ~[netty-common-4.1.123.Final.jar:4.1.123.Final]
		at io.netty.util.internal.ThreadExecutorMap$2.run(ThreadExecutorMap.java:74) ~[netty-common-4.1.123.Final.jar:4.1.123.Final]
		at io.netty.util.concurrent.FastThreadLocalRunnable.run(FastThreadLocalRunnable.java:30) ~[netty-common-4.1.123.Final.jar:4.1.123.Final]
		at java.base/java.lang.Thread.run(Thread.java:1447) ~[na:na]

2025-09-04T19:09:15.950-05:00  INFO 36688 --- [ReactiveProject] [SpringApplicationShutdownHook] o.s.b.w.embedded.netty.GracefulShutdown  : Commencing graceful shutdown. Waiting for active requests to complete
2025-09-04T19:09:15.959-05:00  INFO 36688 --- [ReactiveProject] [netty-shutdown] o.s.b.w.embedded.netty.GracefulShutdown  : Graceful shutdown complete
2025-09-04T19:09:39.177-05:00  INFO 13232 --- [ReactiveProject] [restartedMain] co.com.pragma.MainApplication            : Starting MainApplication using Java 24.0.2 with PID 13232 (C:\workspace\pragma\Feature_H2_Solicitud\applications\app-service\build\classes\java\main started by r578 in C:\workspace\pragma\Feature_H2_Solicitud)
2025-09-04T19:09:39.187-05:00 DEBUG 13232 --- [ReactiveProject] [restartedMain] co.com.pragma.MainApplication            : Running with Spring Boot v3.5.4, Spring v6.2.9
2025-09-04T19:09:39.189-05:00  INFO 13232 --- [ReactiveProject] [restartedMain] co.com.pragma.MainApplication            : No active profile set, falling back to 1 default profile: "default"
2025-09-04T19:09:39.502-05:00  INFO 13232 --- [ReactiveProject] [restartedMain] .e.DevToolsPropertyDefaultsPostProcessor : For additional web related logging consider setting the 'logging.level.web' property to 'DEBUG'
2025-09-04T19:09:48.869-05:00  INFO 13232 --- [ReactiveProject] [restartedMain] .s.d.r.c.RepositoryConfigurationDelegate : Bootstrapping Spring Data R2DBC repositories in DEFAULT mode.
2025-09-04T19:09:49.353-05:00  INFO 13232 --- [ReactiveProject] [restartedMain] .s.d.r.c.RepositoryConfigurationDelegate : Finished Spring Data repository scanning in 460 ms. Found 2 R2DBC repository interfaces.
2025-09-04T19:09:56.624-05:00  INFO 13232 --- [ReactiveProject] [restartedMain] o.s.b.d.a.OptionalLiveReloadServer       : LiveReload server is running on port 35729
2025-09-04T19:10:03.043-05:00  INFO 13232 --- [ReactiveProject] [restartedMain] o.s.b.a.e.web.EndpointLinksResolver      : Exposing 2 endpoints beneath base path '/actuator'
2025-09-04T19:10:11.111-05:00  INFO 13232 --- [ReactiveProject] [restartedMain] o.s.b.web.embedded.netty.NettyWebServer  : Netty started on port 8081 (http)
2025-09-04T19:10:11.194-05:00  INFO 13232 --- [ReactiveProject] [restartedMain] co.com.pragma.MainApplication            : Started MainApplication in 35.241 seconds (process running for 40.399)
2025-09-04T19:14:21.830-05:00  INFO 13232 --- [ReactiveProject] [parallel-2] co.com.pragma.api.Handler                : Solicitud POST /api/v1/solicitud
2025-09-04T19:14:22.488-05:00 DEBUG 13232 --- [ReactiveProject] [parallel-2] co.com.pragma.api.Handler                : Iniciando flujo de guardado de solicitud
2025-09-04T19:14:23.218-05:00  WARN 13232 --- [ReactiveProject] [reactor-http-nio-3] jakarta.persistence.spi                  : jakarta.persistence.spi::No valid providers found.
2025-09-04T19:14:23.574-05:00  INFO 13232 --- [ReactiveProject] [reactor-http-nio-3] co.com.pragma.api.Handler                : Petición recibida para crear peticion: RequestSolicitud[monto=33000.0, plazo=20, correoElectronico=prueba@test.com, id_estado=null, idTipoPrestamo=99, identificacion=123456]
2025-09-04T19:14:23.938-05:00 DEBUG 13232 --- [ReactiveProject] [reactor-http-nio-3] co.com.pragma.consumer.RestConsumer      : Iniciando flujo de consultar usuario
2025-09-04T19:14:25.747-05:00  INFO 13232 --- [ReactiveProject] [reactor-http-nio-3] co.com.pragma.consumer.RestConsumer      : Respuesta del micro: Usuario existe
2025-09-04T19:14:25.748-05:00 DEBUG 13232 --- [ReactiveProject] [reactor-http-nio-3] co.com.pragma.consumer.RestConsumer      : Respuesta correctamente
2025-09-04T19:14:28.282-05:00 ERROR 13232 --- [ReactiveProject] [reactor-tcp-nio-2] co.com.pragma.api.Handler                : Error al guardar la solicitud

co.com.pragma.usecase.solicitud.excepcions.TipoPrestamoNotFoundException: El tipo de prestamo 99 no existe
	at co.com.pragma.usecase.solicitud.SolicitudUseCase.lambda$save$1(SolicitudUseCase.java:33) ~[main/:na]
	Suppressed: reactor.core.publisher.FluxOnAssembly$OnAssemblyException: 
Assembly trace from producer [reactor.core.publisher.MonoFlatMap] :
	reactor.core.publisher.Mono.flatMap(Mono.java:3179)
	co.com.pragma.usecase.solicitud.SolicitudUseCase.lambda$save$0(SolicitudUseCase.java:31)
Error has been observed at the following site(s):
	*________Mono.flatMap ⇢ at co.com.pragma.usecase.solicitud.SolicitudUseCase.lambda$save$0(SolicitudUseCase.java:31)
	*________Mono.flatMap ⇢ at co.com.pragma.usecase.solicitud.SolicitudUseCase.save(SolicitudUseCase.java:26)
	*________Mono.flatMap ⇢ at co.com.pragma.api.Handler.registrarSolicitud(Handler.java:49)
	|_       Mono.flatMap ⇢ at co.com.pragma.api.Handler.registrarSolicitud(Handler.java:55)
	|_ Mono.doOnSubscribe ⇢ at co.com.pragma.api.Handler.registrarSolicitud(Handler.java:59)
	|_   Mono.doOnSuccess ⇢ at co.com.pragma.api.Handler.registrarSolicitud(Handler.java:60)
Original Stack Trace:
		at co.com.pragma.usecase.solicitud.SolicitudUseCase.lambda$save$1(SolicitudUseCase.java:33) ~[main/:na]
		at reactor.core.publisher.MonoFlatMap$FlatMapMain.onNext(MonoFlatMap.java:132) ~[reactor-core-3.7.8.jar:3.7.8]
		at reactor.core.publisher.MonoNext$NextSubscriber.onNext(MonoNext.java:82) ~[reactor-core-3.7.8.jar:3.7.8]
		at reactor.core.publisher.FluxUsingWhen$UsingWhenSubscriber.onNext(FluxUsingWhen.java:348) ~[reactor-core-3.7.8.jar:3.7.8]
		at reactor.core.publisher.Operators$BaseFluxToMonoOperator.completePossiblyEmpty(Operators.java:2096) ~[reactor-core-3.7.8.jar:3.7.8]
		at reactor.core.publisher.FluxDefaultIfEmpty$DefaultIfEmptySubscriber.onComplete(FluxDefaultIfEmpty.java:134) ~[reactor-core-3.7.8.jar:3.7.8]
		at reactor.core.publisher.MonoNext$NextSubscriber.onComplete(MonoNext.java:102) ~[reactor-core-3.7.8.jar:3.7.8]
		at reactor.core.publisher.Operators$MultiSubscriptionSubscriber.onComplete(Operators.java:2230) ~[reactor-core-3.7.8.jar:3.7.8]
		at reactor.core.publisher.FluxUsingWhen$UsingWhenSubscriber.deferredComplete(FluxUsingWhen.java:397) ~[reactor-core-3.7.8.jar:3.7.8]
		at reactor.core.publisher.FluxUsingWhen$CommitInner.onComplete(FluxUsingWhen.java:532) ~[reactor-core-3.7.8.jar:3.7.8]
		at reactor.core.publisher.Operators$MultiSubscriptionSubscriber.onComplete(Operators.java:2230) ~[reactor-core-3.7.8.jar:3.7.8]
		at reactor.core.publisher.FluxPeekFuseable$PeekFuseableSubscriber.onComplete(FluxPeekFuseable.java:277) ~[reactor-core-3.7.8.jar:3.7.8]
		at reactor.core.publisher.Operators$MultiSubscriptionSubscriber.onComplete(Operators.java:2230) ~[reactor-core-3.7.8.jar:3.7.8]
		at reactor.core.publisher.MonoIgnoreThen$ThenIgnoreMain.onComplete(MonoIgnoreThen.java:210) ~[reactor-core-3.7.8.jar:3.7.8]
		at reactor.core.publisher.MonoIgnoreThen$ThenIgnoreMain.onComplete(MonoIgnoreThen.java:210) ~[reactor-core-3.7.8.jar:3.7.8]
		at reactor.pool.SimpleDequePool.maybeRecycleAndDrain(SimpleDequePool.java:547) ~[reactor-pool-1.1.3.jar:1.1.3]
		at reactor.pool.SimpleDequePool$QueuePoolRecyclerInner.onComplete(SimpleDequePool.java:788) ~[reactor-pool-1.1.3.jar:1.1.3]
		at reactor.core.publisher.Operators.complete(Operators.java:137) ~[reactor-core-3.7.8.jar:3.7.8]
		at reactor.core.publisher.MonoEmpty.subscribe(MonoEmpty.java:46) ~[reactor-core-3.7.8.jar:3.7.8]
		at reactor.core.publisher.Mono.subscribe(Mono.java:4576) ~[reactor-core-3.7.8.jar:3.7.8]
		at reactor.pool.SimpleDequePool$QueuePoolRecyclerMono.subscribe(SimpleDequePool.java:901) ~[reactor-pool-1.1.3.jar:1.1.3]
		at reactor.core.publisher.MonoDefer.subscribe(MonoDefer.java:53) ~[reactor-core-3.7.8.jar:3.7.8]
		at reactor.core.publisher.InternalMonoOperator.subscribe(InternalMonoOperator.java:76) ~[reactor-core-3.7.8.jar:3.7.8]
		at reactor.core.publisher.MonoIgnoreThen$ThenIgnoreMain.subscribeNext(MonoIgnoreThen.java:241) ~[reactor-core-3.7.8.jar:3.7.8]
		at reactor.core.publisher.MonoIgnoreThen$ThenIgnoreMain.onComplete(MonoIgnoreThen.java:204) ~[reactor-core-3.7.8.jar:3.7.8]
		at reactor.core.publisher.FluxPeekFuseable$PeekFuseableSubscriber.onComplete(FluxPeekFuseable.java:277) ~[reactor-core-3.7.8.jar:3.7.8]
		at reactor.core.publisher.MonoIgnoreElements$IgnoreElementsSubscriber.onComplete(MonoIgnoreElements.java:89) ~[reactor-core-3.7.8.jar:3.7.8]
		at reactor.core.publisher.MonoFlatMapMany$FlatMapManyInner.onComplete(MonoFlatMapMany.java:261) ~[reactor-core-3.7.8.jar:3.7.8]
		at reactor.core.publisher.FluxPeekFuseable$PeekFuseableSubscriber.onComplete(FluxPeekFuseable.java:277) ~[reactor-core-3.7.8.jar:3.7.8]
		at reactor.core.publisher.FluxContextWrite$ContextWriteSubscriber.onComplete(FluxContextWrite.java:126) ~[reactor-core-3.7.8.jar:3.7.8]
		at io.asyncer.r2dbc.mysql.internal.util.DiscardOnCancelSubscriber.onComplete(DiscardOnCancelSubscriber.java:84) ~[r2dbc-mysql-1.4.1.jar:1.4.1]
		at reactor.core.publisher.FluxPeekFuseable$PeekFuseableConditionalSubscriber.onComplete(FluxPeekFuseable.java:595) ~[reactor-core-3.7.8.jar:3.7.8]
		at reactor.core.publisher.FluxHandleFuseable$HandleFuseableConditionalSubscriber.onNext(FluxHandleFuseable.java:522) ~[reactor-core-3.7.8.jar:3.7.8]
		at reactor.core.publisher.FluxPeekFuseable$PeekConditionalSubscriber.onNext(FluxPeekFuseable.java:854) ~[reactor-core-3.7.8.jar:3.7.8]
		at reactor.core.publisher.SinkManyEmitterProcessor.drain(SinkManyEmitterProcessor.java:476) ~[reactor-core-3.7.8.jar:3.7.8]
		at reactor.core.publisher.SinkManyEmitterProcessor.tryEmitNext(SinkManyEmitterProcessor.java:273) ~[reactor-core-3.7.8.jar:3.7.8]
		at reactor.core.publisher.SinkManySerialized.tryEmitNext(SinkManySerialized.java:100) ~[reactor-core-3.7.8.jar:3.7.8]
		at reactor.core.publisher.InternalManySink.emitNext(InternalManySink.java:27) ~[reactor-core-3.7.8.jar:3.7.8]
		at io.asyncer.r2dbc.mysql.client.ReactorNettyClient$ResponseSink.next(ReactorNettyClient.java:395) ~[r2dbc-mysql-1.4.1.jar:1.4.1]
		at io.asyncer.r2dbc.mysql.client.ReactorNettyClient.lambda$new$0(ReactorNettyClient.java:119) ~[r2dbc-mysql-1.4.1.jar:1.4.1]
		at reactor.core.publisher.FluxPeek$PeekSubscriber.onNext(FluxPeek.java:185) ~[reactor-core-3.7.8.jar:3.7.8]
		at reactor.netty.channel.FluxReceive.drainReceiver(FluxReceive.java:292) ~[reactor-netty-core-1.2.8.jar:1.2.8]
		at reactor.netty.channel.FluxReceive.onInboundNext(FluxReceive.java:401) ~[reactor-netty-core-1.2.8.jar:1.2.8]
		at reactor.netty.channel.ChannelOperations.onInboundNext(ChannelOperations.java:435) ~[reactor-netty-core-1.2.8.jar:1.2.8]
		at reactor.netty.channel.ChannelOperationsHandler.channelRead(ChannelOperationsHandler.java:115) ~[reactor-netty-core-1.2.8.jar:1.2.8]
		at io.netty.channel.AbstractChannelHandlerContext.invokeChannelRead(AbstractChannelHandlerContext.java:444) ~[netty-transport-4.1.123.Final.jar:4.1.123.Final]
		at io.netty.channel.AbstractChannelHandlerContext.invokeChannelRead(AbstractChannelHandlerContext.java:420) ~[netty-transport-4.1.123.Final.jar:4.1.123.Final]
		at io.netty.channel.AbstractChannelHandlerContext.fireChannelRead(AbstractChannelHandlerContext.java:412) ~[netty-transport-4.1.123.Final.jar:4.1.123.Final]
		at io.netty.handler.codec.ByteToMessageDecoder.fireChannelRead(ByteToMessageDecoder.java:346) ~[netty-codec-4.1.123.Final.jar:4.1.123.Final]
		at io.netty.handler.codec.ByteToMessageDecoder.channelRead(ByteToMessageDecoder.java:318) ~[netty-codec-4.1.123.Final.jar:4.1.123.Final]
		at io.netty.channel.AbstractChannelHandlerContext.invokeChannelRead(AbstractChannelHandlerContext.java:444) ~[netty-transport-4.1.123.Final.jar:4.1.123.Final]
		at io.netty.channel.AbstractChannelHandlerContext.invokeChannelRead(AbstractChannelHandlerContext.java:420) ~[netty-transport-4.1.123.Final.jar:4.1.123.Final]
		at io.netty.channel.AbstractChannelHandlerContext.fireChannelRead(AbstractChannelHandlerContext.java:412) ~[netty-transport-4.1.123.Final.jar:4.1.123.Final]
		at io.netty.channel.DefaultChannelPipeline$HeadContext.channelRead(DefaultChannelPipeline.java:1357) ~[netty-transport-4.1.123.Final.jar:4.1.123.Final]
		at io.netty.channel.AbstractChannelHandlerContext.invokeChannelRead(AbstractChannelHandlerContext.java:440) ~[netty-transport-4.1.123.Final.jar:4.1.123.Final]
		at io.netty.channel.AbstractChannelHandlerContext.invokeChannelRead(AbstractChannelHandlerContext.java:420) ~[netty-transport-4.1.123.Final.jar:4.1.123.Final]
		at io.netty.channel.DefaultChannelPipeline.fireChannelRead(DefaultChannelPipeline.java:868) ~[netty-transport-4.1.123.Final.jar:4.1.123.Final]
		at io.netty.channel.nio.AbstractNioByteChannel$NioByteUnsafe.read(AbstractNioByteChannel.java:166) ~[netty-transport-4.1.123.Final.jar:4.1.123.Final]
		at io.netty.channel.nio.NioEventLoop.processSelectedKey(NioEventLoop.java:796) ~[netty-transport-4.1.123.Final.jar:4.1.123.Final]
		at io.netty.channel.nio.NioEventLoop.processSelectedKeysOptimized(NioEventLoop.java:732) ~[netty-transport-4.1.123.Final.jar:4.1.123.Final]
		at io.netty.channel.nio.NioEventLoop.processSelectedKeys(NioEventLoop.java:658) ~[netty-transport-4.1.123.Final.jar:4.1.123.Final]
		at io.netty.channel.nio.NioEventLoop.run(NioEventLoop.java:562) ~[netty-transport-4.1.123.Final.jar:4.1.123.Final]
		at io.netty.util.concurrent.SingleThreadEventExecutor$4.run(SingleThreadEventExecutor.java:998) ~[netty-common-4.1.123.Final.jar:4.1.123.Final]
		at io.netty.util.internal.ThreadExecutorMap$2.run(ThreadExecutorMap.java:74) ~[netty-common-4.1.123.Final.jar:4.1.123.Final]
		at io.netty.util.concurrent.FastThreadLocalRunnable.run(FastThreadLocalRunnable.java:30) ~[netty-common-4.1.123.Final.jar:4.1.123.Final]
		at java.base/java.lang.Thread.run(Thread.java:1447) ~[na:na]

2025-09-04T19:14:28.488-05:00 ERROR 13232 --- [ReactiveProject] [reactor-tcp-nio-2] c.c.p.api.excepcions.GlobalErrorHandler  : Error capturado globalmente: 

co.com.pragma.usecase.solicitud.excepcions.TipoPrestamoNotFoundException: El tipo de prestamo 99 no existe
	at co.com.pragma.usecase.solicitud.SolicitudUseCase.lambda$save$1(SolicitudUseCase.java:33) ~[main/:na]
	Suppressed: reactor.core.publisher.FluxOnAssembly$OnAssemblyException: 
Assembly trace from producer [reactor.core.publisher.MonoFlatMap] :
	reactor.core.publisher.Mono.flatMap(Mono.java:3179)
	co.com.pragma.usecase.solicitud.SolicitudUseCase.lambda$save$0(SolicitudUseCase.java:31)
Error has been observed at the following site(s):
	*__________Mono.flatMap ⇢ at co.com.pragma.usecase.solicitud.SolicitudUseCase.lambda$save$0(SolicitudUseCase.java:31)
	*__________Mono.flatMap ⇢ at co.com.pragma.usecase.solicitud.SolicitudUseCase.save(SolicitudUseCase.java:26)
	*__________Mono.flatMap ⇢ at co.com.pragma.api.Handler.registrarSolicitud(Handler.java:49)
	|_         Mono.flatMap ⇢ at co.com.pragma.api.Handler.registrarSolicitud(Handler.java:55)
	|_   Mono.doOnSubscribe ⇢ at co.com.pragma.api.Handler.registrarSolicitud(Handler.java:59)
	|_     Mono.doOnSuccess ⇢ at co.com.pragma.api.Handler.registrarSolicitud(Handler.java:60)
	|_       Mono.doOnError ⇢ at co.com.pragma.api.Handler.registrarSolicitud(Handler.java:61)
	|_             Mono.map ⇢ at org.springframework.web.reactive.function.server.support.HandlerFunctionAdapter.handle(HandlerFunctionAdapter.java:62)
	|_   Mono.onErrorResume ⇢ at org.springframework.web.reactive.DispatcherHandler.handleResultMono(DispatcherHandler.java:168)
	|_         Mono.flatMap ⇢ at org.springframework.web.reactive.DispatcherHandler.handleResultMono(DispatcherHandler.java:172)
	*____________Mono.error ⇢ at org.springframework.web.reactive.result.method.annotation.RequestMappingHandlerAdapter.handleException(RequestMappingHandlerAdapter.java:340)
	*__________Mono.flatMap ⇢ at org.springframework.web.reactive.DispatcherHandler.handle(DispatcherHandler.java:154)
	*____________Mono.defer ⇢ at org.springframework.web.server.handler.DefaultWebFilterChain.filter(DefaultWebFilterChain.java:106)
	|_           checkpoint ⇢ org.springframework.web.cors.reactive.CorsWebFilter [DefaultWebFilterChain]
	*____________Mono.defer ⇢ at org.springframework.web.server.handler.DefaultWebFilterChain.filter(DefaultWebFilterChain.java:106)
	|_           checkpoint ⇢ co.com.pragma.api.config.SecurityHeadersConfig [DefaultWebFilterChain]
	*____________Mono.defer ⇢ at org.springframework.web.server.handler.DefaultWebFilterChain.filter(DefaultWebFilterChain.java:106)
	|_     Mono.doOnSuccess ⇢ at org.springframework.security.web.server.ObservationWebFilterChainDecorator$WebFilterObservation$SimpleWebFilterObservation.lambda$wrap$6(ObservationWebFilterChainDecorator.java:560)
	|_      Mono.doOnCancel ⇢ at org.springframework.security.web.server.ObservationWebFilterChainDecorator$WebFilterObservation$SimpleWebFilterObservation.lambda$wrap$6(ObservationWebFilterChainDecorator.java:561)
	|_       Mono.doOnError ⇢ at org.springframework.security.web.server.ObservationWebFilterChainDecorator$WebFilterObservation$SimpleWebFilterObservation.lambda$wrap$6(ObservationWebFilterChainDecorator.java:562)
	|_    Mono.contextWrite ⇢ at org.springframework.security.web.server.ObservationWebFilterChainDecorator$WebFilterObservation$SimpleWebFilterObservation.lambda$wrap$6(ObservationWebFilterChainDecorator.java:566)
	|_     Mono.doOnSuccess ⇢ at org.springframework.security.web.server.ObservationWebFilterChainDecorator$AroundWebFilterObservation$SimpleAroundWebFilterObservation.lambda$wrap$2(ObservationWebFilterChainDecorator.java:351)
	|_      Mono.doOnCancel ⇢ at org.springframework.security.web.server.ObservationWebFilterChainDecorator$AroundWebFilterObservation$SimpleAroundWebFilterObservation.lambda$wrap$2(ObservationWebFilterChainDecorator.java:352)
	|_       Mono.doOnError ⇢ at org.springframework.security.web.server.ObservationWebFilterChainDecorator$AroundWebFilterObservation$SimpleAroundWebFilterObservation.lambda$wrap$2(ObservationWebFilterChainDecorator.java:353)
	*__Mono.deferContextual ⇢ at org.springframework.security.web.server.ObservationWebFilterChainDecorator.lambda$wrapSecured$1(ObservationWebFilterChainDecorator.java:76)
	*____________Mono.defer ⇢ at org.springframework.security.web.server.ObservationWebFilterChainDecorator$ObservationWebFilterChain.filter(ObservationWebFilterChainDecorator.java:152)
	*____Mono.switchIfEmpty ⇢ at org.springframework.security.web.server.authorization.AuthorizationWebFilter.filter(AuthorizationWebFilter.java:56)
	|_     Mono.doOnSuccess ⇢ at org.springframework.security.web.server.ObservationWebFilterChainDecorator$ObservationWebFilter.wrapFilter(ObservationWebFilterChainDecorator.java:211)
	|_           checkpoint ⇢ AuthorizationWebFilter [DefaultWebFilterChain]
	*____________Mono.defer ⇢ at org.springframework.security.web.server.ObservationWebFilterChainDecorator$ObservationWebFilterChain.filter(ObservationWebFilterChainDecorator.java:152)
	|_   Mono.onErrorResume ⇢ at org.springframework.security.web.server.authorization.ExceptionTranslationWebFilter.filter(ExceptionTranslationWebFilter.java:53)
	|_     Mono.doOnSuccess ⇢ at org.springframework.security.web.server.ObservationWebFilterChainDecorator$ObservationWebFilter.wrapFilter(ObservationWebFilterChainDecorator.java:211)
	|_           checkpoint ⇢ ExceptionTranslationWebFilter [DefaultWebFilterChain]
	*____________Mono.defer ⇢ at org.springframework.security.web.server.ObservationWebFilterChainDecorator$ObservationWebFilterChain.filter(ObservationWebFilterChainDecorator.java:152)
	*__________Mono.flatMap ⇢ at org.springframework.security.web.server.savedrequest.ServerRequestCacheWebFilter.filter(ServerRequestCacheWebFilter.java:41)
	|_     Mono.doOnSuccess ⇢ at org.springframework.security.web.server.ObservationWebFilterChainDecorator$ObservationWebFilter.wrapFilter(ObservationWebFilterChainDecorator.java:211)
	|_           checkpoint ⇢ ServerRequestCacheWebFilter [DefaultWebFilterChain]
	*____________Mono.defer ⇢ at org.springframework.security.web.server.ObservationWebFilterChainDecorator$ObservationWebFilterChain.filter(ObservationWebFilterChainDecorator.java:152)
	|_     Mono.doOnSuccess ⇢ at org.springframework.security.web.server.ObservationWebFilterChainDecorator$ObservationWebFilter.wrapFilter(ObservationWebFilterChainDecorator.java:211)
	|_           checkpoint ⇢ SecurityContextServerWebExchangeWebFilter [DefaultWebFilterChain]
	*____________Mono.defer ⇢ at org.springframework.security.web.server.ObservationWebFilterChainDecorator$ObservationWebFilterChain.filter(ObservationWebFilterChainDecorator.java:152)
	|_    Mono.contextWrite ⇢ at org.springframework.security.web.server.context.ReactorContextWebFilter.filter(ReactorContextWebFilter.java:48)
	|_     Mono.doOnSuccess ⇢ at org.springframework.security.web.server.ObservationWebFilterChainDecorator$ObservationWebFilter.wrapFilter(ObservationWebFilterChainDecorator.java:211)
	|_           checkpoint ⇢ ReactorContextWebFilter [DefaultWebFilterChain]
	*____________Mono.defer ⇢ at org.springframework.security.web.server.ObservationWebFilterChainDecorator$ObservationWebFilterChain.filter(ObservationWebFilterChainDecorator.java:152)
	|_     Mono.doOnSuccess ⇢ at org.springframework.security.web.server.ObservationWebFilterChainDecorator$ObservationWebFilter.wrapFilter(ObservationWebFilterChainDecorator.java:211)
	|_           checkpoint ⇢ HttpHeaderWriterWebFilter [DefaultWebFilterChain]
	*____________Mono.defer ⇢ at org.springframework.security.web.server.ObservationWebFilterChainDecorator$ObservationWebFilterChain.filter(ObservationWebFilterChainDecorator.java:152)
	|_    Mono.contextWrite ⇢ at org.springframework.security.config.web.server.ServerHttpSecurity$ServerWebExchangeReactorContextWebFilter.filter(ServerHttpSecurity.java:4059)
	|_     Mono.doOnSuccess ⇢ at org.springframework.security.web.server.ObservationWebFilterChainDecorator$ObservationWebFilter.wrapFilter(ObservationWebFilterChainDecorator.java:211)
	|_     Mono.doOnSuccess ⇢ at org.springframework.security.web.server.ObservationWebFilterChainDecorator$AroundWebFilterObservation$SimpleAroundWebFilterObservation.lambda$wrap$6(ObservationWebFilterChainDecorator.java:367)
	|_      Mono.doOnCancel ⇢ at org.springframework.security.web.server.ObservationWebFilterChainDecorator$AroundWebFilterObservation$SimpleAroundWebFilterObservation.lambda$wrap$6(ObservationWebFilterChainDecorator.java:368)
	|_       Mono.doOnError ⇢ at org.springframework.security.web.server.ObservationWebFilterChainDecorator$AroundWebFilterObservation$SimpleAroundWebFilterObservation.lambda$wrap$6(ObservationWebFilterChainDecorator.java:369)
	|_    Mono.contextWrite ⇢ at org.springframework.security.web.server.ObservationWebFilterChainDecorator$AroundWebFilterObservation$SimpleAroundWebFilterObservation.lambda$wrap$6(ObservationWebFilterChainDecorator.java:373)
	*__Mono.deferContextual ⇢ at org.springframework.security.web.server.ObservationWebFilterChainDecorator$ObservationWebFilter.filter(ObservationWebFilterChainDecorator.java:193)
	|_           checkpoint ⇢ ServerWebExchangeReactorContextWebFilter [DefaultWebFilterChain]
	*____________Mono.defer ⇢ at org.springframework.security.web.server.ObservationWebFilterChainDecorator$ObservationWebFilterChain.filter(ObservationWebFilterChainDecorator.java:152)
	*__________Mono.flatMap ⇢ at org.springframework.security.web.server.WebFilterChainProxy.filterFirewalledExchange(WebFilterChainProxy.java:78)
	*__________Mono.flatMap ⇢ at org.springframework.security.web.server.WebFilterChainProxy.filter(WebFilterChainProxy.java:65)
	|_   Mono.onErrorResume ⇢ at org.springframework.security.web.server.WebFilterChainProxy.filter(WebFilterChainProxy.java:66)
	|_           checkpoint ⇢ org.springframework.security.web.server.WebFilterChainProxy [DefaultWebFilterChain]
	*____________Mono.defer ⇢ at org.springframework.web.server.handler.DefaultWebFilterChain.filter(DefaultWebFilterChain.java:106)
	|_       Mono.doOnError ⇢ at org.springframework.web.server.handler.ExceptionHandlingWebHandler.handle(ExceptionHandlingWebHandler.java:84)
	|_   Mono.onErrorResume ⇢ at org.springframework.web.server.handler.ExceptionHandlingWebHandler.handle(ExceptionHandlingWebHandler.java:85)
	|_       Mono.doOnError ⇢ at org.springframework.web.server.handler.ExceptionHandlingWebHandler.handle(ExceptionHandlingWebHandler.java:84)
	*____________Mono.error ⇢ at org.springframework.web.server.handler.ExceptionHandlingWebHandler$CheckpointInsertingHandler.handle(ExceptionHandlingWebHandler.java:106)
	|_           checkpoint ⇢ HTTP POST "/api/v1/solicitud" [ExceptionHandlingWebHandler]
Original Stack Trace:
		at co.com.pragma.usecase.solicitud.SolicitudUseCase.lambda$save$1(SolicitudUseCase.java:33) ~[main/:na]
		at reactor.core.publisher.MonoFlatMap$FlatMapMain.onNext(MonoFlatMap.java:132) ~[reactor-core-3.7.8.jar:3.7.8]
		at reactor.core.publisher.MonoNext$NextSubscriber.onNext(MonoNext.java:82) ~[reactor-core-3.7.8.jar:3.7.8]
		at reactor.core.publisher.FluxUsingWhen$UsingWhenSubscriber.onNext(FluxUsingWhen.java:348) ~[reactor-core-3.7.8.jar:3.7.8]
		at reactor.core.publisher.Operators$BaseFluxToMonoOperator.completePossiblyEmpty(Operators.java:2096) ~[reactor-core-3.7.8.jar:3.7.8]
		at reactor.core.publisher.FluxDefaultIfEmpty$DefaultIfEmptySubscriber.onComplete(FluxDefaultIfEmpty.java:134) ~[reactor-core-3.7.8.jar:3.7.8]
		at reactor.core.publisher.MonoNext$NextSubscriber.onComplete(MonoNext.java:102) ~[reactor-core-3.7.8.jar:3.7.8]
		at reactor.core.publisher.Operators$MultiSubscriptionSubscriber.onComplete(Operators.java:2230) ~[reactor-core-3.7.8.jar:3.7.8]
		at reactor.core.publisher.FluxUsingWhen$UsingWhenSubscriber.deferredComplete(FluxUsingWhen.java:397) ~[reactor-core-3.7.8.jar:3.7.8]
		at reactor.core.publisher.FluxUsingWhen$CommitInner.onComplete(FluxUsingWhen.java:532) ~[reactor-core-3.7.8.jar:3.7.8]
		at reactor.core.publisher.Operators$MultiSubscriptionSubscriber.onComplete(Operators.java:2230) ~[reactor-core-3.7.8.jar:3.7.8]
		at reactor.core.publisher.FluxPeekFuseable$PeekFuseableSubscriber.onComplete(FluxPeekFuseable.java:277) ~[reactor-core-3.7.8.jar:3.7.8]
		at reactor.core.publisher.Operators$MultiSubscriptionSubscriber.onComplete(Operators.java:2230) ~[reactor-core-3.7.8.jar:3.7.8]
		at reactor.core.publisher.MonoIgnoreThen$ThenIgnoreMain.onComplete(MonoIgnoreThen.java:210) ~[reactor-core-3.7.8.jar:3.7.8]
		at reactor.core.publisher.MonoIgnoreThen$ThenIgnoreMain.onComplete(MonoIgnoreThen.java:210) ~[reactor-core-3.7.8.jar:3.7.8]
		at reactor.pool.SimpleDequePool.maybeRecycleAndDrain(SimpleDequePool.java:547) ~[reactor-pool-1.1.3.jar:1.1.3]
		at reactor.pool.SimpleDequePool$QueuePoolRecyclerInner.onComplete(SimpleDequePool.java:788) ~[reactor-pool-1.1.3.jar:1.1.3]
		at reactor.core.publisher.Operators.complete(Operators.java:137) ~[reactor-core-3.7.8.jar:3.7.8]
		at reactor.core.publisher.MonoEmpty.subscribe(MonoEmpty.java:46) ~[reactor-core-3.7.8.jar:3.7.8]
		at reactor.core.publisher.Mono.subscribe(Mono.java:4576) ~[reactor-core-3.7.8.jar:3.7.8]
		at reactor.pool.SimpleDequePool$QueuePoolRecyclerMono.subscribe(SimpleDequePool.java:901) ~[reactor-pool-1.1.3.jar:1.1.3]
		at reactor.core.publisher.MonoDefer.subscribe(MonoDefer.java:53) ~[reactor-core-3.7.8.jar:3.7.8]
		at reactor.core.publisher.InternalMonoOperator.subscribe(InternalMonoOperator.java:76) ~[reactor-core-3.7.8.jar:3.7.8]
		at reactor.core.publisher.MonoIgnoreThen$ThenIgnoreMain.subscribeNext(MonoIgnoreThen.java:241) ~[reactor-core-3.7.8.jar:3.7.8]
		at reactor.core.publisher.MonoIgnoreThen$ThenIgnoreMain.onComplete(MonoIgnoreThen.java:204) ~[reactor-core-3.7.8.jar:3.7.8]
		at reactor.core.publisher.FluxPeekFuseable$PeekFuseableSubscriber.onComplete(FluxPeekFuseable.java:277) ~[reactor-core-3.7.8.jar:3.7.8]
		at reactor.core.publisher.MonoIgnoreElements$IgnoreElementsSubscriber.onComplete(MonoIgnoreElements.java:89) ~[reactor-core-3.7.8.jar:3.7.8]
		at reactor.core.publisher.MonoFlatMapMany$FlatMapManyInner.onComplete(MonoFlatMapMany.java:261) ~[reactor-core-3.7.8.jar:3.7.8]
		at reactor.core.publisher.FluxPeekFuseable$PeekFuseableSubscriber.onComplete(FluxPeekFuseable.java:277) ~[reactor-core-3.7.8.jar:3.7.8]
		at reactor.core.publisher.FluxContextWrite$ContextWriteSubscriber.onComplete(FluxContextWrite.java:126) ~[reactor-core-3.7.8.jar:3.7.8]
		at io.asyncer.r2dbc.mysql.internal.util.DiscardOnCancelSubscriber.onComplete(DiscardOnCancelSubscriber.java:84) ~[r2dbc-mysql-1.4.1.jar:1.4.1]
		at reactor.core.publisher.FluxPeekFuseable$PeekFuseableConditionalSubscriber.onComplete(FluxPeekFuseable.java:595) ~[reactor-core-3.7.8.jar:3.7.8]
		at reactor.core.publisher.FluxHandleFuseable$HandleFuseableConditionalSubscriber.onNext(FluxHandleFuseable.java:522) ~[reactor-core-3.7.8.jar:3.7.8]
		at reactor.core.publisher.FluxPeekFuseable$PeekConditionalSubscriber.onNext(FluxPeekFuseable.java:854) ~[reactor-core-3.7.8.jar:3.7.8]
		at reactor.core.publisher.SinkManyEmitterProcessor.drain(SinkManyEmitterProcessor.java:476) ~[reactor-core-3.7.8.jar:3.7.8]
		at reactor.core.publisher.SinkManyEmitterProcessor.tryEmitNext(SinkManyEmitterProcessor.java:273) ~[reactor-core-3.7.8.jar:3.7.8]
		at reactor.core.publisher.SinkManySerialized.tryEmitNext(SinkManySerialized.java:100) ~[reactor-core-3.7.8.jar:3.7.8]
		at reactor.core.publisher.InternalManySink.emitNext(InternalManySink.java:27) ~[reactor-core-3.7.8.jar:3.7.8]
		at io.asyncer.r2dbc.mysql.client.ReactorNettyClient$ResponseSink.next(ReactorNettyClient.java:395) ~[r2dbc-mysql-1.4.1.jar:1.4.1]
		at io.asyncer.r2dbc.mysql.client.ReactorNettyClient.lambda$new$0(ReactorNettyClient.java:119) ~[r2dbc-mysql-1.4.1.jar:1.4.1]
		at reactor.core.publisher.FluxPeek$PeekSubscriber.onNext(FluxPeek.java:185) ~[reactor-core-3.7.8.jar:3.7.8]
		at reactor.netty.channel.FluxReceive.drainReceiver(FluxReceive.java:292) ~[reactor-netty-core-1.2.8.jar:1.2.8]
		at reactor.netty.channel.FluxReceive.onInboundNext(FluxReceive.java:401) ~[reactor-netty-core-1.2.8.jar:1.2.8]
		at reactor.netty.channel.ChannelOperations.onInboundNext(ChannelOperations.java:435) ~[reactor-netty-core-1.2.8.jar:1.2.8]
		at reactor.netty.channel.ChannelOperationsHandler.channelRead(ChannelOperationsHandler.java:115) ~[reactor-netty-core-1.2.8.jar:1.2.8]
		at io.netty.channel.AbstractChannelHandlerContext.invokeChannelRead(AbstractChannelHandlerContext.java:444) ~[netty-transport-4.1.123.Final.jar:4.1.123.Final]
		at io.netty.channel.AbstractChannelHandlerContext.invokeChannelRead(AbstractChannelHandlerContext.java:420) ~[netty-transport-4.1.123.Final.jar:4.1.123.Final]
		at io.netty.channel.AbstractChannelHandlerContext.fireChannelRead(AbstractChannelHandlerContext.java:412) ~[netty-transport-4.1.123.Final.jar:4.1.123.Final]
		at io.netty.handler.codec.ByteToMessageDecoder.fireChannelRead(ByteToMessageDecoder.java:346) ~[netty-codec-4.1.123.Final.jar:4.1.123.Final]
		at io.netty.handler.codec.ByteToMessageDecoder.channelRead(ByteToMessageDecoder.java:318) ~[netty-codec-4.1.123.Final.jar:4.1.123.Final]
		at io.netty.channel.AbstractChannelHandlerContext.invokeChannelRead(AbstractChannelHandlerContext.java:444) ~[netty-transport-4.1.123.Final.jar:4.1.123.Final]
		at io.netty.channel.AbstractChannelHandlerContext.invokeChannelRead(AbstractChannelHandlerContext.java:420) ~[netty-transport-4.1.123.Final.jar:4.1.123.Final]
		at io.netty.channel.AbstractChannelHandlerContext.fireChannelRead(AbstractChannelHandlerContext.java:412) ~[netty-transport-4.1.123.Final.jar:4.1.123.Final]
		at io.netty.channel.DefaultChannelPipeline$HeadContext.channelRead(DefaultChannelPipeline.java:1357) ~[netty-transport-4.1.123.Final.jar:4.1.123.Final]
		at io.netty.channel.AbstractChannelHandlerContext.invokeChannelRead(AbstractChannelHandlerContext.java:440) ~[netty-transport-4.1.123.Final.jar:4.1.123.Final]
		at io.netty.channel.AbstractChannelHandlerContext.invokeChannelRead(AbstractChannelHandlerContext.java:420) ~[netty-transport-4.1.123.Final.jar:4.1.123.Final]
		at io.netty.channel.DefaultChannelPipeline.fireChannelRead(DefaultChannelPipeline.java:868) ~[netty-transport-4.1.123.Final.jar:4.1.123.Final]
		at io.netty.channel.nio.AbstractNioByteChannel$NioByteUnsafe.read(AbstractNioByteChannel.java:166) ~[netty-transport-4.1.123.Final.jar:4.1.123.Final]
		at io.netty.channel.nio.NioEventLoop.processSelectedKey(NioEventLoop.java:796) ~[netty-transport-4.1.123.Final.jar:4.1.123.Final]
		at io.netty.channel.nio.NioEventLoop.processSelectedKeysOptimized(NioEventLoop.java:732) ~[netty-transport-4.1.123.Final.jar:4.1.123.Final]
		at io.netty.channel.nio.NioEventLoop.processSelectedKeys(NioEventLoop.java:658) ~[netty-transport-4.1.123.Final.jar:4.1.123.Final]
		at io.netty.channel.nio.NioEventLoop.run(NioEventLoop.java:562) ~[netty-transport-4.1.123.Final.jar:4.1.123.Final]
		at io.netty.util.concurrent.SingleThreadEventExecutor$4.run(SingleThreadEventExecutor.java:998) ~[netty-common-4.1.123.Final.jar:4.1.123.Final]
		at io.netty.util.internal.ThreadExecutorMap$2.run(ThreadExecutorMap.java:74) ~[netty-common-4.1.123.Final.jar:4.1.123.Final]
		at io.netty.util.concurrent.FastThreadLocalRunnable.run(FastThreadLocalRunnable.java:30) ~[netty-common-4.1.123.Final.jar:4.1.123.Final]
		at java.base/java.lang.Thread.run(Thread.java:1447) ~[na:na]

2025-09-04T19:14:38.263-05:00  INFO 13232 --- [ReactiveProject] [parallel-3] co.com.pragma.api.Handler                : Solicitud POST /api/v1/solicitud
2025-09-04T19:14:38.267-05:00 DEBUG 13232 --- [ReactiveProject] [parallel-3] co.com.pragma.api.Handler                : Iniciando flujo de guardado de solicitud
2025-09-04T19:14:38.274-05:00  INFO 13232 --- [ReactiveProject] [reactor-http-nio-3] co.com.pragma.api.Handler                : Petición recibida para crear peticion: RequestSolicitud[monto=33000.0, plazo=20, correoElectronico=prueba@test.com, id_estado=null, idTipoPrestamo=2, identificacion=123456]
2025-09-04T19:14:38.527-05:00 DEBUG 13232 --- [ReactiveProject] [parallel-3] co.com.pragma.consumer.RestConsumer      : Iniciando flujo de consultar usuario
2025-09-04T19:14:38.767-05:00  INFO 13232 --- [ReactiveProject] [reactor-http-nio-3] co.com.pragma.consumer.RestConsumer      : Respuesta del micro: Usuario existe
2025-09-04T19:14:38.769-05:00 DEBUG 13232 --- [ReactiveProject] [reactor-http-nio-3] co.com.pragma.consumer.RestConsumer      : Respuesta correctamente
2025-09-04T19:14:39.849-05:00 DEBUG 13232 --- [ReactiveProject] [reactor-tcp-nio-12] co.com.pragma.api.Handler                : Respuesta construida correctamente
2025-09-04T19:15:03.568-05:00  INFO 13232 --- [ReactiveProject] [parallel-4] co.com.pragma.api.Handler                : Solicitud POST /api/v1/solicitud
2025-09-04T19:15:03.570-05:00 DEBUG 13232 --- [ReactiveProject] [parallel-4] co.com.pragma.api.Handler                : Iniciando flujo de guardado de solicitud
2025-09-04T19:15:03.574-05:00  INFO 13232 --- [ReactiveProject] [reactor-http-nio-3] co.com.pragma.api.Handler                : Petición recibida para crear peticion: RequestSolicitud[monto=33000.0, plazo=20, correoElectronico=prueba1@test.com, id_estado=null, idTipoPrestamo=2, identificacion=123456]
2025-09-04T19:15:03.598-05:00 ERROR 13232 --- [ReactiveProject] [parallel-4] co.com.pragma.api.Handler                : Error al guardar la solicitud

co.com.pragma.usecase.solicitud.excepcions.TokenEmailNotMatch: El correo del token no coincide con el de la solicitud
	at co.com.pragma.usecase.solicitud.SolicitudUseCase.save(SolicitudUseCase.java:23) ~[main/:na]
	Suppressed: reactor.core.publisher.FluxOnAssembly$OnAssemblyException: 
Assembly trace from producer [reactor.core.publisher.MonoFlatMap] :
	reactor.core.publisher.Mono.flatMap(Mono.java:3179)
	co.com.pragma.api.Handler.registrarSolicitud(Handler.java:49)
Error has been observed at the following site(s):
	*________Mono.flatMap ⇢ at co.com.pragma.api.Handler.registrarSolicitud(Handler.java:49)
	|_       Mono.flatMap ⇢ at co.com.pragma.api.Handler.registrarSolicitud(Handler.java:55)
	|_ Mono.doOnSubscribe ⇢ at co.com.pragma.api.Handler.registrarSolicitud(Handler.java:59)
	|_   Mono.doOnSuccess ⇢ at co.com.pragma.api.Handler.registrarSolicitud(Handler.java:60)
Original Stack Trace:
		at co.com.pragma.usecase.solicitud.SolicitudUseCase.save(SolicitudUseCase.java:23) ~[main/:na]
		at co.com.pragma.api.Handler.lambda$registrarSolicitud$3(Handler.java:52) ~[main/:na]
		at reactor.core.publisher.MonoFlatMap$FlatMapMain.onNext(MonoFlatMap.java:132) ~[reactor-core-3.7.8.jar:3.7.8]
		at reactor.core.publisher.MonoZip$ZipCoordinator.signal(MonoZip.java:297) ~[reactor-core-3.7.8.jar:3.7.8]
		at reactor.core.publisher.MonoZip$ZipInner.onNext(MonoZip.java:478) ~[reactor-core-3.7.8.jar:3.7.8]
		at reactor.core.publisher.FluxMapFuseable$MapFuseableSubscriber.onNext(FluxMapFuseable.java:129) ~[reactor-core-3.7.8.jar:3.7.8]
		at reactor.core.publisher.MonoFlatMap$FlatMapMain.secondComplete(MonoFlatMap.java:245) ~[reactor-core-3.7.8.jar:3.7.8]
		at reactor.core.publisher.MonoFlatMap$FlatMapInner.onNext(MonoFlatMap.java:305) ~[reactor-core-3.7.8.jar:3.7.8]
		at reactor.core.publisher.FluxMapFuseable$MapFuseableSubscriber.onNext(FluxMapFuseable.java:129) ~[reactor-core-3.7.8.jar:3.7.8]
		at reactor.core.publisher.FluxMapFuseable$MapFuseableSubscriber.onNext(FluxMapFuseable.java:129) ~[reactor-core-3.7.8.jar:3.7.8]
		at reactor.core.publisher.FluxFilter$FilterSubscriber.onNext(FluxFilter.java:113) ~[reactor-core-3.7.8.jar:3.7.8]
		at reactor.core.publisher.MonoCallable$MonoCallableSubscription.request(MonoCallable.java:156) ~[reactor-core-3.7.8.jar:3.7.8]
		at reactor.core.publisher.FluxFilter$FilterSubscriber.request(FluxFilter.java:186) ~[reactor-core-3.7.8.jar:3.7.8]
		at reactor.core.publisher.FluxMapFuseable$MapFuseableSubscriber.request(FluxMapFuseable.java:171) ~[reactor-core-3.7.8.jar:3.7.8]
		at reactor.core.publisher.FluxMapFuseable$MapFuseableSubscriber.request(FluxMapFuseable.java:171) ~[reactor-core-3.7.8.jar:3.7.8]
		at reactor.core.publisher.MonoFlatMap$FlatMapInner.onSubscribe(MonoFlatMap.java:291) ~[reactor-core-3.7.8.jar:3.7.8]
		at reactor.core.publisher.FluxMapFuseable$MapFuseableSubscriber.onSubscribe(FluxMapFuseable.java:96) ~[reactor-core-3.7.8.jar:3.7.8]
		at reactor.core.publisher.FluxMapFuseable$MapFuseableSubscriber.onSubscribe(FluxMapFuseable.java:96) ~[reactor-core-3.7.8.jar:3.7.8]
		at reactor.core.publisher.FluxFilter$FilterSubscriber.onSubscribe(FluxFilter.java:85) ~[reactor-core-3.7.8.jar:3.7.8]
		at reactor.core.publisher.MonoCallable.subscribe(MonoCallable.java:48) ~[reactor-core-3.7.8.jar:3.7.8]
		at reactor.core.publisher.InternalMonoOperator.subscribe(InternalMonoOperator.java:76) ~[reactor-core-3.7.8.jar:3.7.8]
		at reactor.core.publisher.MonoFlatMap$FlatMapMain.onNext(MonoFlatMap.java:165) ~[reactor-core-3.7.8.jar:3.7.8]
		at reactor.core.publisher.FluxFilterFuseable$FilterFuseableSubscriber.onNext(FluxFilterFuseable.java:118) ~[reactor-core-3.7.8.jar:3.7.8]
		at reactor.core.publisher.FluxMapFuseable$MapFuseableConditionalSubscriber.onNext(FluxMapFuseable.java:299) ~[reactor-core-3.7.8.jar:3.7.8]
		at reactor.core.publisher.Operators$ScalarSubscription.request(Operators.java:2570) ~[reactor-core-3.7.8.jar:3.7.8]
		at reactor.core.publisher.FluxMapFuseable$MapFuseableConditionalSubscriber.request(FluxMapFuseable.java:360) ~[reactor-core-3.7.8.jar:3.7.8]
		at reactor.core.publisher.FluxFilterFuseable$FilterFuseableSubscriber.request(FluxFilterFuseable.java:191) ~[reactor-core-3.7.8.jar:3.7.8]
		at reactor.core.publisher.MonoFlatMap$FlatMapMain.request(MonoFlatMap.java:194) ~[reactor-core-3.7.8.jar:3.7.8]
		at reactor.core.publisher.FluxMapFuseable$MapFuseableSubscriber.request(FluxMapFuseable.java:171) ~[reactor-core-3.7.8.jar:3.7.8]
		at reactor.core.publisher.MonoZip$ZipInner.onSubscribe(MonoZip.java:470) ~[reactor-core-3.7.8.jar:3.7.8]
		at reactor.core.publisher.FluxMapFuseable$MapFuseableSubscriber.onSubscribe(FluxMapFuseable.java:96) ~[reactor-core-3.7.8.jar:3.7.8]
		at reactor.core.publisher.MonoFlatMap$FlatMapMain.onSubscribe(MonoFlatMap.java:117) ~[reactor-core-3.7.8.jar:3.7.8]
		at reactor.core.publisher.FluxFilterFuseable$FilterFuseableSubscriber.onSubscribe(FluxFilterFuseable.java:87) ~[reactor-core-3.7.8.jar:3.7.8]
		at reactor.core.publisher.FluxMapFuseable$MapFuseableConditionalSubscriber.onSubscribe(FluxMapFuseable.java:265) ~[reactor-core-3.7.8.jar:3.7.8]
		at reactor.core.publisher.MonoJust.subscribe(MonoJust.java:55) ~[reactor-core-3.7.8.jar:3.7.8]
		at reactor.core.publisher.InternalMonoOperator.subscribe(InternalMonoOperator.java:76) ~[reactor-core-3.7.8.jar:3.7.8]
		at reactor.core.publisher.MonoDeferContextual.subscribe(MonoDeferContextual.java:55) ~[reactor-core-3.7.8.jar:3.7.8]
		at reactor.core.publisher.InternalMonoOperator.subscribe(InternalMonoOperator.java:76) ~[reactor-core-3.7.8.jar:3.7.8]
		at reactor.core.publisher.MonoZip$ZipCoordinator.request(MonoZip.java:220) ~[reactor-core-3.7.8.jar:3.7.8]
		at reactor.core.publisher.MonoFlatMap$FlatMapMain.request(MonoFlatMap.java:194) ~[reactor-core-3.7.8.jar:3.7.8]
		at reactor.core.publisher.MonoFlatMap$FlatMapMain.request(MonoFlatMap.java:194) ~[reactor-core-3.7.8.jar:3.7.8]
		at reactor.core.publisher.FluxPeekFuseable$PeekFuseableConditionalSubscriber.request(FluxPeekFuseable.java:437) ~[reactor-core-3.7.8.jar:3.7.8]
		at reactor.core.publisher.MonoPeekTerminal$MonoTerminalPeekSubscriber.request(MonoPeekTerminal.java:139) ~[reactor-core-3.7.8.jar:3.7.8]
		at reactor.core.publisher.MonoPeekTerminal$MonoTerminalPeekSubscriber.request(MonoPeekTerminal.java:139) ~[reactor-core-3.7.8.jar:3.7.8]
		at reactor.core.publisher.FluxMapFuseable$MapFuseableSubscriber.request(FluxMapFuseable.java:171) ~[reactor-core-3.7.8.jar:3.7.8]
		at reactor.core.publisher.Operators$MultiSubscriptionSubscriber.set(Operators.java:2366) ~[reactor-core-3.7.8.jar:3.7.8]
		at reactor.core.publisher.FluxOnErrorResume$ResumeSubscriber.onSubscribe(FluxOnErrorResume.java:74) ~[reactor-core-3.7.8.jar:3.7.8]
		at reactor.core.publisher.FluxMapFuseable$MapFuseableSubscriber.onSubscribe(FluxMapFuseable.java:96) ~[reactor-core-3.7.8.jar:3.7.8]
		at reactor.core.publisher.MonoPeekTerminal$MonoTerminalPeekSubscriber.onSubscribe(MonoPeekTerminal.java:152) ~[reactor-core-3.7.8.jar:3.7.8]
		at reactor.core.publisher.MonoPeekTerminal$MonoTerminalPeekSubscriber.onSubscribe(MonoPeekTerminal.java:152) ~[reactor-core-3.7.8.jar:3.7.8]
		at reactor.core.publisher.FluxPeekFuseable$PeekFuseableConditionalSubscriber.onSubscribe(FluxPeekFuseable.java:471) ~[reactor-core-3.7.8.jar:3.7.8]
		at reactor.core.publisher.MonoFlatMap$FlatMapMain.onSubscribe(MonoFlatMap.java:117) ~[reactor-core-3.7.8.jar:3.7.8]
		at reactor.core.publisher.MonoFlatMap$FlatMapMain.onSubscribe(MonoFlatMap.java:117) ~[reactor-core-3.7.8.jar:3.7.8]
		at reactor.core.publisher.MonoZip.subscribe(MonoZip.java:129) ~[reactor-core-3.7.8.jar:3.7.8]
		at reactor.core.publisher.InternalMonoOperator.subscribe(InternalMonoOperator.java:76) ~[reactor-core-3.7.8.jar:3.7.8]
		at reactor.core.publisher.MonoFlatMap$FlatMapMain.onNext(MonoFlatMap.java:165) ~[reactor-core-3.7.8.jar:3.7.8]
		at reactor.core.publisher.FluxOnErrorResume$ResumeSubscriber.onNext(FluxOnErrorResume.java:79) ~[reactor-core-3.7.8.jar:3.7.8]
		at reactor.core.publisher.FluxSwitchIfEmpty$SwitchIfEmptySubscriber.onNext(FluxSwitchIfEmpty.java:74) ~[reactor-core-3.7.8.jar:3.7.8]
		at reactor.core.publisher.MonoNext$NextSubscriber.onNext(MonoNext.java:82) ~[reactor-core-3.7.8.jar:3.7.8]
		at reactor.core.publisher.FluxConcatMapNoPrefetch$FluxConcatMapNoPrefetchSubscriber.innerNext(FluxConcatMapNoPrefetch.java:259) ~[reactor-core-3.7.8.jar:3.7.8]
		at reactor.core.publisher.FluxConcatMap$ConcatMapInner.onNext(FluxConcatMap.java:865) ~[reactor-core-3.7.8.jar:3.7.8]
		at reactor.core.publisher.FluxMapFuseable$MapFuseableSubscriber.onNext(FluxMapFuseable.java:129) ~[reactor-core-3.7.8.jar:3.7.8]
		at reactor.core.publisher.FluxPeek$PeekSubscriber.onNext(FluxPeek.java:200) ~[reactor-core-3.7.8.jar:3.7.8]
		at reactor.core.publisher.Operators$ScalarSubscription.request(Operators.java:2570) ~[reactor-core-3.7.8.jar:3.7.8]
		at reactor.core.publisher.FluxPeek$PeekSubscriber.request(FluxPeek.java:138) ~[reactor-core-3.7.8.jar:3.7.8]
		at reactor.core.publisher.FluxMapFuseable$MapFuseableSubscriber.request(FluxMapFuseable.java:171) ~[reactor-core-3.7.8.jar:3.7.8]
		at reactor.core.publisher.Operators$MultiSubscriptionSubscriber.request(Operators.java:2330) ~[reactor-core-3.7.8.jar:3.7.8]
		at reactor.core.publisher.FluxConcatMapNoPrefetch$FluxConcatMapNoPrefetchSubscriber.request(FluxConcatMapNoPrefetch.java:339) ~[reactor-core-3.7.8.jar:3.7.8]
		at reactor.core.publisher.MonoNext$NextSubscriber.request(MonoNext.java:108) ~[reactor-core-3.7.8.jar:3.7.8]
		at reactor.core.publisher.Operators$MultiSubscriptionSubscriber.set(Operators.java:2366) ~[reactor-core-3.7.8.jar:3.7.8]
		at reactor.core.publisher.Operators$MultiSubscriptionSubscriber.onSubscribe(Operators.java:2240) ~[reactor-core-3.7.8.jar:3.7.8]
		at reactor.core.publisher.MonoNext$NextSubscriber.onSubscribe(MonoNext.java:70) ~[reactor-core-3.7.8.jar:3.7.8]
		at reactor.core.publisher.FluxConcatMapNoPrefetch$FluxConcatMapNoPrefetchSubscriber.onSubscribe(FluxConcatMapNoPrefetch.java:164) ~[reactor-core-3.7.8.jar:3.7.8]
		at reactor.core.publisher.FluxIterable.subscribe(FluxIterable.java:201) ~[reactor-core-3.7.8.jar:3.7.8]
		at reactor.core.publisher.FluxIterable.subscribe(FluxIterable.java:83) ~[reactor-core-3.7.8.jar:3.7.8]
		at reactor.core.publisher.InternalMonoOperator.subscribe(InternalMonoOperator.java:76) ~[reactor-core-3.7.8.jar:3.7.8]
		at reactor.core.publisher.MonoDefer.subscribe(MonoDefer.java:53) ~[reactor-core-3.7.8.jar:3.7.8]
		at reactor.core.publisher.InternalMonoOperator.subscribe(InternalMonoOperator.java:76) ~[reactor-core-3.7.8.jar:3.7.8]
		at reactor.core.publisher.MonoDefer.subscribe(MonoDefer.java:53) ~[reactor-core-3.7.8.jar:3.7.8]
		at reactor.core.publisher.InternalMonoOperator.subscribe(InternalMonoOperator.java:76) ~[reactor-core-3.7.8.jar:3.7.8]
		at reactor.core.publisher.MonoDefer.subscribe(MonoDefer.java:53) ~[reactor-core-3.7.8.jar:3.7.8]
		at reactor.core.publisher.InternalMonoOperator.subscribe(InternalMonoOperator.java:76) ~[reactor-core-3.7.8.jar:3.7.8]
		at reactor.core.publisher.MonoDeferContextual.subscribe(MonoDeferContextual.java:55) ~[reactor-core-3.7.8.jar:3.7.8]
		at reactor.core.publisher.InternalMonoOperator.subscribe(InternalMonoOperator.java:76) ~[reactor-core-3.7.8.jar:3.7.8]
		at reactor.core.publisher.MonoDefer.subscribe(MonoDefer.java:53) ~[reactor-core-3.7.8.jar:3.7.8]
		at reactor.core.publisher.Mono.subscribe(Mono.java:4576) ~[reactor-core-3.7.8.jar:3.7.8]
		at reactor.core.publisher.FluxSwitchIfEmpty$SwitchIfEmptySubscriber.onComplete(FluxSwitchIfEmpty.java:82) ~[reactor-core-3.7.8.jar:3.7.8]
		at reactor.core.publisher.MonoPeekTerminal$MonoTerminalPeekSubscriber.onComplete(MonoPeekTerminal.java:299) ~[reactor-core-3.7.8.jar:3.7.8]
		at reactor.core.publisher.MonoPeekTerminal$MonoTerminalPeekSubscriber.onComplete(MonoPeekTerminal.java:299) ~[reactor-core-3.7.8.jar:3.7.8]
		at reactor.core.publisher.MonoFlatMap$FlatMapMain.onNext(MonoFlatMap.java:155) ~[reactor-core-3.7.8.jar:3.7.8]
		at reactor.core.publisher.FluxSwitchIfEmpty$SwitchIfEmptySubscriber.onNext(FluxSwitchIfEmpty.java:74) ~[reactor-core-3.7.8.jar:3.7.8]
		at reactor.core.publisher.FluxFilterFuseable$FilterFuseableSubscriber.onNext(FluxFilterFuseable.java:118) ~[reactor-core-3.7.8.jar:3.7.8]
		at reactor.core.publisher.MonoPeekTerminal$MonoTerminalPeekSubscriber.onNext(MonoPeekTerminal.java:180) ~[reactor-core-3.7.8.jar:3.7.8]
		at reactor.core.publisher.FluxPeekFuseable$PeekFuseableConditionalSubscriber.onNext(FluxPeekFuseable.java:503) ~[reactor-core-3.7.8.jar:3.7.8]
		at reactor.core.publisher.MonoPeekTerminal$MonoTerminalPeekSubscriber.onNext(MonoPeekTerminal.java:180) ~[reactor-core-3.7.8.jar:3.7.8]
		at reactor.core.publisher.FluxDefaultIfEmpty$DefaultIfEmptySubscriber.onNext(FluxDefaultIfEmpty.java:122) ~[reactor-core-3.7.8.jar:3.7.8]
		at reactor.core.publisher.MonoNext$NextSubscriber.onNext(MonoNext.java:82) ~[reactor-core-3.7.8.jar:3.7.8]
		at reactor.core.publisher.FluxConcatMapNoPrefetch$FluxConcatMapNoPrefetchSubscriber.innerNext(FluxConcatMapNoPrefetch.java:259) ~[reactor-core-3.7.8.jar:3.7.8]
		at reactor.core.publisher.FluxConcatMap$ConcatMapInner.onNext(FluxConcatMap.java:865) ~[reactor-core-3.7.8.jar:3.7.8]
		at reactor.core.publisher.MonoFlatMap$FlatMapMain.secondComplete(MonoFlatMap.java:245) ~[reactor-core-3.7.8.jar:3.7.8]
		at reactor.core.publisher.MonoFlatMap$FlatMapInner.onNext(MonoFlatMap.java:305) ~[reactor-core-3.7.8.jar:3.7.8]
		at reactor.core.publisher.FluxDefaultIfEmpty$DefaultIfEmptySubscriber.onNext(FluxDefaultIfEmpty.java:122) ~[reactor-core-3.7.8.jar:3.7.8]
		at reactor.core.publisher.FluxMapFuseable$MapFuseableSubscriber.onNext(FluxMapFuseable.java:129) ~[reactor-core-3.7.8.jar:3.7.8]
		at reactor.core.publisher.MonoAny$AnySubscriber.onNext(MonoAny.java:98) ~[reactor-core-3.7.8.jar:3.7.8]
		at reactor.core.publisher.FluxMapFuseable$MapFuseableSubscriber.onNext(FluxMapFuseable.java:129) ~[reactor-core-3.7.8.jar:3.7.8]
		at reactor.core.publisher.FluxFlattenIterable$FlattenIterableSubscriber.drainAsync(FluxFlattenIterable.java:453) ~[reactor-core-3.7.8.jar:3.7.8]
		at reactor.core.publisher.FluxFlattenIterable$FlattenIterableSubscriber.drain(FluxFlattenIterable.java:724) ~[reactor-core-3.7.8.jar:3.7.8]
		at reactor.core.publisher.FluxFlattenIterable$FlattenIterableSubscriber.onNext(FluxFlattenIterable.java:256) ~[reactor-core-3.7.8.jar:3.7.8]
		at reactor.core.publisher.FluxFilterFuseable$FilterFuseableSubscriber.onNext(FluxFilterFuseable.java:118) ~[reactor-core-3.7.8.jar:3.7.8]
		at reactor.core.publisher.FluxMapFuseable$MapFuseableConditionalSubscriber.onNext(FluxMapFuseable.java:299) ~[reactor-core-3.7.8.jar:3.7.8]
		at reactor.core.publisher.FluxMapFuseable$MapFuseableConditionalSubscriber.onNext(FluxMapFuseable.java:299) ~[reactor-core-3.7.8.jar:3.7.8]
		at reactor.core.publisher.FluxFilterFuseable$FilterFuseableConditionalSubscriber.onNext(FluxFilterFuseable.java:337) ~[reactor-core-3.7.8.jar:3.7.8]
		at reactor.core.publisher.MonoFlatMap$FlatMapMain.secondComplete(MonoFlatMap.java:245) ~[reactor-core-3.7.8.jar:3.7.8]
		at reactor.core.publisher.MonoFlatMap$FlatMapInner.onNext(MonoFlatMap.java:305) ~[reactor-core-3.7.8.jar:3.7.8]
		at reactor.core.publisher.FluxMapFuseable$MapFuseableSubscriber.onNext(FluxMapFuseable.java:129) ~[reactor-core-3.7.8.jar:3.7.8]
		at reactor.core.publisher.FluxMapFuseable$MapFuseableSubscriber.onNext(FluxMapFuseable.java:129) ~[reactor-core-3.7.8.jar:3.7.8]
		at reactor.core.publisher.FluxFilter$FilterSubscriber.onNext(FluxFilter.java:113) ~[reactor-core-3.7.8.jar:3.7.8]
		at reactor.core.publisher.MonoCallable$MonoCallableSubscription.request(MonoCallable.java:156) ~[reactor-core-3.7.8.jar:3.7.8]
		at reactor.core.publisher.FluxFilter$FilterSubscriber.request(FluxFilter.java:186) ~[reactor-core-3.7.8.jar:3.7.8]
		at reactor.core.publisher.FluxMapFuseable$MapFuseableSubscriber.request(FluxMapFuseable.java:171) ~[reactor-core-3.7.8.jar:3.7.8]
		at reactor.core.publisher.FluxMapFuseable$MapFuseableSubscriber.request(FluxMapFuseable.java:171) ~[reactor-core-3.7.8.jar:3.7.8]
		at reactor.core.publisher.MonoFlatMap$FlatMapInner.onSubscribe(MonoFlatMap.java:291) ~[reactor-core-3.7.8.jar:3.7.8]
		at reactor.core.publisher.FluxMapFuseable$MapFuseableSubscriber.onSubscribe(FluxMapFuseable.java:96) ~[reactor-core-3.7.8.jar:3.7.8]
		at reactor.core.publisher.FluxMapFuseable$MapFuseableSubscriber.onSubscribe(FluxMapFuseable.java:96) ~[reactor-core-3.7.8.jar:3.7.8]
		at reactor.core.publisher.FluxFilter$FilterSubscriber.onSubscribe(FluxFilter.java:85) ~[reactor-core-3.7.8.jar:3.7.8]
		at reactor.core.publisher.MonoCallable.subscribe(MonoCallable.java:48) ~[reactor-core-3.7.8.jar:3.7.8]
		at reactor.core.publisher.InternalMonoOperator.subscribe(InternalMonoOperator.java:76) ~[reactor-core-3.7.8.jar:3.7.8]
		at reactor.core.publisher.MonoFlatMap$FlatMapMain.onNext(MonoFlatMap.java:165) ~[reactor-core-3.7.8.jar:3.7.8]
		at reactor.core.publisher.FluxFilterFuseable$FilterFuseableSubscriber.onNext(FluxFilterFuseable.java:118) ~[reactor-core-3.7.8.jar:3.7.8]
		at reactor.core.publisher.FluxMapFuseable$MapFuseableConditionalSubscriber.onNext(FluxMapFuseable.java:299) ~[reactor-core-3.7.8.jar:3.7.8]
		at reactor.core.publisher.Operators$ScalarSubscription.request(Operators.java:2570) ~[reactor-core-3.7.8.jar:3.7.8]
		at reactor.core.publisher.FluxMapFuseable$MapFuseableConditionalSubscriber.request(FluxMapFuseable.java:360) ~[reactor-core-3.7.8.jar:3.7.8]
		at reactor.core.publisher.FluxFilterFuseable$FilterFuseableSubscriber.request(FluxFilterFuseable.java:191) ~[reactor-core-3.7.8.jar:3.7.8]
		at reactor.core.publisher.MonoFlatMap$FlatMapMain.request(MonoFlatMap.java:194) ~[reactor-core-3.7.8.jar:3.7.8]
		at reactor.core.publisher.FluxFilterFuseable$FilterFuseableConditionalSubscriber.request(FluxFilterFuseable.java:411) ~[reactor-core-3.7.8.jar:3.7.8]
		at reactor.core.publisher.FluxMapFuseable$MapFuseableConditionalSubscriber.request(FluxMapFuseable.java:360) ~[reactor-core-3.7.8.jar:3.7.8]
		at reactor.core.publisher.FluxMapFuseable$MapFuseableConditionalSubscriber.request(FluxMapFuseable.java:360) ~[reactor-core-3.7.8.jar:3.7.8]
		at reactor.core.publisher.FluxFilterFuseable$FilterFuseableSubscriber.request(FluxFilterFuseable.java:191) ~[reactor-core-3.7.8.jar:3.7.8]
		at reactor.core.publisher.FluxFlattenIterable$FlattenIterableSubscriber.onSubscribe(FluxFlattenIterable.java:241) ~[reactor-core-3.7.8.jar:3.7.8]
		at reactor.core.publisher.FluxFilterFuseable$FilterFuseableSubscriber.onSubscribe(FluxFilterFuseable.java:87) ~[reactor-core-3.7.8.jar:3.7.8]
		at reactor.core.publisher.FluxMapFuseable$MapFuseableConditionalSubscriber.onSubscribe(FluxMapFuseable.java:265) ~[reactor-core-3.7.8.jar:3.7.8]
		at reactor.core.publisher.FluxMapFuseable$MapFuseableConditionalSubscriber.onSubscribe(FluxMapFuseable.java:265) ~[reactor-core-3.7.8.jar:3.7.8]
		at reactor.core.publisher.FluxFilterFuseable$FilterFuseableConditionalSubscriber.onSubscribe(FluxFilterFuseable.java:305) ~[reactor-core-3.7.8.jar:3.7.8]
		at reactor.core.publisher.MonoFlatMap$FlatMapMain.onSubscribe(MonoFlatMap.java:117) ~[reactor-core-3.7.8.jar:3.7.8]
		at reactor.core.publisher.FluxFilterFuseable$FilterFuseableSubscriber.onSubscribe(FluxFilterFuseable.java:87) ~[reactor-core-3.7.8.jar:3.7.8]
		at reactor.core.publisher.FluxMapFuseable$MapFuseableConditionalSubscriber.onSubscribe(FluxMapFuseable.java:265) ~[reactor-core-3.7.8.jar:3.7.8]
		at reactor.core.publisher.MonoJust.subscribe(MonoJust.java:55) ~[reactor-core-3.7.8.jar:3.7.8]
		at reactor.core.publisher.InternalMonoOperator.subscribe(InternalMonoOperator.java:76) ~[reactor-core-3.7.8.jar:3.7.8]
		at reactor.core.publisher.MonoDeferContextual.subscribe(MonoDeferContextual.java:55) ~[reactor-core-3.7.8.jar:3.7.8]
		at reactor.core.publisher.InternalMonoOperator.subscribe(InternalMonoOperator.java:76) ~[reactor-core-3.7.8.jar:3.7.8]
		at reactor.core.publisher.MonoFlatMap$FlatMapMain.onNext(MonoFlatMap.java:165) ~[reactor-core-3.7.8.jar:3.7.8]
		at reactor.core.publisher.FluxMapFuseable$MapFuseableSubscriber.onNext(FluxMapFuseable.java:129) ~[reactor-core-3.7.8.jar:3.7.8]
		at reactor.core.publisher.FluxFilterFuseable$FilterFuseableSubscriber.onNext(FluxFilterFuseable.java:118) ~[reactor-core-3.7.8.jar:3.7.8]
		at reactor.core.publisher.FluxPeekFuseable$PeekFuseableConditionalSubscriber.onNext(FluxPeekFuseable.java:503) ~[reactor-core-3.7.8.jar:3.7.8]
		at reactor.core.publisher.FluxSwitchIfEmpty$SwitchIfEmptySubscriber.onNext(FluxSwitchIfEmpty.java:74) ~[reactor-core-3.7.8.jar:3.7.8]
		at reactor.core.publisher.MonoNext$NextSubscriber.onNext(MonoNext.java:82) ~[reactor-core-3.7.8.jar:3.7.8]
		at reactor.core.publisher.FluxFilterFuseable$FilterFuseableSubscriber.onNext(FluxFilterFuseable.java:118) ~[reactor-core-3.7.8.jar:3.7.8]
		at reactor.core.publisher.FluxFlatMap$FlatMapMain.tryEmitScalar(FluxFlatMap.java:492) ~[reactor-core-3.7.8.jar:3.7.8]
		at reactor.core.publisher.FluxFlatMap$FlatMapMain.onNext(FluxFlatMap.java:424) ~[reactor-core-3.7.8.jar:3.7.8]
		at reactor.core.publisher.FluxPeekFuseable$PeekFuseableSubscriber.onNext(FluxPeekFuseable.java:210) ~[reactor-core-3.7.8.jar:3.7.8]
		at reactor.core.publisher.FluxIterable$IterableSubscription.slowPath(FluxIterable.java:335) ~[reactor-core-3.7.8.jar:3.7.8]
		at reactor.core.publisher.FluxIterable$IterableSubscription.request(FluxIterable.java:294) ~[reactor-core-3.7.8.jar:3.7.8]
		at reactor.core.publisher.FluxPeekFuseable$PeekFuseableSubscriber.request(FluxPeekFuseable.java:144) ~[reactor-core-3.7.8.jar:3.7.8]
		at reactor.core.publisher.FluxFlatMap$FlatMapMain.onSubscribe(FluxFlatMap.java:373) ~[reactor-core-3.7.8.jar:3.7.8]
		at reactor.core.publisher.FluxPeekFuseable$PeekFuseableSubscriber.onSubscribe(FluxPeekFuseable.java:178) ~[reactor-core-3.7.8.jar:3.7.8]
		at reactor.core.publisher.FluxIterable.subscribe(FluxIterable.java:201) ~[reactor-core-3.7.8.jar:3.7.8]
		at reactor.core.publisher.FluxIterable.subscribe(FluxIterable.java:83) ~[reactor-core-3.7.8.jar:3.7.8]
		at reactor.core.publisher.Mono.subscribe(Mono.java:4576) ~[reactor-core-3.7.8.jar:3.7.8]
		at reactor.core.publisher.FluxConcatMapNoPrefetch$FluxConcatMapNoPrefetchSubscriber.onNext(FluxConcatMapNoPrefetch.java:207) ~[reactor-core-3.7.8.jar:3.7.8]
		at reactor.core.publisher.FluxIterable$IterableSubscription.slowPath(FluxIterable.java:335) ~[reactor-core-3.7.8.jar:3.7.8]
		at reactor.core.publisher.FluxIterable$IterableSubscription.request(FluxIterable.java:294) ~[reactor-core-3.7.8.jar:3.7.8]
		at reactor.core.publisher.FluxConcatMapNoPrefetch$FluxConcatMapNoPrefetchSubscriber.innerComplete(FluxConcatMapNoPrefetch.java:275) ~[reactor-core-3.7.8.jar:3.7.8]
		at reactor.core.publisher.FluxConcatMap$ConcatMapInner.onComplete(FluxConcatMap.java:889) ~[reactor-core-3.7.8.jar:3.7.8]
		at reactor.core.publisher.MonoFlatMap$FlatMapMain.onComplete(MonoFlatMap.java:189) ~[reactor-core-3.7.8.jar:3.7.8]
		at reactor.core.publisher.FluxMapFuseable$MapFuseableSubscriber.onComplete(FluxMapFuseable.java:152) ~[reactor-core-3.7.8.jar:3.7.8]
		at reactor.core.publisher.FluxFilterFuseable$FilterFuseableSubscriber.onComplete(FluxFilterFuseable.java:171) ~[reactor-core-3.7.8.jar:3.7.8]
		at reactor.core.publisher.FluxPeekFuseable$PeekFuseableConditionalSubscriber.onComplete(FluxPeekFuseable.java:595) ~[reactor-core-3.7.8.jar:3.7.8]
		at reactor.core.publisher.FluxSwitchIfEmpty$SwitchIfEmptySubscriber.onComplete(FluxSwitchIfEmpty.java:85) ~[reactor-core-3.7.8.jar:3.7.8]
		at reactor.core.publisher.Operators$ScalarSubscription.request(Operators.java:2572) ~[reactor-core-3.7.8.jar:3.7.8]
		at reactor.core.publisher.Operators$MultiSubscriptionSubscriber.set(Operators.java:2366) ~[reactor-core-3.7.8.jar:3.7.8]
		at reactor.core.publisher.Operators$MultiSubscriptionSubscriber.onSubscribe(Operators.java:2240) ~[reactor-core-3.7.8.jar:3.7.8]
		at reactor.core.publisher.MonoJust.subscribe(MonoJust.java:55) ~[reactor-core-3.7.8.jar:3.7.8]
		at reactor.core.publisher.Mono.subscribe(Mono.java:4576) ~[reactor-core-3.7.8.jar:3.7.8]
		at reactor.core.publisher.FluxSwitchIfEmpty$SwitchIfEmptySubscriber.onComplete(FluxSwitchIfEmpty.java:82) ~[reactor-core-3.7.8.jar:3.7.8]
		at reactor.core.publisher.MonoNext$NextSubscriber.onComplete(MonoNext.java:102) ~[reactor-core-3.7.8.jar:3.7.8]
		at reactor.core.publisher.FluxFilterFuseable$FilterFuseableSubscriber.onComplete(FluxFilterFuseable.java:171) ~[reactor-core-3.7.8.jar:3.7.8]
		at reactor.core.publisher.FluxFlatMap$FlatMapMain.checkTerminated(FluxFlatMap.java:850) ~[reactor-core-3.7.8.jar:3.7.8]
		at reactor.core.publisher.FluxFlatMap$FlatMapMain.drainLoop(FluxFlatMap.java:612) ~[reactor-core-3.7.8.jar:3.7.8]
		at reactor.core.publisher.FluxFlatMap$FlatMapMain.drain(FluxFlatMap.java:592) ~[reactor-core-3.7.8.jar:3.7.8]
		at reactor.core.publisher.FluxFlatMap$FlatMapMain.request(FluxFlatMap.java:349) ~[reactor-core-3.7.8.jar:3.7.8]
		at reactor.core.publisher.FluxFilterFuseable$FilterFuseableSubscriber.request(FluxFilterFuseable.java:191) ~[reactor-core-3.7.8.jar:3.7.8]
		at reactor.core.publisher.MonoNext$NextSubscriber.request(MonoNext.java:108) ~[reactor-core-3.7.8.jar:3.7.8]
		at reactor.core.publisher.Operators$MultiSubscriptionSubscriber.request(Operators.java:2330) ~[reactor-core-3.7.8.jar:3.7.8]
		at reactor.core.publisher.FluxPeekFuseable$PeekFuseableConditionalSubscriber.request(FluxPeekFuseable.java:437) ~[reactor-core-3.7.8.jar:3.7.8]
		at reactor.core.publisher.FluxFilterFuseable$FilterFuseableSubscriber.request(FluxFilterFuseable.java:191) ~[reactor-core-3.7.8.jar:3.7.8]
		at reactor.core.publisher.FluxMapFuseable$MapFuseableSubscriber.request(FluxMapFuseable.java:171) ~[reactor-core-3.7.8.jar:3.7.8]
		at reactor.core.publisher.MonoFlatMap$FlatMapMain.request(MonoFlatMap.java:194) ~[reactor-core-3.7.8.jar:3.7.8]
		at reactor.core.publisher.Operators$MultiSubscriptionSubscriber.request(Operators.java:2330) ~[reactor-core-3.7.8.jar:3.7.8]
		at reactor.core.publisher.FluxConcatMapNoPrefetch$FluxConcatMapNoPrefetchSubscriber.request(FluxConcatMapNoPrefetch.java:339) ~[reactor-core-3.7.8.jar:3.7.8]
		at reactor.core.publisher.MonoNext$NextSubscriber.request(MonoNext.java:108) ~[reactor-core-3.7.8.jar:3.7.8]
		at reactor.core.publisher.FluxDefaultIfEmpty$DefaultIfEmptySubscriber.request(FluxDefaultIfEmpty.java:98) ~[reactor-core-3.7.8.jar:3.7.8]
		at reactor.core.publisher.MonoPeekTerminal$MonoTerminalPeekSubscriber.request(MonoPeekTerminal.java:139) ~[reactor-core-3.7.8.jar:3.7.8]
		at reactor.core.publisher.FluxPeekFuseable$PeekFuseableConditionalSubscriber.request(FluxPeekFuseable.java:437) ~[reactor-core-3.7.8.jar:3.7.8]
		at reactor.core.publisher.MonoPeekTerminal$MonoTerminalPeekSubscriber.request(MonoPeekTerminal.java:139) ~[reactor-core-3.7.8.jar:3.7.8]
		at reactor.core.publisher.FluxFilterFuseable$FilterFuseableSubscriber.request(FluxFilterFuseable.java:191) ~[reactor-core-3.7.8.jar:3.7.8]
		at reactor.core.publisher.Operators$MultiSubscriptionSubscriber.set(Operators.java:2366) ~[reactor-core-3.7.8.jar:3.7.8]
		at reactor.core.publisher.Operators$MultiSubscriptionSubscriber.onSubscribe(Operators.java:2240) ~[reactor-core-3.7.8.jar:3.7.8]
		at reactor.core.publisher.FluxFilterFuseable$FilterFuseableSubscriber.onSubscribe(FluxFilterFuseable.java:87) ~[reactor-core-3.7.8.jar:3.7.8]
		at reactor.core.publisher.MonoPeekTerminal$MonoTerminalPeekSubscriber.onSubscribe(MonoPeekTerminal.java:152) ~[reactor-core-3.7.8.jar:3.7.8]
		at reactor.core.publisher.FluxPeekFuseable$PeekFuseableConditionalSubscriber.onSubscribe(FluxPeekFuseable.java:471) ~[reactor-core-3.7.8.jar:3.7.8]
		at reactor.core.publisher.MonoPeekTerminal$MonoTerminalPeekSubscriber.onSubscribe(MonoPeekTerminal.java:152) ~[reactor-core-3.7.8.jar:3.7.8]
		at reactor.core.publisher.Operators$BaseFluxToMonoOperator.onSubscribe(Operators.java:2050) ~[reactor-core-3.7.8.jar:3.7.8]
		at reactor.core.publisher.MonoNext$NextSubscriber.onSubscribe(MonoNext.java:70) ~[reactor-core-3.7.8.jar:3.7.8]
		at reactor.core.publisher.FluxConcatMapNoPrefetch$FluxConcatMapNoPrefetchSubscriber.onSubscribe(FluxConcatMapNoPrefetch.java:164) ~[reactor-core-3.7.8.jar:3.7.8]
		at reactor.core.publisher.FluxIterable.subscribe(FluxIterable.java:201) ~[reactor-core-3.7.8.jar:3.7.8]
		at reactor.core.publisher.FluxIterable.subscribe(FluxIterable.java:83) ~[reactor-core-3.7.8.jar:3.7.8]
		at reactor.core.publisher.InternalMonoOperator.subscribe(InternalMonoOperator.java:76) ~[reactor-core-3.7.8.jar:3.7.8]
		at reactor.core.publisher.MonoDeferContextual.subscribe(MonoDeferContextual.java:55) ~[reactor-core-3.7.8.jar:3.7.8]
		at reactor.core.publisher.InternalMonoOperator.subscribe(InternalMonoOperator.java:76) ~[reactor-core-3.7.8.jar:3.7.8]
		at reactor.core.publisher.MonoDefer.subscribe(MonoDefer.java:53) ~[reactor-core-3.7.8.jar:3.7.8]
		at reactor.core.publisher.InternalMonoOperator.subscribe(InternalMonoOperator.java:76) ~[reactor-core-3.7.8.jar:3.7.8]
		at reactor.core.publisher.MonoDefer.subscribe(MonoDefer.java:53) ~[reactor-core-3.7.8.jar:3.7.8]
		at reactor.core.publisher.InternalMonoOperator.subscribe(InternalMonoOperator.java:76) ~[reactor-core-3.7.8.jar:3.7.8]
		at reactor.core.publisher.MonoFlatMap$FlatMapMain.onNext(MonoFlatMap.java:165) ~[reactor-core-3.7.8.jar:3.7.8]
		at reactor.core.publisher.Operators$BaseFluxToMonoOperator.completePossiblyEmpty(Operators.java:2096) ~[reactor-core-3.7.8.jar:3.7.8]
		at reactor.core.publisher.FluxDefaultIfEmpty$DefaultIfEmptySubscriber.onComplete(FluxDefaultIfEmpty.java:134) ~[reactor-core-3.7.8.jar:3.7.8]
		at reactor.core.publisher.FluxMapFuseable$MapFuseableSubscriber.onComplete(FluxMapFuseable.java:152) ~[reactor-core-3.7.8.jar:3.7.8]
		at reactor.core.publisher.FluxMapFuseable$MapFuseableSubscriber.onComplete(FluxMapFuseable.java:152) ~[reactor-core-3.7.8.jar:3.7.8]
		at reactor.core.publisher.FluxFilterFuseable$FilterFuseableSubscriber.onComplete(FluxFilterFuseable.java:171) ~[reactor-core-3.7.8.jar:3.7.8]
		at reactor.core.publisher.FluxMapFuseable$MapFuseableConditionalSubscriber.onComplete(FluxMapFuseable.java:350) ~[reactor-core-3.7.8.jar:3.7.8]
		at reactor.core.publisher.Operators$MonoSubscriber.complete(Operators.java:1865) ~[reactor-core-3.7.8.jar:3.7.8]
		at reactor.core.publisher.MonoCacheTime$CoordinatorSubscriber.signalCached(MonoCacheTime.java:337) ~[reactor-core-3.7.8.jar:3.7.8]
		at reactor.core.publisher.MonoCacheTime$CoordinatorSubscriber.onNext(MonoCacheTime.java:354) ~[reactor-core-3.7.8.jar:3.7.8]
		at reactor.core.publisher.FluxPeekFuseable$PeekFuseableSubscriber.onNext(FluxPeekFuseable.java:210) ~[reactor-core-3.7.8.jar:3.7.8]
		at reactor.core.publisher.FluxSwitchIfEmpty$SwitchIfEmptySubscriber.onNext(FluxSwitchIfEmpty.java:74) ~[reactor-core-3.7.8.jar:3.7.8]
		at reactor.core.publisher.MonoPeekTerminal$MonoTerminalPeekSubscriber.onNext(MonoPeekTerminal.java:180) ~[reactor-core-3.7.8.jar:3.7.8]
		at reactor.core.publisher.MonoPublishOn$PublishOnSubscriber.run(MonoPublishOn.java:181) ~[reactor-core-3.7.8.jar:3.7.8]
		at reactor.core.scheduler.SchedulerTask.call(SchedulerTask.java:68) ~[reactor-core-3.7.8.jar:3.7.8]
		at reactor.core.scheduler.SchedulerTask.call(SchedulerTask.java:28) ~[reactor-core-3.7.8.jar:3.7.8]
		at java.base/java.util.concurrent.FutureTask.run$$$capture(FutureTask.java:328) ~[na:na]
		at java.base/java.util.concurrent.FutureTask.run(FutureTask.java) ~[na:na]
		at java.base/java.util.concurrent.ScheduledThreadPoolExecutor$ScheduledFutureTask.run(ScheduledThreadPoolExecutor.java:309) ~[na:na]
		at java.base/java.util.concurrent.ThreadPoolExecutor.runWorker(ThreadPoolExecutor.java:1095) ~[na:na]
		at java.base/java.util.concurrent.ThreadPoolExecutor$Worker.run(ThreadPoolExecutor.java:619) ~[na:na]
		at java.base/java.lang.Thread.run(Thread.java:1447) ~[na:na]

2025-09-04T19:15:03.667-05:00 ERROR 13232 --- [ReactiveProject] [parallel-4] c.c.p.api.excepcions.GlobalErrorHandler  : Error capturado globalmente: 

co.com.pragma.usecase.solicitud.excepcions.TokenEmailNotMatch: El correo del token no coincide con el de la solicitud
	at co.com.pragma.usecase.solicitud.SolicitudUseCase.save(SolicitudUseCase.java:23) ~[main/:na]
	Suppressed: reactor.core.publisher.FluxOnAssembly$OnAssemblyException: 
Assembly trace from producer [reactor.core.publisher.MonoFlatMap] :
	reactor.core.publisher.Mono.flatMap(Mono.java:3179)
	co.com.pragma.api.Handler.registrarSolicitud(Handler.java:49)
Error has been observed at the following site(s):
	*__________Mono.flatMap ⇢ at co.com.pragma.api.Handler.registrarSolicitud(Handler.java:49)
	|_         Mono.flatMap ⇢ at co.com.pragma.api.Handler.registrarSolicitud(Handler.java:55)
	|_   Mono.doOnSubscribe ⇢ at co.com.pragma.api.Handler.registrarSolicitud(Handler.java:59)
	|_     Mono.doOnSuccess ⇢ at co.com.pragma.api.Handler.registrarSolicitud(Handler.java:60)
	|_       Mono.doOnError ⇢ at co.com.pragma.api.Handler.registrarSolicitud(Handler.java:61)
	|_             Mono.map ⇢ at org.springframework.web.reactive.function.server.support.HandlerFunctionAdapter.handle(HandlerFunctionAdapter.java:62)
	|_   Mono.onErrorResume ⇢ at org.springframework.web.reactive.DispatcherHandler.handleResultMono(DispatcherHandler.java:168)
	|_         Mono.flatMap ⇢ at org.springframework.web.reactive.DispatcherHandler.handleResultMono(DispatcherHandler.java:172)
	*____________Mono.error ⇢ at org.springframework.web.reactive.result.method.annotation.RequestMappingHandlerAdapter.handleException(RequestMappingHandlerAdapter.java:340)
	*__________Mono.flatMap ⇢ at org.springframework.web.reactive.DispatcherHandler.handle(DispatcherHandler.java:154)
	*____________Mono.defer ⇢ at org.springframework.web.server.handler.DefaultWebFilterChain.filter(DefaultWebFilterChain.java:106)
	|_           checkpoint ⇢ org.springframework.web.cors.reactive.CorsWebFilter [DefaultWebFilterChain]
	*____________Mono.defer ⇢ at org.springframework.web.server.handler.DefaultWebFilterChain.filter(DefaultWebFilterChain.java:106)
	|_           checkpoint ⇢ co.com.pragma.api.config.SecurityHeadersConfig [DefaultWebFilterChain]
	*____________Mono.defer ⇢ at org.springframework.web.server.handler.DefaultWebFilterChain.filter(DefaultWebFilterChain.java:106)
	|_     Mono.doOnSuccess ⇢ at org.springframework.security.web.server.ObservationWebFilterChainDecorator$WebFilterObservation$SimpleWebFilterObservation.lambda$wrap$6(ObservationWebFilterChainDecorator.java:560)
	|_      Mono.doOnCancel ⇢ at org.springframework.security.web.server.ObservationWebFilterChainDecorator$WebFilterObservation$SimpleWebFilterObservation.lambda$wrap$6(ObservationWebFilterChainDecorator.java:561)
	|_       Mono.doOnError ⇢ at org.springframework.security.web.server.ObservationWebFilterChainDecorator$WebFilterObservation$SimpleWebFilterObservation.lambda$wrap$6(ObservationWebFilterChainDecorator.java:562)
	|_    Mono.contextWrite ⇢ at org.springframework.security.web.server.ObservationWebFilterChainDecorator$WebFilterObservation$SimpleWebFilterObservation.lambda$wrap$6(ObservationWebFilterChainDecorator.java:566)
	|_     Mono.doOnSuccess ⇢ at org.springframework.security.web.server.ObservationWebFilterChainDecorator$AroundWebFilterObservation$SimpleAroundWebFilterObservation.lambda$wrap$2(ObservationWebFilterChainDecorator.java:351)
	|_      Mono.doOnCancel ⇢ at org.springframework.security.web.server.ObservationWebFilterChainDecorator$AroundWebFilterObservation$SimpleAroundWebFilterObservation.lambda$wrap$2(ObservationWebFilterChainDecorator.java:352)
	|_       Mono.doOnError ⇢ at org.springframework.security.web.server.ObservationWebFilterChainDecorator$AroundWebFilterObservation$SimpleAroundWebFilterObservation.lambda$wrap$2(ObservationWebFilterChainDecorator.java:353)
	*__Mono.deferContextual ⇢ at org.springframework.security.web.server.ObservationWebFilterChainDecorator.lambda$wrapSecured$1(ObservationWebFilterChainDecorator.java:76)
	*____________Mono.defer ⇢ at org.springframework.security.web.server.ObservationWebFilterChainDecorator$ObservationWebFilterChain.filter(ObservationWebFilterChainDecorator.java:152)
	*____Mono.switchIfEmpty ⇢ at org.springframework.security.web.server.authorization.AuthorizationWebFilter.filter(AuthorizationWebFilter.java:56)
	|_     Mono.doOnSuccess ⇢ at org.springframework.security.web.server.ObservationWebFilterChainDecorator$ObservationWebFilter.wrapFilter(ObservationWebFilterChainDecorator.java:211)
	|_           checkpoint ⇢ AuthorizationWebFilter [DefaultWebFilterChain]
	*____________Mono.defer ⇢ at org.springframework.security.web.server.ObservationWebFilterChainDecorator$ObservationWebFilterChain.filter(ObservationWebFilterChainDecorator.java:152)
	|_   Mono.onErrorResume ⇢ at org.springframework.security.web.server.authorization.ExceptionTranslationWebFilter.filter(ExceptionTranslationWebFilter.java:53)
	|_     Mono.doOnSuccess ⇢ at org.springframework.security.web.server.ObservationWebFilterChainDecorator$ObservationWebFilter.wrapFilter(ObservationWebFilterChainDecorator.java:211)
	|_           checkpoint ⇢ ExceptionTranslationWebFilter [DefaultWebFilterChain]
	*____________Mono.defer ⇢ at org.springframework.security.web.server.ObservationWebFilterChainDecorator$ObservationWebFilterChain.filter(ObservationWebFilterChainDecorator.java:152)
	*__________Mono.flatMap ⇢ at org.springframework.security.web.server.savedrequest.ServerRequestCacheWebFilter.filter(ServerRequestCacheWebFilter.java:41)
	|_     Mono.doOnSuccess ⇢ at org.springframework.security.web.server.ObservationWebFilterChainDecorator$ObservationWebFilter.wrapFilter(ObservationWebFilterChainDecorator.java:211)
	|_           checkpoint ⇢ ServerRequestCacheWebFilter [DefaultWebFilterChain]
	*____________Mono.defer ⇢ at org.springframework.security.web.server.ObservationWebFilterChainDecorator$ObservationWebFilterChain.filter(ObservationWebFilterChainDecorator.java:152)
	|_     Mono.doOnSuccess ⇢ at org.springframework.security.web.server.ObservationWebFilterChainDecorator$ObservationWebFilter.wrapFilter(ObservationWebFilterChainDecorator.java:211)
	|_           checkpoint ⇢ SecurityContextServerWebExchangeWebFilter [DefaultWebFilterChain]
	*____________Mono.defer ⇢ at org.springframework.security.web.server.ObservationWebFilterChainDecorator$ObservationWebFilterChain.filter(ObservationWebFilterChainDecorator.java:152)
	|_    Mono.contextWrite ⇢ at org.springframework.security.web.server.context.ReactorContextWebFilter.filter(ReactorContextWebFilter.java:48)
	|_     Mono.doOnSuccess ⇢ at org.springframework.security.web.server.ObservationWebFilterChainDecorator$ObservationWebFilter.wrapFilter(ObservationWebFilterChainDecorator.java:211)
	|_           checkpoint ⇢ ReactorContextWebFilter [DefaultWebFilterChain]
	*____________Mono.defer ⇢ at org.springframework.security.web.server.ObservationWebFilterChainDecorator$ObservationWebFilterChain.filter(ObservationWebFilterChainDecorator.java:152)
	|_     Mono.doOnSuccess ⇢ at org.springframework.security.web.server.ObservationWebFilterChainDecorator$ObservationWebFilter.wrapFilter(ObservationWebFilterChainDecorator.java:211)
	|_           checkpoint ⇢ HttpHeaderWriterWebFilter [DefaultWebFilterChain]
	*____________Mono.defer ⇢ at org.springframework.security.web.server.ObservationWebFilterChainDecorator$ObservationWebFilterChain.filter(ObservationWebFilterChainDecorator.java:152)
	|_    Mono.contextWrite ⇢ at org.springframework.security.config.web.server.ServerHttpSecurity$ServerWebExchangeReactorContextWebFilter.filter(ServerHttpSecurity.java:4059)
	|_     Mono.doOnSuccess ⇢ at org.springframework.security.web.server.ObservationWebFilterChainDecorator$ObservationWebFilter.wrapFilter(ObservationWebFilterChainDecorator.java:211)
	|_     Mono.doOnSuccess ⇢ at org.springframework.security.web.server.ObservationWebFilterChainDecorator$AroundWebFilterObservation$SimpleAroundWebFilterObservation.lambda$wrap$6(ObservationWebFilterChainDecorator.java:367)
	|_      Mono.doOnCancel ⇢ at org.springframework.security.web.server.ObservationWebFilterChainDecorator$AroundWebFilterObservation$SimpleAroundWebFilterObservation.lambda$wrap$6(ObservationWebFilterChainDecorator.java:368)
	|_       Mono.doOnError ⇢ at org.springframework.security.web.server.ObservationWebFilterChainDecorator$AroundWebFilterObservation$SimpleAroundWebFilterObservation.lambda$wrap$6(ObservationWebFilterChainDecorator.java:369)
	|_    Mono.contextWrite ⇢ at org.springframework.security.web.server.ObservationWebFilterChainDecorator$AroundWebFilterObservation$SimpleAroundWebFilterObservation.lambda$wrap$6(ObservationWebFilterChainDecorator.java:373)
	*__Mono.deferContextual ⇢ at org.springframework.security.web.server.ObservationWebFilterChainDecorator$ObservationWebFilter.filter(ObservationWebFilterChainDecorator.java:193)
	|_           checkpoint ⇢ ServerWebExchangeReactorContextWebFilter [DefaultWebFilterChain]
	*____________Mono.defer ⇢ at org.springframework.security.web.server.ObservationWebFilterChainDecorator$ObservationWebFilterChain.filter(ObservationWebFilterChainDecorator.java:152)
	*__________Mono.flatMap ⇢ at org.springframework.security.web.server.WebFilterChainProxy.filterFirewalledExchange(WebFilterChainProxy.java:78)
	*__________Mono.flatMap ⇢ at org.springframework.security.web.server.WebFilterChainProxy.filter(WebFilterChainProxy.java:65)
	|_   Mono.onErrorResume ⇢ at org.springframework.security.web.server.WebFilterChainProxy.filter(WebFilterChainProxy.java:66)
	|_           checkpoint ⇢ org.springframework.security.web.server.WebFilterChainProxy [DefaultWebFilterChain]
	*____________Mono.defer ⇢ at org.springframework.web.server.handler.DefaultWebFilterChain.filter(DefaultWebFilterChain.java:106)
	|_       Mono.doOnError ⇢ at org.springframework.web.server.handler.ExceptionHandlingWebHandler.handle(ExceptionHandlingWebHandler.java:84)
	|_   Mono.onErrorResume ⇢ at org.springframework.web.server.handler.ExceptionHandlingWebHandler.handle(ExceptionHandlingWebHandler.java:85)
	|_       Mono.doOnError ⇢ at org.springframework.web.server.handler.ExceptionHandlingWebHandler.handle(ExceptionHandlingWebHandler.java:84)
	*____________Mono.error ⇢ at org.springframework.web.server.handler.ExceptionHandlingWebHandler$CheckpointInsertingHandler.handle(ExceptionHandlingWebHandler.java:106)
	|_           checkpoint ⇢ HTTP POST "/api/v1/solicitud" [ExceptionHandlingWebHandler]
Original Stack Trace:
		at co.com.pragma.usecase.solicitud.SolicitudUseCase.save(SolicitudUseCase.java:23) ~[main/:na]
		at co.com.pragma.api.Handler.lambda$registrarSolicitud$3(Handler.java:52) ~[main/:na]
		at reactor.core.publisher.MonoFlatMap$FlatMapMain.onNext(MonoFlatMap.java:132) ~[reactor-core-3.7.8.jar:3.7.8]
		at reactor.core.publisher.MonoZip$ZipCoordinator.signal(MonoZip.java:297) ~[reactor-core-3.7.8.jar:3.7.8]
		at reactor.core.publisher.MonoZip$ZipInner.onNext(MonoZip.java:478) ~[reactor-core-3.7.8.jar:3.7.8]
		at reactor.core.publisher.FluxMapFuseable$MapFuseableSubscriber.onNext(FluxMapFuseable.java:129) ~[reactor-core-3.7.8.jar:3.7.8]
		at reactor.core.publisher.MonoFlatMap$FlatMapMain.secondComplete(MonoFlatMap.java:245) ~[reactor-core-3.7.8.jar:3.7.8]
		at reactor.core.publisher.MonoFlatMap$FlatMapInner.onNext(MonoFlatMap.java:305) ~[reactor-core-3.7.8.jar:3.7.8]
		at reactor.core.publisher.FluxMapFuseable$MapFuseableSubscriber.onNext(FluxMapFuseable.java:129) ~[reactor-core-3.7.8.jar:3.7.8]
		at reactor.core.publisher.FluxMapFuseable$MapFuseableSubscriber.onNext(FluxMapFuseable.java:129) ~[reactor-core-3.7.8.jar:3.7.8]
		at reactor.core.publisher.FluxFilter$FilterSubscriber.onNext(FluxFilter.java:113) ~[reactor-core-3.7.8.jar:3.7.8]
		at reactor.core.publisher.MonoCallable$MonoCallableSubscription.request(MonoCallable.java:156) ~[reactor-core-3.7.8.jar:3.7.8]
		at reactor.core.publisher.FluxFilter$FilterSubscriber.request(FluxFilter.java:186) ~[reactor-core-3.7.8.jar:3.7.8]
		at reactor.core.publisher.FluxMapFuseable$MapFuseableSubscriber.request(FluxMapFuseable.java:171) ~[reactor-core-3.7.8.jar:3.7.8]
		at reactor.core.publisher.FluxMapFuseable$MapFuseableSubscriber.request(FluxMapFuseable.java:171) ~[reactor-core-3.7.8.jar:3.7.8]
		at reactor.core.publisher.MonoFlatMap$FlatMapInner.onSubscribe(MonoFlatMap.java:291) ~[reactor-core-3.7.8.jar:3.7.8]
		at reactor.core.publisher.FluxMapFuseable$MapFuseableSubscriber.onSubscribe(FluxMapFuseable.java:96) ~[reactor-core-3.7.8.jar:3.7.8]
		at reactor.core.publisher.FluxMapFuseable$MapFuseableSubscriber.onSubscribe(FluxMapFuseable.java:96) ~[reactor-core-3.7.8.jar:3.7.8]
		at reactor.core.publisher.FluxFilter$FilterSubscriber.onSubscribe(FluxFilter.java:85) ~[reactor-core-3.7.8.jar:3.7.8]
		at reactor.core.publisher.MonoCallable.subscribe(MonoCallable.java:48) ~[reactor-core-3.7.8.jar:3.7.8]
		at reactor.core.publisher.InternalMonoOperator.subscribe(InternalMonoOperator.java:76) ~[reactor-core-3.7.8.jar:3.7.8]
		at reactor.core.publisher.MonoFlatMap$FlatMapMain.onNext(MonoFlatMap.java:165) ~[reactor-core-3.7.8.jar:3.7.8]
		at reactor.core.publisher.FluxFilterFuseable$FilterFuseableSubscriber.onNext(FluxFilterFuseable.java:118) ~[reactor-core-3.7.8.jar:3.7.8]
		at reactor.core.publisher.FluxMapFuseable$MapFuseableConditionalSubscriber.onNext(FluxMapFuseable.java:299) ~[reactor-core-3.7.8.jar:3.7.8]
		at reactor.core.publisher.Operators$ScalarSubscription.request(Operators.java:2570) ~[reactor-core-3.7.8.jar:3.7.8]
		at reactor.core.publisher.FluxMapFuseable$MapFuseableConditionalSubscriber.request(FluxMapFuseable.java:360) ~[reactor-core-3.7.8.jar:3.7.8]
		at reactor.core.publisher.FluxFilterFuseable$FilterFuseableSubscriber.request(FluxFilterFuseable.java:191) ~[reactor-core-3.7.8.jar:3.7.8]
		at reactor.core.publisher.MonoFlatMap$FlatMapMain.request(MonoFlatMap.java:194) ~[reactor-core-3.7.8.jar:3.7.8]
		at reactor.core.publisher.FluxMapFuseable$MapFuseableSubscriber.request(FluxMapFuseable.java:171) ~[reactor-core-3.7.8.jar:3.7.8]
		at reactor.core.publisher.MonoZip$ZipInner.onSubscribe(MonoZip.java:470) ~[reactor-core-3.7.8.jar:3.7.8]
		at reactor.core.publisher.FluxMapFuseable$MapFuseableSubscriber.onSubscribe(FluxMapFuseable.java:96) ~[reactor-core-3.7.8.jar:3.7.8]
		at reactor.core.publisher.MonoFlatMap$FlatMapMain.onSubscribe(MonoFlatMap.java:117) ~[reactor-core-3.7.8.jar:3.7.8]
		at reactor.core.publisher.FluxFilterFuseable$FilterFuseableSubscriber.onSubscribe(FluxFilterFuseable.java:87) ~[reactor-core-3.7.8.jar:3.7.8]
		at reactor.core.publisher.FluxMapFuseable$MapFuseableConditionalSubscriber.onSubscribe(FluxMapFuseable.java:265) ~[reactor-core-3.7.8.jar:3.7.8]
		at reactor.core.publisher.MonoJust.subscribe(MonoJust.java:55) ~[reactor-core-3.7.8.jar:3.7.8]
		at reactor.core.publisher.InternalMonoOperator.subscribe(InternalMonoOperator.java:76) ~[reactor-core-3.7.8.jar:3.7.8]
		at reactor.core.publisher.MonoDeferContextual.subscribe(MonoDeferContextual.java:55) ~[reactor-core-3.7.8.jar:3.7.8]
		at reactor.core.publisher.InternalMonoOperator.subscribe(InternalMonoOperator.java:76) ~[reactor-core-3.7.8.jar:3.7.8]
		at reactor.core.publisher.MonoZip$ZipCoordinator.request(MonoZip.java:220) ~[reactor-core-3.7.8.jar:3.7.8]
		at reactor.core.publisher.MonoFlatMap$FlatMapMain.request(MonoFlatMap.java:194) ~[reactor-core-3.7.8.jar:3.7.8]
		at reactor.core.publisher.MonoFlatMap$FlatMapMain.request(MonoFlatMap.java:194) ~[reactor-core-3.7.8.jar:3.7.8]
		at reactor.core.publisher.FluxPeekFuseable$PeekFuseableConditionalSubscriber.request(FluxPeekFuseable.java:437) ~[reactor-core-3.7.8.jar:3.7.8]
		at reactor.core.publisher.MonoPeekTerminal$MonoTerminalPeekSubscriber.request(MonoPeekTerminal.java:139) ~[reactor-core-3.7.8.jar:3.7.8]
		at reactor.core.publisher.MonoPeekTerminal$MonoTerminalPeekSubscriber.request(MonoPeekTerminal.java:139) ~[reactor-core-3.7.8.jar:3.7.8]
		at reactor.core.publisher.FluxMapFuseable$MapFuseableSubscriber.request(FluxMapFuseable.java:171) ~[reactor-core-3.7.8.jar:3.7.8]
		at reactor.core.publisher.Operators$MultiSubscriptionSubscriber.set(Operators.java:2366) ~[reactor-core-3.7.8.jar:3.7.8]
		at reactor.core.publisher.FluxOnErrorResume$ResumeSubscriber.onSubscribe(FluxOnErrorResume.java:74) ~[reactor-core-3.7.8.jar:3.7.8]
		at reactor.core.publisher.FluxMapFuseable$MapFuseableSubscriber.onSubscribe(FluxMapFuseable.java:96) ~[reactor-core-3.7.8.jar:3.7.8]
		at reactor.core.publisher.MonoPeekTerminal$MonoTerminalPeekSubscriber.onSubscribe(MonoPeekTerminal.java:152) ~[reactor-core-3.7.8.jar:3.7.8]
		at reactor.core.publisher.MonoPeekTerminal$MonoTerminalPeekSubscriber.onSubscribe(MonoPeekTerminal.java:152) ~[reactor-core-3.7.8.jar:3.7.8]
		at reactor.core.publisher.FluxPeekFuseable$PeekFuseableConditionalSubscriber.onSubscribe(FluxPeekFuseable.java:471) ~[reactor-core-3.7.8.jar:3.7.8]
		at reactor.core.publisher.MonoFlatMap$FlatMapMain.onSubscribe(MonoFlatMap.java:117) ~[reactor-core-3.7.8.jar:3.7.8]
		at reactor.core.publisher.MonoFlatMap$FlatMapMain.onSubscribe(MonoFlatMap.java:117) ~[reactor-core-3.7.8.jar:3.7.8]
		at reactor.core.publisher.MonoZip.subscribe(MonoZip.java:129) ~[reactor-core-3.7.8.jar:3.7.8]
		at reactor.core.publisher.InternalMonoOperator.subscribe(InternalMonoOperator.java:76) ~[reactor-core-3.7.8.jar:3.7.8]
		at reactor.core.publisher.MonoFlatMap$FlatMapMain.onNext(MonoFlatMap.java:165) ~[reactor-core-3.7.8.jar:3.7.8]
		at reactor.core.publisher.FluxOnErrorResume$ResumeSubscriber.onNext(FluxOnErrorResume.java:79) ~[reactor-core-3.7.8.jar:3.7.8]
		at reactor.core.publisher.FluxSwitchIfEmpty$SwitchIfEmptySubscriber.onNext(FluxSwitchIfEmpty.java:74) ~[reactor-core-3.7.8.jar:3.7.8]
		at reactor.core.publisher.MonoNext$NextSubscriber.onNext(MonoNext.java:82) ~[reactor-core-3.7.8.jar:3.7.8]
		at reactor.core.publisher.FluxConcatMapNoPrefetch$FluxConcatMapNoPrefetchSubscriber.innerNext(FluxConcatMapNoPrefetch.java:259) ~[reactor-core-3.7.8.jar:3.7.8]
		at reactor.core.publisher.FluxConcatMap$ConcatMapInner.onNext(FluxConcatMap.java:865) ~[reactor-core-3.7.8.jar:3.7.8]
		at reactor.core.publisher.FluxMapFuseable$MapFuseableSubscriber.onNext(FluxMapFuseable.java:129) ~[reactor-core-3.7.8.jar:3.7.8]
		at reactor.core.publisher.FluxPeek$PeekSubscriber.onNext(FluxPeek.java:200) ~[reactor-core-3.7.8.jar:3.7.8]
		at reactor.core.publisher.Operators$ScalarSubscription.request(Operators.java:2570) ~[reactor-core-3.7.8.jar:3.7.8]
		at reactor.core.publisher.FluxPeek$PeekSubscriber.request(FluxPeek.java:138) ~[reactor-core-3.7.8.jar:3.7.8]
		at reactor.core.publisher.FluxMapFuseable$MapFuseableSubscriber.request(FluxMapFuseable.java:171) ~[reactor-core-3.7.8.jar:3.7.8]
		at reactor.core.publisher.Operators$MultiSubscriptionSubscriber.request(Operators.java:2330) ~[reactor-core-3.7.8.jar:3.7.8]
		at reactor.core.publisher.FluxConcatMapNoPrefetch$FluxConcatMapNoPrefetchSubscriber.request(FluxConcatMapNoPrefetch.java:339) ~[reactor-core-3.7.8.jar:3.7.8]
		at reactor.core.publisher.MonoNext$NextSubscriber.request(MonoNext.java:108) ~[reactor-core-3.7.8.jar:3.7.8]
		at reactor.core.publisher.Operators$MultiSubscriptionSubscriber.set(Operators.java:2366) ~[reactor-core-3.7.8.jar:3.7.8]
		at reactor.core.publisher.Operators$MultiSubscriptionSubscriber.onSubscribe(Operators.java:2240) ~[reactor-core-3.7.8.jar:3.7.8]
		at reactor.core.publisher.MonoNext$NextSubscriber.onSubscribe(MonoNext.java:70) ~[reactor-core-3.7.8.jar:3.7.8]
		at reactor.core.publisher.FluxConcatMapNoPrefetch$FluxConcatMapNoPrefetchSubscriber.onSubscribe(FluxConcatMapNoPrefetch.java:164) ~[reactor-core-3.7.8.jar:3.7.8]
		at reactor.core.publisher.FluxIterable.subscribe(FluxIterable.java:201) ~[reactor-core-3.7.8.jar:3.7.8]
		at reactor.core.publisher.FluxIterable.subscribe(FluxIterable.java:83) ~[reactor-core-3.7.8.jar:3.7.8]
		at reactor.core.publisher.InternalMonoOperator.subscribe(InternalMonoOperator.java:76) ~[reactor-core-3.7.8.jar:3.7.8]
		at reactor.core.publisher.MonoDefer.subscribe(MonoDefer.java:53) ~[reactor-core-3.7.8.jar:3.7.8]
		at reactor.core.publisher.InternalMonoOperator.subscribe(InternalMonoOperator.java:76) ~[reactor-core-3.7.8.jar:3.7.8]
		at reactor.core.publisher.MonoDefer.subscribe(MonoDefer.java:53) ~[reactor-core-3.7.8.jar:3.7.8]
		at reactor.core.publisher.InternalMonoOperator.subscribe(InternalMonoOperator.java:76) ~[reactor-core-3.7.8.jar:3.7.8]
		at reactor.core.publisher.MonoDefer.subscribe(MonoDefer.java:53) ~[reactor-core-3.7.8.jar:3.7.8]
		at reactor.core.publisher.InternalMonoOperator.subscribe(InternalMonoOperator.java:76) ~[reactor-core-3.7.8.jar:3.7.8]
		at reactor.core.publisher.MonoDeferContextual.subscribe(MonoDeferContextual.java:55) ~[reactor-core-3.7.8.jar:3.7.8]
		at reactor.core.publisher.InternalMonoOperator.subscribe(InternalMonoOperator.java:76) ~[reactor-core-3.7.8.jar:3.7.8]
		at reactor.core.publisher.MonoDefer.subscribe(MonoDefer.java:53) ~[reactor-core-3.7.8.jar:3.7.8]
		at reactor.core.publisher.Mono.subscribe(Mono.java:4576) ~[reactor-core-3.7.8.jar:3.7.8]
		at reactor.core.publisher.FluxSwitchIfEmpty$SwitchIfEmptySubscriber.onComplete(FluxSwitchIfEmpty.java:82) ~[reactor-core-3.7.8.jar:3.7.8]
		at reactor.core.publisher.MonoPeekTerminal$MonoTerminalPeekSubscriber.onComplete(MonoPeekTerminal.java:299) ~[reactor-core-3.7.8.jar:3.7.8]
		at reactor.core.publisher.MonoPeekTerminal$MonoTerminalPeekSubscriber.onComplete(MonoPeekTerminal.java:299) ~[reactor-core-3.7.8.jar:3.7.8]
		at reactor.core.publisher.MonoFlatMap$FlatMapMain.onNext(MonoFlatMap.java:155) ~[reactor-core-3.7.8.jar:3.7.8]
		at reactor.core.publisher.FluxSwitchIfEmpty$SwitchIfEmptySubscriber.onNext(FluxSwitchIfEmpty.java:74) ~[reactor-core-3.7.8.jar:3.7.8]
		at reactor.core.publisher.FluxFilterFuseable$FilterFuseableSubscriber.onNext(FluxFilterFuseable.java:118) ~[reactor-core-3.7.8.jar:3.7.8]
		at reactor.core.publisher.MonoPeekTerminal$MonoTerminalPeekSubscriber.onNext(MonoPeekTerminal.java:180) ~[reactor-core-3.7.8.jar:3.7.8]
		at reactor.core.publisher.FluxPeekFuseable$PeekFuseableConditionalSubscriber.onNext(FluxPeekFuseable.java:503) ~[reactor-core-3.7.8.jar:3.7.8]
		at reactor.core.publisher.MonoPeekTerminal$MonoTerminalPeekSubscriber.onNext(MonoPeekTerminal.java:180) ~[reactor-core-3.7.8.jar:3.7.8]
		at reactor.core.publisher.FluxDefaultIfEmpty$DefaultIfEmptySubscriber.onNext(FluxDefaultIfEmpty.java:122) ~[reactor-core-3.7.8.jar:3.7.8]
		at reactor.core.publisher.MonoNext$NextSubscriber.onNext(MonoNext.java:82) ~[reactor-core-3.7.8.jar:3.7.8]
		at reactor.core.publisher.FluxConcatMapNoPrefetch$FluxConcatMapNoPrefetchSubscriber.innerNext(FluxConcatMapNoPrefetch.java:259) ~[reactor-core-3.7.8.jar:3.7.8]
		at reactor.core.publisher.FluxConcatMap$ConcatMapInner.onNext(FluxConcatMap.java:865) ~[reactor-core-3.7.8.jar:3.7.8]
		at reactor.core.publisher.MonoFlatMap$FlatMapMain.secondComplete(MonoFlatMap.java:245) ~[reactor-core-3.7.8.jar:3.7.8]
		at reactor.core.publisher.MonoFlatMap$FlatMapInner.onNext(MonoFlatMap.java:305) ~[reactor-core-3.7.8.jar:3.7.8]
		at reactor.core.publisher.FluxDefaultIfEmpty$DefaultIfEmptySubscriber.onNext(FluxDefaultIfEmpty.java:122) ~[reactor-core-3.7.8.jar:3.7.8]
		at reactor.core.publisher.FluxMapFuseable$MapFuseableSubscriber.onNext(FluxMapFuseable.java:129) ~[reactor-core-3.7.8.jar:3.7.8]
		at reactor.core.publisher.MonoAny$AnySubscriber.onNext(MonoAny.java:98) ~[reactor-core-3.7.8.jar:3.7.8]
		at reactor.core.publisher.FluxMapFuseable$MapFuseableSubscriber.onNext(FluxMapFuseable.java:129) ~[reactor-core-3.7.8.jar:3.7.8]
		at reactor.core.publisher.FluxFlattenIterable$FlattenIterableSubscriber.drainAsync(FluxFlattenIterable.java:453) ~[reactor-core-3.7.8.jar:3.7.8]
		at reactor.core.publisher.FluxFlattenIterable$FlattenIterableSubscriber.drain(FluxFlattenIterable.java:724) ~[reactor-core-3.7.8.jar:3.7.8]
		at reactor.core.publisher.FluxFlattenIterable$FlattenIterableSubscriber.onNext(FluxFlattenIterable.java:256) ~[reactor-core-3.7.8.jar:3.7.8]
		at reactor.core.publisher.FluxFilterFuseable$FilterFuseableSubscriber.onNext(FluxFilterFuseable.java:118) ~[reactor-core-3.7.8.jar:3.7.8]
		at reactor.core.publisher.FluxMapFuseable$MapFuseableConditionalSubscriber.onNext(FluxMapFuseable.java:299) ~[reactor-core-3.7.8.jar:3.7.8]
		at reactor.core.publisher.FluxMapFuseable$MapFuseableConditionalSubscriber.onNext(FluxMapFuseable.java:299) ~[reactor-core-3.7.8.jar:3.7.8]
		at reactor.core.publisher.FluxFilterFuseable$FilterFuseableConditionalSubscriber.onNext(FluxFilterFuseable.java:337) ~[reactor-core-3.7.8.jar:3.7.8]
		at reactor.core.publisher.MonoFlatMap$FlatMapMain.secondComplete(MonoFlatMap.java:245) ~[reactor-core-3.7.8.jar:3.7.8]
		at reactor.core.publisher.MonoFlatMap$FlatMapInner.onNext(MonoFlatMap.java:305) ~[reactor-core-3.7.8.jar:3.7.8]
		at reactor.core.publisher.FluxMapFuseable$MapFuseableSubscriber.onNext(FluxMapFuseable.java:129) ~[reactor-core-3.7.8.jar:3.7.8]
		at reactor.core.publisher.FluxMapFuseable$MapFuseableSubscriber.onNext(FluxMapFuseable.java:129) ~[reactor-core-3.7.8.jar:3.7.8]
		at reactor.core.publisher.FluxFilter$FilterSubscriber.onNext(FluxFilter.java:113) ~[reactor-core-3.7.8.jar:3.7.8]
		at reactor.core.publisher.MonoCallable$MonoCallableSubscription.request(MonoCallable.java:156) ~[reactor-core-3.7.8.jar:3.7.8]
		at reactor.core.publisher.FluxFilter$FilterSubscriber.request(FluxFilter.java:186) ~[reactor-core-3.7.8.jar:3.7.8]
		at reactor.core.publisher.FluxMapFuseable$MapFuseableSubscriber.request(FluxMapFuseable.java:171) ~[reactor-core-3.7.8.jar:3.7.8]
		at reactor.core.publisher.FluxMapFuseable$MapFuseableSubscriber.request(FluxMapFuseable.java:171) ~[reactor-core-3.7.8.jar:3.7.8]
		at reactor.core.publisher.MonoFlatMap$FlatMapInner.onSubscribe(MonoFlatMap.java:291) ~[reactor-core-3.7.8.jar:3.7.8]
		at reactor.core.publisher.FluxMapFuseable$MapFuseableSubscriber.onSubscribe(FluxMapFuseable.java:96) ~[reactor-core-3.7.8.jar:3.7.8]
		at reactor.core.publisher.FluxMapFuseable$MapFuseableSubscriber.onSubscribe(FluxMapFuseable.java:96) ~[reactor-core-3.7.8.jar:3.7.8]
		at reactor.core.publisher.FluxFilter$FilterSubscriber.onSubscribe(FluxFilter.java:85) ~[reactor-core-3.7.8.jar:3.7.8]
		at reactor.core.publisher.MonoCallable.subscribe(MonoCallable.java:48) ~[reactor-core-3.7.8.jar:3.7.8]
		at reactor.core.publisher.InternalMonoOperator.subscribe(InternalMonoOperator.java:76) ~[reactor-core-3.7.8.jar:3.7.8]
		at reactor.core.publisher.MonoFlatMap$FlatMapMain.onNext(MonoFlatMap.java:165) ~[reactor-core-3.7.8.jar:3.7.8]
		at reactor.core.publisher.FluxFilterFuseable$FilterFuseableSubscriber.onNext(FluxFilterFuseable.java:118) ~[reactor-core-3.7.8.jar:3.7.8]
		at reactor.core.publisher.FluxMapFuseable$MapFuseableConditionalSubscriber.onNext(FluxMapFuseable.java:299) ~[reactor-core-3.7.8.jar:3.7.8]
		at reactor.core.publisher.Operators$ScalarSubscription.request(Operators.java:2570) ~[reactor-core-3.7.8.jar:3.7.8]
		at reactor.core.publisher.FluxMapFuseable$MapFuseableConditionalSubscriber.request(FluxMapFuseable.java:360) ~[reactor-core-3.7.8.jar:3.7.8]
		at reactor.core.publisher.FluxFilterFuseable$FilterFuseableSubscriber.request(FluxFilterFuseable.java:191) ~[reactor-core-3.7.8.jar:3.7.8]
		at reactor.core.publisher.MonoFlatMap$FlatMapMain.request(MonoFlatMap.java:194) ~[reactor-core-3.7.8.jar:3.7.8]
		at reactor.core.publisher.FluxFilterFuseable$FilterFuseableConditionalSubscriber.request(FluxFilterFuseable.java:411) ~[reactor-core-3.7.8.jar:3.7.8]
		at reactor.core.publisher.FluxMapFuseable$MapFuseableConditionalSubscriber.request(FluxMapFuseable.java:360) ~[reactor-core-3.7.8.jar:3.7.8]
		at reactor.core.publisher.FluxMapFuseable$MapFuseableConditionalSubscriber.request(FluxMapFuseable.java:360) ~[reactor-core-3.7.8.jar:3.7.8]
		at reactor.core.publisher.FluxFilterFuseable$FilterFuseableSubscriber.request(FluxFilterFuseable.java:191) ~[reactor-core-3.7.8.jar:3.7.8]
		at reactor.core.publisher.FluxFlattenIterable$FlattenIterableSubscriber.onSubscribe(FluxFlattenIterable.java:241) ~[reactor-core-3.7.8.jar:3.7.8]
		at reactor.core.publisher.FluxFilterFuseable$FilterFuseableSubscriber.onSubscribe(FluxFilterFuseable.java:87) ~[reactor-core-3.7.8.jar:3.7.8]
		at reactor.core.publisher.FluxMapFuseable$MapFuseableConditionalSubscriber.onSubscribe(FluxMapFuseable.java:265) ~[reactor-core-3.7.8.jar:3.7.8]
		at reactor.core.publisher.FluxMapFuseable$MapFuseableConditionalSubscriber.onSubscribe(FluxMapFuseable.java:265) ~[reactor-core-3.7.8.jar:3.7.8]
		at reactor.core.publisher.FluxFilterFuseable$FilterFuseableConditionalSubscriber.onSubscribe(FluxFilterFuseable.java:305) ~[reactor-core-3.7.8.jar:3.7.8]
		at reactor.core.publisher.MonoFlatMap$FlatMapMain.onSubscribe(MonoFlatMap.java:117) ~[reactor-core-3.7.8.jar:3.7.8]
		at reactor.core.publisher.FluxFilterFuseable$FilterFuseableSubscriber.onSubscribe(FluxFilterFuseable.java:87) ~[reactor-core-3.7.8.jar:3.7.8]
		at reactor.core.publisher.FluxMapFuseable$MapFuseableConditionalSubscriber.onSubscribe(FluxMapFuseable.java:265) ~[reactor-core-3.7.8.jar:3.7.8]
		at reactor.core.publisher.MonoJust.subscribe(MonoJust.java:55) ~[reactor-core-3.7.8.jar:3.7.8]
		at reactor.core.publisher.InternalMonoOperator.subscribe(InternalMonoOperator.java:76) ~[reactor-core-3.7.8.jar:3.7.8]
		at reactor.core.publisher.MonoDeferContextual.subscribe(MonoDeferContextual.java:55) ~[reactor-core-3.7.8.jar:3.7.8]
		at reactor.core.publisher.InternalMonoOperator.subscribe(InternalMonoOperator.java:76) ~[reactor-core-3.7.8.jar:3.7.8]
		at reactor.core.publisher.MonoFlatMap$FlatMapMain.onNext(MonoFlatMap.java:165) ~[reactor-core-3.7.8.jar:3.7.8]
		at reactor.core.publisher.FluxMapFuseable$MapFuseableSubscriber.onNext(FluxMapFuseable.java:129) ~[reactor-core-3.7.8.jar:3.7.8]
		at reactor.core.publisher.FluxFilterFuseable$FilterFuseableSubscriber.onNext(FluxFilterFuseable.java:118) ~[reactor-core-3.7.8.jar:3.7.8]
		at reactor.core.publisher.FluxPeekFuseable$PeekFuseableConditionalSubscriber.onNext(FluxPeekFuseable.java:503) ~[reactor-core-3.7.8.jar:3.7.8]
		at reactor.core.publisher.FluxSwitchIfEmpty$SwitchIfEmptySubscriber.onNext(FluxSwitchIfEmpty.java:74) ~[reactor-core-3.7.8.jar:3.7.8]
		at reactor.core.publisher.MonoNext$NextSubscriber.onNext(MonoNext.java:82) ~[reactor-core-3.7.8.jar:3.7.8]
		at reactor.core.publisher.FluxFilterFuseable$FilterFuseableSubscriber.onNext(FluxFilterFuseable.java:118) ~[reactor-core-3.7.8.jar:3.7.8]
		at reactor.core.publisher.FluxFlatMap$FlatMapMain.tryEmitScalar(FluxFlatMap.java:492) ~[reactor-core-3.7.8.jar:3.7.8]
		at reactor.core.publisher.FluxFlatMap$FlatMapMain.onNext(FluxFlatMap.java:424) ~[reactor-core-3.7.8.jar:3.7.8]
		at reactor.core.publisher.FluxPeekFuseable$PeekFuseableSubscriber.onNext(FluxPeekFuseable.java:210) ~[reactor-core-3.7.8.jar:3.7.8]
		at reactor.core.publisher.FluxIterable$IterableSubscription.slowPath(FluxIterable.java:335) ~[reactor-core-3.7.8.jar:3.7.8]
		at reactor.core.publisher.FluxIterable$IterableSubscription.request(FluxIterable.java:294) ~[reactor-core-3.7.8.jar:3.7.8]
		at reactor.core.publisher.FluxPeekFuseable$PeekFuseableSubscriber.request(FluxPeekFuseable.java:144) ~[reactor-core-3.7.8.jar:3.7.8]
		at reactor.core.publisher.FluxFlatMap$FlatMapMain.onSubscribe(FluxFlatMap.java:373) ~[reactor-core-3.7.8.jar:3.7.8]
		at reactor.core.publisher.FluxPeekFuseable$PeekFuseableSubscriber.onSubscribe(FluxPeekFuseable.java:178) ~[reactor-core-3.7.8.jar:3.7.8]
		at reactor.core.publisher.FluxIterable.subscribe(FluxIterable.java:201) ~[reactor-core-3.7.8.jar:3.7.8]
		at reactor.core.publisher.FluxIterable.subscribe(FluxIterable.java:83) ~[reactor-core-3.7.8.jar:3.7.8]
		at reactor.core.publisher.Mono.subscribe(Mono.java:4576) ~[reactor-core-3.7.8.jar:3.7.8]
		at reactor.core.publisher.FluxConcatMapNoPrefetch$FluxConcatMapNoPrefetchSubscriber.onNext(FluxConcatMapNoPrefetch.java:207) ~[reactor-core-3.7.8.jar:3.7.8]
		at reactor.core.publisher.FluxIterable$IterableSubscription.slowPath(FluxIterable.java:335) ~[reactor-core-3.7.8.jar:3.7.8]
		at reactor.core.publisher.FluxIterable$IterableSubscription.request(FluxIterable.java:294) ~[reactor-core-3.7.8.jar:3.7.8]
		at reactor.core.publisher.FluxConcatMapNoPrefetch$FluxConcatMapNoPrefetchSubscriber.innerComplete(FluxConcatMapNoPrefetch.java:275) ~[reactor-core-3.7.8.jar:3.7.8]
		at reactor.core.publisher.FluxConcatMap$ConcatMapInner.onComplete(FluxConcatMap.java:889) ~[reactor-core-3.7.8.jar:3.7.8]
		at reactor.core.publisher.MonoFlatMap$FlatMapMain.onComplete(MonoFlatMap.java:189) ~[reactor-core-3.7.8.jar:3.7.8]
		at reactor.core.publisher.FluxMapFuseable$MapFuseableSubscriber.onComplete(FluxMapFuseable.java:152) ~[reactor-core-3.7.8.jar:3.7.8]
		at reactor.core.publisher.FluxFilterFuseable$FilterFuseableSubscriber.onComplete(FluxFilterFuseable.java:171) ~[reactor-core-3.7.8.jar:3.7.8]
		at reactor.core.publisher.FluxPeekFuseable$PeekFuseableConditionalSubscriber.onComplete(FluxPeekFuseable.java:595) ~[reactor-core-3.7.8.jar:3.7.8]
		at reactor.core.publisher.FluxSwitchIfEmpty$SwitchIfEmptySubscriber.onComplete(FluxSwitchIfEmpty.java:85) ~[reactor-core-3.7.8.jar:3.7.8]
		at reactor.core.publisher.Operators$ScalarSubscription.request(Operators.java:2572) ~[reactor-core-3.7.8.jar:3.7.8]
		at reactor.core.publisher.Operators$MultiSubscriptionSubscriber.set(Operators.java:2366) ~[reactor-core-3.7.8.jar:3.7.8]
		at reactor.core.publisher.Operators$MultiSubscriptionSubscriber.onSubscribe(Operators.java:2240) ~[reactor-core-3.7.8.jar:3.7.8]
		at reactor.core.publisher.MonoJust.subscribe(MonoJust.java:55) ~[reactor-core-3.7.8.jar:3.7.8]
		at reactor.core.publisher.Mono.subscribe(Mono.java:4576) ~[reactor-core-3.7.8.jar:3.7.8]
		at reactor.core.publisher.FluxSwitchIfEmpty$SwitchIfEmptySubscriber.onComplete(FluxSwitchIfEmpty.java:82) ~[reactor-core-3.7.8.jar:3.7.8]
		at reactor.core.publisher.MonoNext$NextSubscriber.onComplete(MonoNext.java:102) ~[reactor-core-3.7.8.jar:3.7.8]
		at reactor.core.publisher.FluxFilterFuseable$FilterFuseableSubscriber.onComplete(FluxFilterFuseable.java:171) ~[reactor-core-3.7.8.jar:3.7.8]
		at reactor.core.publisher.FluxFlatMap$FlatMapMain.checkTerminated(FluxFlatMap.java:850) ~[reactor-core-3.7.8.jar:3.7.8]
		at reactor.core.publisher.FluxFlatMap$FlatMapMain.drainLoop(FluxFlatMap.java:612) ~[reactor-core-3.7.8.jar:3.7.8]
		at reactor.core.publisher.FluxFlatMap$FlatMapMain.drain(FluxFlatMap.java:592) ~[reactor-core-3.7.8.jar:3.7.8]
		at reactor.core.publisher.FluxFlatMap$FlatMapMain.request(FluxFlatMap.java:349) ~[reactor-core-3.7.8.jar:3.7.8]
		at reactor.core.publisher.FluxFilterFuseable$FilterFuseableSubscriber.request(FluxFilterFuseable.java:191) ~[reactor-core-3.7.8.jar:3.7.8]
		at reactor.core.publisher.MonoNext$NextSubscriber.request(MonoNext.java:108) ~[reactor-core-3.7.8.jar:3.7.8]
		at reactor.core.publisher.Operators$MultiSubscriptionSubscriber.request(Operators.java:2330) ~[reactor-core-3.7.8.jar:3.7.8]
		at reactor.core.publisher.FluxPeekFuseable$PeekFuseableConditionalSubscriber.request(FluxPeekFuseable.java:437) ~[reactor-core-3.7.8.jar:3.7.8]
		at reactor.core.publisher.FluxFilterFuseable$FilterFuseableSubscriber.request(FluxFilterFuseable.java:191) ~[reactor-core-3.7.8.jar:3.7.8]
		at reactor.core.publisher.FluxMapFuseable$MapFuseableSubscriber.request(FluxMapFuseable.java:171) ~[reactor-core-3.7.8.jar:3.7.8]
		at reactor.core.publisher.MonoFlatMap$FlatMapMain.request(MonoFlatMap.java:194) ~[reactor-core-3.7.8.jar:3.7.8]
		at reactor.core.publisher.Operators$MultiSubscriptionSubscriber.request(Operators.java:2330) ~[reactor-core-3.7.8.jar:3.7.8]
		at reactor.core.publisher.FluxConcatMapNoPrefetch$FluxConcatMapNoPrefetchSubscriber.request(FluxConcatMapNoPrefetch.java:339) ~[reactor-core-3.7.8.jar:3.7.8]
		at reactor.core.publisher.MonoNext$NextSubscriber.request(MonoNext.java:108) ~[reactor-core-3.7.8.jar:3.7.8]
		at reactor.core.publisher.FluxDefaultIfEmpty$DefaultIfEmptySubscriber.request(FluxDefaultIfEmpty.java:98) ~[reactor-core-3.7.8.jar:3.7.8]
		at reactor.core.publisher.MonoPeekTerminal$MonoTerminalPeekSubscriber.request(MonoPeekTerminal.java:139) ~[reactor-core-3.7.8.jar:3.7.8]
		at reactor.core.publisher.FluxPeekFuseable$PeekFuseableConditionalSubscriber.request(FluxPeekFuseable.java:437) ~[reactor-core-3.7.8.jar:3.7.8]
		at reactor.core.publisher.MonoPeekTerminal$MonoTerminalPeekSubscriber.request(MonoPeekTerminal.java:139) ~[reactor-core-3.7.8.jar:3.7.8]
		at reactor.core.publisher.FluxFilterFuseable$FilterFuseableSubscriber.request(FluxFilterFuseable.java:191) ~[reactor-core-3.7.8.jar:3.7.8]
		at reactor.core.publisher.Operators$MultiSubscriptionSubscriber.set(Operators.java:2366) ~[reactor-core-3.7.8.jar:3.7.8]
		at reactor.core.publisher.Operators$MultiSubscriptionSubscriber.onSubscribe(Operators.java:2240) ~[reactor-core-3.7.8.jar:3.7.8]
		at reactor.core.publisher.FluxFilterFuseable$FilterFuseableSubscriber.onSubscribe(FluxFilterFuseable.java:87) ~[reactor-core-3.7.8.jar:3.7.8]
		at reactor.core.publisher.MonoPeekTerminal$MonoTerminalPeekSubscriber.onSubscribe(MonoPeekTerminal.java:152) ~[reactor-core-3.7.8.jar:3.7.8]
		at reactor.core.publisher.FluxPeekFuseable$PeekFuseableConditionalSubscriber.onSubscribe(FluxPeekFuseable.java:471) ~[reactor-core-3.7.8.jar:3.7.8]
		at reactor.core.publisher.MonoPeekTerminal$MonoTerminalPeekSubscriber.onSubscribe(MonoPeekTerminal.java:152) ~[reactor-core-3.7.8.jar:3.7.8]
		at reactor.core.publisher.Operators$BaseFluxToMonoOperator.onSubscribe(Operators.java:2050) ~[reactor-core-3.7.8.jar:3.7.8]
		at reactor.core.publisher.MonoNext$NextSubscriber.onSubscribe(MonoNext.java:70) ~[reactor-core-3.7.8.jar:3.7.8]
		at reactor.core.publisher.FluxConcatMapNoPrefetch$FluxConcatMapNoPrefetchSubscriber.onSubscribe(FluxConcatMapNoPrefetch.java:164) ~[reactor-core-3.7.8.jar:3.7.8]
		at reactor.core.publisher.FluxIterable.subscribe(FluxIterable.java:201) ~[reactor-core-3.7.8.jar:3.7.8]
		at reactor.core.publisher.FluxIterable.subscribe(FluxIterable.java:83) ~[reactor-core-3.7.8.jar:3.7.8]
		at reactor.core.publisher.InternalMonoOperator.subscribe(InternalMonoOperator.java:76) ~[reactor-core-3.7.8.jar:3.7.8]
		at reactor.core.publisher.MonoDeferContextual.subscribe(MonoDeferContextual.java:55) ~[reactor-core-3.7.8.jar:3.7.8]
		at reactor.core.publisher.InternalMonoOperator.subscribe(InternalMonoOperator.java:76) ~[reactor-core-3.7.8.jar:3.7.8]
		at reactor.core.publisher.MonoDefer.subscribe(MonoDefer.java:53) ~[reactor-core-3.7.8.jar:3.7.8]
		at reactor.core.publisher.InternalMonoOperator.subscribe(InternalMonoOperator.java:76) ~[reactor-core-3.7.8.jar:3.7.8]
		at reactor.core.publisher.MonoDefer.subscribe(MonoDefer.java:53) ~[reactor-core-3.7.8.jar:3.7.8]
		at reactor.core.publisher.InternalMonoOperator.subscribe(InternalMonoOperator.java:76) ~[reactor-core-3.7.8.jar:3.7.8]
		at reactor.core.publisher.MonoFlatMap$FlatMapMain.onNext(MonoFlatMap.java:165) ~[reactor-core-3.7.8.jar:3.7.8]
		at reactor.core.publisher.Operators$BaseFluxToMonoOperator.completePossiblyEmpty(Operators.java:2096) ~[reactor-core-3.7.8.jar:3.7.8]
		at reactor.core.publisher.FluxDefaultIfEmpty$DefaultIfEmptySubscriber.onComplete(FluxDefaultIfEmpty.java:134) ~[reactor-core-3.7.8.jar:3.7.8]
		at reactor.core.publisher.FluxMapFuseable$MapFuseableSubscriber.onComplete(FluxMapFuseable.java:152) ~[reactor-core-3.7.8.jar:3.7.8]
		at reactor.core.publisher.FluxMapFuseable$MapFuseableSubscriber.onComplete(FluxMapFuseable.java:152) ~[reactor-core-3.7.8.jar:3.7.8]
		at reactor.core.publisher.FluxFilterFuseable$FilterFuseableSubscriber.onComplete(FluxFilterFuseable.java:171) ~[reactor-core-3.7.8.jar:3.7.8]
		at reactor.core.publisher.FluxMapFuseable$MapFuseableConditionalSubscriber.onComplete(FluxMapFuseable.java:350) ~[reactor-core-3.7.8.jar:3.7.8]
		at reactor.core.publisher.Operators$MonoSubscriber.complete(Operators.java:1865) ~[reactor-core-3.7.8.jar:3.7.8]
		at reactor.core.publisher.MonoCacheTime$CoordinatorSubscriber.signalCached(MonoCacheTime.java:337) ~[reactor-core-3.7.8.jar:3.7.8]
		at reactor.core.publisher.MonoCacheTime$CoordinatorSubscriber.onNext(MonoCacheTime.java:354) ~[reactor-core-3.7.8.jar:3.7.8]
		at reactor.core.publisher.FluxPeekFuseable$PeekFuseableSubscriber.onNext(FluxPeekFuseable.java:210) ~[reactor-core-3.7.8.jar:3.7.8]
		at reactor.core.publisher.FluxSwitchIfEmpty$SwitchIfEmptySubscriber.onNext(FluxSwitchIfEmpty.java:74) ~[reactor-core-3.7.8.jar:3.7.8]
		at reactor.core.publisher.MonoPeekTerminal$MonoTerminalPeekSubscriber.onNext(MonoPeekTerminal.java:180) ~[reactor-core-3.7.8.jar:3.7.8]
		at reactor.core.publisher.MonoPublishOn$PublishOnSubscriber.run(MonoPublishOn.java:181) ~[reactor-core-3.7.8.jar:3.7.8]
		at reactor.core.scheduler.SchedulerTask.call(SchedulerTask.java:68) ~[reactor-core-3.7.8.jar:3.7.8]
		at reactor.core.scheduler.SchedulerTask.call(SchedulerTask.java:28) ~[reactor-core-3.7.8.jar:3.7.8]
		at java.base/java.util.concurrent.FutureTask.run$$$capture(FutureTask.java:328) ~[na:na]
		at java.base/java.util.concurrent.FutureTask.run(FutureTask.java) ~[na:na]
		at java.base/java.util.concurrent.ScheduledThreadPoolExecutor$ScheduledFutureTask.run(ScheduledThreadPoolExecutor.java:309) ~[na:na]
		at java.base/java.util.concurrent.ThreadPoolExecutor.runWorker(ThreadPoolExecutor.java:1095) ~[na:na]
		at java.base/java.util.concurrent.ThreadPoolExecutor$Worker.run(ThreadPoolExecutor.java:619) ~[na:na]
		at java.base/java.lang.Thread.run(Thread.java:1447) ~[na:na]

2025-09-04T19:27:10.289-05:00  INFO 13232 --- [ReactiveProject] [SpringApplicationShutdownHook] o.s.b.w.embedded.netty.GracefulShutdown  : Commencing graceful shutdown. Waiting for active requests to complete
2025-09-04T19:27:10.306-05:00  INFO 13232 --- [ReactiveProject] [netty-shutdown] o.s.b.w.embedded.netty.GracefulShutdown  : Graceful shutdown complete
