2025-09-08T18:19:41.062-05:00  INFO 42308 --- [ReactiveProject] [restartedMain] co.com.pragma.MainApplication            : Starting MainApplication using Java 24.0.2 with PID 42308 (C:\workspace\pragma\autenticacion\applications\app-service\build\classes\java\main started by r578 in C:\workspace\pragma\autenticacion)
2025-09-08T18:19:41.152-05:00 DEBUG 42308 --- [ReactiveProject] [restartedMain] co.com.pragma.MainApplication            : Running with Spring Boot v3.5.4, Spring v6.2.9
2025-09-08T18:19:41.156-05:00  INFO 42308 --- [ReactiveProject] [restartedMain] co.com.pragma.MainApplication            : No active profile set, falling back to 1 default profile: "default"
2025-09-08T18:19:41.630-05:00  INFO 42308 --- [ReactiveProject] [restartedMain] .e.DevToolsPropertyDefaultsPostProcessor : For additional web related logging consider setting the 'logging.level.web' property to 'DEBUG'
2025-09-08T18:19:49.597-05:00  INFO 42308 --- [ReactiveProject] [restartedMain] .s.d.r.c.RepositoryConfigurationDelegate : Bootstrapping Spring Data R2DBC repositories in DEFAULT mode.
2025-09-08T18:19:50.123-05:00  INFO 42308 --- [ReactiveProject] [restartedMain] .s.d.r.c.RepositoryConfigurationDelegate : Finished Spring Data repository scanning in 504 ms. Found 1 R2DBC repository interface.
2025-09-08T18:19:52.663-05:00  INFO 42308 --- [ReactiveProject] [restartedMain] o.s.b.d.a.OptionalLiveReloadServer       : LiveReload server is running on port 35729
2025-09-08T18:19:54.123-05:00  INFO 42308 --- [ReactiveProject] [restartedMain] o.s.b.a.e.web.EndpointLinksResolver      : Exposing 2 endpoints beneath base path '/actuator'
2025-09-08T18:19:54.784-05:00  INFO 42308 --- [ReactiveProject] [restartedMain] o.s.b.web.embedded.netty.NettyWebServer  : Netty started on port 8080 (http)
2025-09-08T18:19:54.796-05:00  INFO 42308 --- [ReactiveProject] [restartedMain] co.com.pragma.MainApplication            : Started MainApplication in 18.46 seconds (process running for 29.248)
2025-09-08T18:36:24.187-05:00 DEBUG 42308 --- [ReactiveProject] [reactor-http-nio-3] co.com.pragma.api.Handler                : Iniciando flujo para generar token
2025-09-08T18:36:31.925-05:00 DEBUG 42308 --- [ReactiveProject] [reactor-tcp-nio-2] co.com.pragma.api.Handler                : Respuesta construida correctamente
2025-09-08T18:37:04.432-05:00  INFO 42308 --- [ReactiveProject] [parallel-3] co.com.pragma.api.Handler                : Iniciando búsqueda de usuario con documento: 12
2025-09-08T18:37:04.462-05:00  INFO 42308 --- [ReactiveProject] [reactor-tcp-nio-2] co.com.pragma.api.Handler                : Usuario encontrado: 12
2025-09-08T18:37:16.037-05:00  INFO 42308 --- [ReactiveProject] [SpringApplicationShutdownHook] o.s.b.w.embedded.netty.GracefulShutdown  : Commencing graceful shutdown. Waiting for active requests to complete
2025-09-08T18:37:16.055-05:00  INFO 42308 --- [ReactiveProject] [netty-shutdown] o.s.b.w.embedded.netty.GracefulShutdown  : Graceful shutdown complete
2025-09-08T19:14:41.959-05:00  INFO 32388 --- [ReactiveProject] [restartedMain] co.com.pragma.MainApplication            : Starting MainApplication using Java 24.0.2 with PID 32388 (C:\workspace\pragma\autenticacion\applications\app-service\build\classes\java\main started by r578 in C:\workspace\pragma\autenticacion)
2025-09-08T19:14:41.973-05:00 DEBUG 32388 --- [ReactiveProject] [restartedMain] co.com.pragma.MainApplication            : Running with Spring Boot v3.5.4, Spring v6.2.9
2025-09-08T19:14:41.977-05:00  INFO 32388 --- [ReactiveProject] [restartedMain] co.com.pragma.MainApplication            : No active profile set, falling back to 1 default profile: "default"
2025-09-08T19:14:42.305-05:00  INFO 32388 --- [ReactiveProject] [restartedMain] .e.DevToolsPropertyDefaultsPostProcessor : For additional web related logging consider setting the 'logging.level.web' property to 'DEBUG'
2025-09-08T19:14:50.011-05:00  INFO 32388 --- [ReactiveProject] [restartedMain] .s.d.r.c.RepositoryConfigurationDelegate : Bootstrapping Spring Data R2DBC repositories in DEFAULT mode.
2025-09-08T19:14:50.797-05:00  INFO 32388 --- [ReactiveProject] [restartedMain] .s.d.r.c.RepositoryConfigurationDelegate : Finished Spring Data repository scanning in 758 ms. Found 1 R2DBC repository interface.
2025-09-08T19:14:55.987-05:00  INFO 32388 --- [ReactiveProject] [restartedMain] o.s.b.d.a.OptionalLiveReloadServer       : LiveReload server is running on port 35729
2025-09-08T19:14:59.603-05:00  INFO 32388 --- [ReactiveProject] [restartedMain] o.s.b.a.e.web.EndpointLinksResolver      : Exposing 2 endpoints beneath base path '/actuator'
2025-09-08T19:15:02.551-05:00  INFO 32388 --- [ReactiveProject] [restartedMain] o.s.b.web.embedded.netty.NettyWebServer  : Netty started on port 8080 (http)
2025-09-08T19:15:02.598-05:00  INFO 32388 --- [ReactiveProject] [restartedMain] co.com.pragma.MainApplication            : Started MainApplication in 23.747 seconds (process running for 31.467)
2025-09-08T19:25:55.891-05:00 DEBUG 32388 --- [ReactiveProject] [reactor-http-nio-3] co.com.pragma.api.Handler                : Iniciando flujo para generar token
2025-09-08T19:25:56.631-05:00 ERROR 32388 --- [ReactiveProject] [reactor-tcp-nio-1] co.com.pragma.api.Handler                : Error al guardar usuario

org.springframework.dao.IncorrectResultSizeDataAccessException: Query [SELECT usuario.idusuario, usuario.nombre, usuario.apellido, usuario.correoElectronico, usuario.fechaNacimiento, usuario.direccion, usuario.telefono, usuario.salarioBase, usuario.documento_identidad, usuario.contrasena, usuario.id_rol, usuario.intentos FROM usuario WHERE usuario.correoElectronico = ?] returned non unique result.
	at org.springframework.r2dbc.core.DefaultFetchSpec.lambda$one$0(DefaultFetchSpec.java:65) ~[spring-r2dbc-6.2.9.jar:6.2.9]
	Suppressed: reactor.core.publisher.FluxOnAssembly$OnAssemblyException: 
Assembly trace from producer [reactor.core.publisher.MonoError] :

Error has been observed at the following site(s):
	*_____Mono.onErrorMap ⇢ at org.springframework.r2dbc.core.DefaultFetchSpec.one(DefaultFetchSpec.java:63)
	|_       Mono.flatMap ⇢ at org.springframework.data.r2dbc.core.R2dbcEntityTemplate$EntityCallbackAdapter.one(R2dbcEntityTemplate.java:930)
	|_           Mono.map ⇢ at org.springframework.data.repository.util.ReactiveWrapperConverters$MonoWrapper.map(ReactiveWrapperConverters.java:265)
	*____Mono.flatMapMany ⇢ at org.springframework.data.r2dbc.repository.query.AbstractR2dbcQuery.lambda$execute$1(AbstractR2dbcQuery.java:78)
	*____Mono.flatMapMany ⇢ at org.springframework.data.r2dbc.repository.query.AbstractR2dbcQuery.execute(AbstractR2dbcQuery.java:78)
	*______Flux.usingWhen ⇢ at org.springframework.data.repository.core.support.RepositoryMethodInvoker$ReactiveInvocationListenerDecorator.decorate(RepositoryMethodInvoker.java:235)
	|_          Mono.from ⇢ at org.springframework.data.repository.util.ReactiveWrapperConverters$PublisherToMonoConverter.convert(ReactiveWrapperConverters.java:486)
	*______Mono.usingWhen ⇢ at org.springframework.transaction.interceptor.TransactionAspectSupport$ReactiveTransactionSupport.lambda$invokeWithinTransaction$1(TransactionAspectSupport.java:925)
	|_    Mono.onErrorMap ⇢ at org.springframework.transaction.interceptor.TransactionAspectSupport$ReactiveTransactionSupport.lambda$invokeWithinTransaction$1(TransactionAspectSupport.java:938)
	*________Mono.flatMap ⇢ at org.springframework.transaction.interceptor.TransactionAspectSupport$ReactiveTransactionSupport.invokeWithinTransaction(TransactionAspectSupport.java:924)
	|_  Mono.contextWrite ⇢ at org.springframework.transaction.interceptor.TransactionAspectSupport$ReactiveTransactionSupport.invokeWithinTransaction(TransactionAspectSupport.java:939)
	|_  Mono.contextWrite ⇢ at org.springframework.transaction.interceptor.TransactionAspectSupport$ReactiveTransactionSupport.invokeWithinTransaction(TransactionAspectSupport.java:940)
	|_ Mono.switchIfEmpty ⇢ at co.com.pragma.usecase.usuario.JwtUseCase.login(JwtUseCase.java:26)
	|_       Mono.flatMap ⇢ at co.com.pragma.usecase.usuario.JwtUseCase.login(JwtUseCase.java:27)
	*________Mono.flatMap ⇢ at co.com.pragma.api.Handler.listenPOSTgenerarToken(Handler.java:87)
	|_           Mono.map ⇢ at co.com.pragma.api.Handler.listenPOSTgenerarToken(Handler.java:88)
	|_       Mono.flatMap ⇢ at co.com.pragma.api.Handler.listenPOSTgenerarToken(Handler.java:89)
	|_ Mono.doOnSubscribe ⇢ at co.com.pragma.api.Handler.listenPOSTgenerarToken(Handler.java:94)
	|_   Mono.doOnSuccess ⇢ at co.com.pragma.api.Handler.listenPOSTgenerarToken(Handler.java:95)
Original Stack Trace:
		at org.springframework.r2dbc.core.DefaultFetchSpec.lambda$one$0(DefaultFetchSpec.java:65) ~[spring-r2dbc-6.2.9.jar:6.2.9]
		at reactor.core.publisher.Mono.lambda$onErrorMap$28(Mono.java:3848) ~[reactor-core-3.7.8.jar:3.7.8]
		at reactor.core.publisher.Mono.lambda$onErrorResume$30(Mono.java:3938) ~[reactor-core-3.7.8.jar:3.7.8]
		at reactor.core.publisher.FluxOnErrorResume$ResumeSubscriber.onError(FluxOnErrorResume.java:94) ~[reactor-core-3.7.8.jar:3.7.8]
		at reactor.core.publisher.MonoSingle$SingleSubscriber.onError(MonoSingle.java:150) ~[reactor-core-3.7.8.jar:3.7.8]
		at reactor.core.publisher.MonoSingle$SingleSubscriber.onNext(MonoSingle.java:134) ~[reactor-core-3.7.8.jar:3.7.8]
		at reactor.core.publisher.FluxOnErrorResume$ResumeSubscriber.onNext(FluxOnErrorResume.java:79) ~[reactor-core-3.7.8.jar:3.7.8]
		at reactor.core.publisher.FluxUsingWhen$UsingWhenSubscriber.onNext(FluxUsingWhen.java:348) ~[reactor-core-3.7.8.jar:3.7.8]
		at reactor.core.publisher.FluxFlatMap$FlatMapMain.tryEmit(FluxFlatMap.java:547) ~[reactor-core-3.7.8.jar:3.7.8]
		at reactor.core.publisher.FluxFlatMap$FlatMapInner.onNext(FluxFlatMap.java:988) ~[reactor-core-3.7.8.jar:3.7.8]
		at reactor.core.publisher.FluxHandleFuseable$HandleFuseableSubscriber.onNext(FluxHandleFuseable.java:194) ~[reactor-core-3.7.8.jar:3.7.8]
		at reactor.core.publisher.FluxHandleFuseable$HandleFuseableConditionalSubscriber.onNext(FluxHandleFuseable.java:505) ~[reactor-core-3.7.8.jar:3.7.8]
		at reactor.core.publisher.FluxContextWrite$ContextWriteSubscriber.onNext(FluxContextWrite.java:107) ~[reactor-core-3.7.8.jar:3.7.8]
		at io.asyncer.r2dbc.mysql.internal.util.DiscardOnCancelSubscriber.onNext(DiscardOnCancelSubscriber.java:66) ~[r2dbc-mysql-1.4.1.jar:1.4.1]
		at reactor.core.publisher.FluxWindowPredicate$WindowFlux.drainRegular(FluxWindowPredicate.java:670) ~[reactor-core-3.7.8.jar:3.7.8]
		at reactor.core.publisher.FluxWindowPredicate$WindowFlux.drain(FluxWindowPredicate.java:748) ~[reactor-core-3.7.8.jar:3.7.8]
		at reactor.core.publisher.FluxWindowPredicate$WindowFlux.onNext(FluxWindowPredicate.java:790) ~[reactor-core-3.7.8.jar:3.7.8]
		at reactor.core.publisher.FluxWindowPredicate$WindowPredicateMain.onNext(FluxWindowPredicate.java:268) ~[reactor-core-3.7.8.jar:3.7.8]
		at reactor.core.publisher.MonoFlatMapMany$FlatMapManyInner.onNext(MonoFlatMapMany.java:251) ~[reactor-core-3.7.8.jar:3.7.8]
		at reactor.core.publisher.FluxPeekFuseable$PeekFuseableSubscriber.onNext(FluxPeekFuseable.java:210) ~[reactor-core-3.7.8.jar:3.7.8]
		at reactor.core.publisher.FluxContextWrite$ContextWriteSubscriber.onNext(FluxContextWrite.java:107) ~[reactor-core-3.7.8.jar:3.7.8]
		at io.asyncer.r2dbc.mysql.internal.util.DiscardOnCancelSubscriber.onNext(DiscardOnCancelSubscriber.java:66) ~[r2dbc-mysql-1.4.1.jar:1.4.1]
		at reactor.core.publisher.FluxPeekFuseable$PeekFuseableConditionalSubscriber.onNext(FluxPeekFuseable.java:503) ~[reactor-core-3.7.8.jar:3.7.8]
		at reactor.core.publisher.FluxHandleFuseable$HandleFuseableConditionalSubscriber.onNext(FluxHandleFuseable.java:505) ~[reactor-core-3.7.8.jar:3.7.8]
		at reactor.core.publisher.FluxPeekFuseable$PeekConditionalSubscriber.onNext(FluxPeekFuseable.java:854) ~[reactor-core-3.7.8.jar:3.7.8]
		at reactor.core.publisher.SinkManyEmitterProcessor.drain(SinkManyEmitterProcessor.java:476) ~[reactor-core-3.7.8.jar:3.7.8]
		at reactor.core.publisher.SinkManyEmitterProcessor.tryEmitNext(SinkManyEmitterProcessor.java:273) ~[reactor-core-3.7.8.jar:3.7.8]
		at reactor.core.publisher.SinkManySerialized.tryEmitNext(SinkManySerialized.java:100) ~[reactor-core-3.7.8.jar:3.7.8]
		at reactor.core.publisher.InternalManySink.emitNext(InternalManySink.java:27) ~[reactor-core-3.7.8.jar:3.7.8]
		at io.asyncer.r2dbc.mysql.client.ReactorNettyClient$ResponseSink.next(ReactorNettyClient.java:395) ~[r2dbc-mysql-1.4.1.jar:1.4.1]
		at io.asyncer.r2dbc.mysql.client.ReactorNettyClient.lambda$new$0(ReactorNettyClient.java:119) ~[r2dbc-mysql-1.4.1.jar:1.4.1]
		at reactor.core.publisher.FluxPeek$PeekSubscriber.onNext(FluxPeek.java:185) ~[reactor-core-3.7.8.jar:3.7.8]
		at reactor.netty.channel.FluxReceive.drainReceiver(FluxReceive.java:292) ~[reactor-netty-core-1.2.8.jar:1.2.8]
		at reactor.netty.channel.FluxReceive.onInboundNext(FluxReceive.java:401) ~[reactor-netty-core-1.2.8.jar:1.2.8]
		at reactor.netty.channel.ChannelOperations.onInboundNext(ChannelOperations.java:435) ~[reactor-netty-core-1.2.8.jar:1.2.8]
		at reactor.netty.channel.ChannelOperationsHandler.channelRead(ChannelOperationsHandler.java:115) ~[reactor-netty-core-1.2.8.jar:1.2.8]
		at io.netty.channel.AbstractChannelHandlerContext.invokeChannelRead(AbstractChannelHandlerContext.java:444) ~[netty-transport-4.1.123.Final.jar:4.1.123.Final]
		at io.netty.channel.AbstractChannelHandlerContext.invokeChannelRead(AbstractChannelHandlerContext.java:420) ~[netty-transport-4.1.123.Final.jar:4.1.123.Final]
		at io.netty.channel.AbstractChannelHandlerContext.fireChannelRead(AbstractChannelHandlerContext.java:412) ~[netty-transport-4.1.123.Final.jar:4.1.123.Final]
		at io.netty.handler.codec.ByteToMessageDecoder.fireChannelRead(ByteToMessageDecoder.java:346) ~[netty-codec-4.1.123.Final.jar:4.1.123.Final]
		at io.netty.handler.codec.ByteToMessageDecoder.fireChannelRead(ByteToMessageDecoder.java:333) ~[netty-codec-4.1.123.Final.jar:4.1.123.Final]
		at io.netty.handler.codec.ByteToMessageDecoder.callDecode(ByteToMessageDecoder.java:455) ~[netty-codec-4.1.123.Final.jar:4.1.123.Final]
		at io.netty.handler.codec.ByteToMessageDecoder.channelRead(ByteToMessageDecoder.java:290) ~[netty-codec-4.1.123.Final.jar:4.1.123.Final]
		at io.netty.channel.AbstractChannelHandlerContext.invokeChannelRead(AbstractChannelHandlerContext.java:444) ~[netty-transport-4.1.123.Final.jar:4.1.123.Final]
		at io.netty.channel.AbstractChannelHandlerContext.invokeChannelRead(AbstractChannelHandlerContext.java:420) ~[netty-transport-4.1.123.Final.jar:4.1.123.Final]
		at io.netty.channel.AbstractChannelHandlerContext.fireChannelRead(AbstractChannelHandlerContext.java:412) ~[netty-transport-4.1.123.Final.jar:4.1.123.Final]
		at io.netty.channel.DefaultChannelPipeline$HeadContext.channelRead(DefaultChannelPipeline.java:1357) ~[netty-transport-4.1.123.Final.jar:4.1.123.Final]
		at io.netty.channel.AbstractChannelHandlerContext.invokeChannelRead(AbstractChannelHandlerContext.java:440) ~[netty-transport-4.1.123.Final.jar:4.1.123.Final]
		at io.netty.channel.AbstractChannelHandlerContext.invokeChannelRead(AbstractChannelHandlerContext.java:420) ~[netty-transport-4.1.123.Final.jar:4.1.123.Final]
		at io.netty.channel.DefaultChannelPipeline.fireChannelRead(DefaultChannelPipeline.java:868) ~[netty-transport-4.1.123.Final.jar:4.1.123.Final]
		at io.netty.channel.nio.AbstractNioByteChannel$NioByteUnsafe.read(AbstractNioByteChannel.java:166) ~[netty-transport-4.1.123.Final.jar:4.1.123.Final]
		at io.netty.channel.nio.NioEventLoop.processSelectedKey(NioEventLoop.java:796) ~[netty-transport-4.1.123.Final.jar:4.1.123.Final]
		at io.netty.channel.nio.NioEventLoop.processSelectedKeysOptimized(NioEventLoop.java:732) ~[netty-transport-4.1.123.Final.jar:4.1.123.Final]
		at io.netty.channel.nio.NioEventLoop.processSelectedKeys(NioEventLoop.java:658) ~[netty-transport-4.1.123.Final.jar:4.1.123.Final]
		at io.netty.channel.nio.NioEventLoop.run(NioEventLoop.java:562) ~[netty-transport-4.1.123.Final.jar:4.1.123.Final]
		at io.netty.util.concurrent.SingleThreadEventExecutor$4.run(SingleThreadEventExecutor.java:998) ~[netty-common-4.1.123.Final.jar:4.1.123.Final]
		at io.netty.util.internal.ThreadExecutorMap$2.run(ThreadExecutorMap.java:74) ~[netty-common-4.1.123.Final.jar:4.1.123.Final]
		at io.netty.util.concurrent.FastThreadLocalRunnable.run(FastThreadLocalRunnable.java:30) ~[netty-common-4.1.123.Final.jar:4.1.123.Final]
		at java.base/java.lang.Thread.run(Thread.java:1447) ~[na:na]

2025-09-08T19:25:56.665-05:00 ERROR 32388 --- [ReactiveProject] [reactor-tcp-nio-1] c.c.p.api.excepcions.GlobalErrorHandler  : Error capturado globalmente: 

org.springframework.dao.IncorrectResultSizeDataAccessException: Query [SELECT usuario.idusuario, usuario.nombre, usuario.apellido, usuario.correoElectronico, usuario.fechaNacimiento, usuario.direccion, usuario.telefono, usuario.salarioBase, usuario.documento_identidad, usuario.contrasena, usuario.id_rol, usuario.intentos FROM usuario WHERE usuario.correoElectronico = ?] returned non unique result.
	at org.springframework.r2dbc.core.DefaultFetchSpec.lambda$one$0(DefaultFetchSpec.java:65) ~[spring-r2dbc-6.2.9.jar:6.2.9]
	Suppressed: reactor.core.publisher.FluxOnAssembly$OnAssemblyException: 
Assembly trace from producer [reactor.core.publisher.MonoError] :

Error has been observed at the following site(s):
	*_______Mono.onErrorMap ⇢ at org.springframework.r2dbc.core.DefaultFetchSpec.one(DefaultFetchSpec.java:63)
	|_         Mono.flatMap ⇢ at org.springframework.data.r2dbc.core.R2dbcEntityTemplate$EntityCallbackAdapter.one(R2dbcEntityTemplate.java:930)
	|_             Mono.map ⇢ at org.springframework.data.repository.util.ReactiveWrapperConverters$MonoWrapper.map(ReactiveWrapperConverters.java:265)
	*______Mono.flatMapMany ⇢ at org.springframework.data.r2dbc.repository.query.AbstractR2dbcQuery.lambda$execute$1(AbstractR2dbcQuery.java:78)
	*______Mono.flatMapMany ⇢ at org.springframework.data.r2dbc.repository.query.AbstractR2dbcQuery.execute(AbstractR2dbcQuery.java:78)
	*________Flux.usingWhen ⇢ at org.springframework.data.repository.core.support.RepositoryMethodInvoker$ReactiveInvocationListenerDecorator.decorate(RepositoryMethodInvoker.java:235)
	|_            Mono.from ⇢ at org.springframework.data.repository.util.ReactiveWrapperConverters$PublisherToMonoConverter.convert(ReactiveWrapperConverters.java:486)
	*________Mono.usingWhen ⇢ at org.springframework.transaction.interceptor.TransactionAspectSupport$ReactiveTransactionSupport.lambda$invokeWithinTransaction$1(TransactionAspectSupport.java:925)
	|_      Mono.onErrorMap ⇢ at org.springframework.transaction.interceptor.TransactionAspectSupport$ReactiveTransactionSupport.lambda$invokeWithinTransaction$1(TransactionAspectSupport.java:938)
	*__________Mono.flatMap ⇢ at org.springframework.transaction.interceptor.TransactionAspectSupport$ReactiveTransactionSupport.invokeWithinTransaction(TransactionAspectSupport.java:924)
	|_    Mono.contextWrite ⇢ at org.springframework.transaction.interceptor.TransactionAspectSupport$ReactiveTransactionSupport.invokeWithinTransaction(TransactionAspectSupport.java:939)
	|_    Mono.contextWrite ⇢ at org.springframework.transaction.interceptor.TransactionAspectSupport$ReactiveTransactionSupport.invokeWithinTransaction(TransactionAspectSupport.java:940)
	|_   Mono.switchIfEmpty ⇢ at co.com.pragma.usecase.usuario.JwtUseCase.login(JwtUseCase.java:26)
	|_         Mono.flatMap ⇢ at co.com.pragma.usecase.usuario.JwtUseCase.login(JwtUseCase.java:27)
	*__________Mono.flatMap ⇢ at co.com.pragma.api.Handler.listenPOSTgenerarToken(Handler.java:87)
	|_             Mono.map ⇢ at co.com.pragma.api.Handler.listenPOSTgenerarToken(Handler.java:88)
	|_         Mono.flatMap ⇢ at co.com.pragma.api.Handler.listenPOSTgenerarToken(Handler.java:89)
	|_   Mono.doOnSubscribe ⇢ at co.com.pragma.api.Handler.listenPOSTgenerarToken(Handler.java:94)
	|_     Mono.doOnSuccess ⇢ at co.com.pragma.api.Handler.listenPOSTgenerarToken(Handler.java:95)
	|_       Mono.doOnError ⇢ at co.com.pragma.api.Handler.listenPOSTgenerarToken(Handler.java:96)
	|_             Mono.map ⇢ at org.springframework.web.reactive.function.server.support.HandlerFunctionAdapter.handle(HandlerFunctionAdapter.java:62)
	|_   Mono.onErrorResume ⇢ at org.springframework.web.reactive.DispatcherHandler.handleResultMono(DispatcherHandler.java:168)
	|_         Mono.flatMap ⇢ at org.springframework.web.reactive.DispatcherHandler.handleResultMono(DispatcherHandler.java:172)
	*____________Mono.error ⇢ at org.springframework.web.reactive.result.method.annotation.RequestMappingHandlerAdapter.handleException(RequestMappingHandlerAdapter.java:340)
	*__________Mono.flatMap ⇢ at org.springframework.web.reactive.DispatcherHandler.handle(DispatcherHandler.java:154)
	*____________Mono.defer ⇢ at org.springframework.web.server.handler.DefaultWebFilterChain.filter(DefaultWebFilterChain.java:106)
	|_           checkpoint ⇢ org.springframework.web.cors.reactive.CorsWebFilter [DefaultWebFilterChain]
	*____________Mono.defer ⇢ at org.springframework.web.server.handler.DefaultWebFilterChain.filter(DefaultWebFilterChain.java:106)
	|_           checkpoint ⇢ co.com.pragma.api.config.SecurityHeadersConfig [DefaultWebFilterChain]
	*____________Mono.defer ⇢ at org.springframework.web.server.handler.DefaultWebFilterChain.filter(DefaultWebFilterChain.java:106)
	|_     Mono.doOnSuccess ⇢ at org.springframework.security.web.server.ObservationWebFilterChainDecorator$WebFilterObservation$SimpleWebFilterObservation.lambda$wrap$6(ObservationWebFilterChainDecorator.java:560)
	|_      Mono.doOnCancel ⇢ at org.springframework.security.web.server.ObservationWebFilterChainDecorator$WebFilterObservation$SimpleWebFilterObservation.lambda$wrap$6(ObservationWebFilterChainDecorator.java:561)
	|_       Mono.doOnError ⇢ at org.springframework.security.web.server.ObservationWebFilterChainDecorator$WebFilterObservation$SimpleWebFilterObservation.lambda$wrap$6(ObservationWebFilterChainDecorator.java:562)
	|_    Mono.contextWrite ⇢ at org.springframework.security.web.server.ObservationWebFilterChainDecorator$WebFilterObservation$SimpleWebFilterObservation.lambda$wrap$6(ObservationWebFilterChainDecorator.java:566)
	|_     Mono.doOnSuccess ⇢ at org.springframework.security.web.server.ObservationWebFilterChainDecorator$AroundWebFilterObservation$SimpleAroundWebFilterObservation.lambda$wrap$2(ObservationWebFilterChainDecorator.java:351)
	|_      Mono.doOnCancel ⇢ at org.springframework.security.web.server.ObservationWebFilterChainDecorator$AroundWebFilterObservation$SimpleAroundWebFilterObservation.lambda$wrap$2(ObservationWebFilterChainDecorator.java:352)
	|_       Mono.doOnError ⇢ at org.springframework.security.web.server.ObservationWebFilterChainDecorator$AroundWebFilterObservation$SimpleAroundWebFilterObservation.lambda$wrap$2(ObservationWebFilterChainDecorator.java:353)
	*__Mono.deferContextual ⇢ at org.springframework.security.web.server.ObservationWebFilterChainDecorator.lambda$wrapSecured$1(ObservationWebFilterChainDecorator.java:76)
	*____________Mono.defer ⇢ at org.springframework.security.web.server.ObservationWebFilterChainDecorator$ObservationWebFilterChain.filter(ObservationWebFilterChainDecorator.java:152)
	*____Mono.switchIfEmpty ⇢ at org.springframework.security.web.server.authorization.AuthorizationWebFilter.filter(AuthorizationWebFilter.java:56)
	|_     Mono.doOnSuccess ⇢ at org.springframework.security.web.server.ObservationWebFilterChainDecorator$ObservationWebFilter.wrapFilter(ObservationWebFilterChainDecorator.java:211)
	|_           checkpoint ⇢ AuthorizationWebFilter [DefaultWebFilterChain]
	*____________Mono.defer ⇢ at org.springframework.security.web.server.ObservationWebFilterChainDecorator$ObservationWebFilterChain.filter(ObservationWebFilterChainDecorator.java:152)
	|_   Mono.onErrorResume ⇢ at org.springframework.security.web.server.authorization.ExceptionTranslationWebFilter.filter(ExceptionTranslationWebFilter.java:53)
	|_     Mono.doOnSuccess ⇢ at org.springframework.security.web.server.ObservationWebFilterChainDecorator$ObservationWebFilter.wrapFilter(ObservationWebFilterChainDecorator.java:211)
	|_           checkpoint ⇢ ExceptionTranslationWebFilter [DefaultWebFilterChain]
	*____________Mono.defer ⇢ at org.springframework.security.web.server.ObservationWebFilterChainDecorator$ObservationWebFilterChain.filter(ObservationWebFilterChainDecorator.java:152)
	*__________Mono.flatMap ⇢ at org.springframework.security.web.server.savedrequest.ServerRequestCacheWebFilter.filter(ServerRequestCacheWebFilter.java:41)
	|_     Mono.doOnSuccess ⇢ at org.springframework.security.web.server.ObservationWebFilterChainDecorator$ObservationWebFilter.wrapFilter(ObservationWebFilterChainDecorator.java:211)
	|_           checkpoint ⇢ ServerRequestCacheWebFilter [DefaultWebFilterChain]
	*____________Mono.defer ⇢ at org.springframework.security.web.server.ObservationWebFilterChainDecorator$ObservationWebFilterChain.filter(ObservationWebFilterChainDecorator.java:152)
	|_     Mono.doOnSuccess ⇢ at org.springframework.security.web.server.ObservationWebFilterChainDecorator$ObservationWebFilter.wrapFilter(ObservationWebFilterChainDecorator.java:211)
	|_           checkpoint ⇢ SecurityContextServerWebExchangeWebFilter [DefaultWebFilterChain]
	*____________Mono.defer ⇢ at org.springframework.security.web.server.ObservationWebFilterChainDecorator$ObservationWebFilterChain.filter(ObservationWebFilterChainDecorator.java:152)
	|_    Mono.contextWrite ⇢ at org.springframework.security.web.server.context.ReactorContextWebFilter.filter(ReactorContextWebFilter.java:48)
	|_     Mono.doOnSuccess ⇢ at org.springframework.security.web.server.ObservationWebFilterChainDecorator$ObservationWebFilter.wrapFilter(ObservationWebFilterChainDecorator.java:211)
	|_           checkpoint ⇢ ReactorContextWebFilter [DefaultWebFilterChain]
	*____________Mono.defer ⇢ at org.springframework.security.web.server.ObservationWebFilterChainDecorator$ObservationWebFilterChain.filter(ObservationWebFilterChainDecorator.java:152)
	|_     Mono.doOnSuccess ⇢ at org.springframework.security.web.server.ObservationWebFilterChainDecorator$ObservationWebFilter.wrapFilter(ObservationWebFilterChainDecorator.java:211)
	|_           checkpoint ⇢ HttpHeaderWriterWebFilter [DefaultWebFilterChain]
	*____________Mono.defer ⇢ at org.springframework.security.web.server.ObservationWebFilterChainDecorator$ObservationWebFilterChain.filter(ObservationWebFilterChainDecorator.java:152)
	|_    Mono.contextWrite ⇢ at org.springframework.security.config.web.server.ServerHttpSecurity$ServerWebExchangeReactorContextWebFilter.filter(ServerHttpSecurity.java:4059)
	|_     Mono.doOnSuccess ⇢ at org.springframework.security.web.server.ObservationWebFilterChainDecorator$ObservationWebFilter.wrapFilter(ObservationWebFilterChainDecorator.java:211)
	|_     Mono.doOnSuccess ⇢ at org.springframework.security.web.server.ObservationWebFilterChainDecorator$AroundWebFilterObservation$SimpleAroundWebFilterObservation.lambda$wrap$6(ObservationWebFilterChainDecorator.java:367)
	|_      Mono.doOnCancel ⇢ at org.springframework.security.web.server.ObservationWebFilterChainDecorator$AroundWebFilterObservation$SimpleAroundWebFilterObservation.lambda$wrap$6(ObservationWebFilterChainDecorator.java:368)
	|_       Mono.doOnError ⇢ at org.springframework.security.web.server.ObservationWebFilterChainDecorator$AroundWebFilterObservation$SimpleAroundWebFilterObservation.lambda$wrap$6(ObservationWebFilterChainDecorator.java:369)
	|_    Mono.contextWrite ⇢ at org.springframework.security.web.server.ObservationWebFilterChainDecorator$AroundWebFilterObservation$SimpleAroundWebFilterObservation.lambda$wrap$6(ObservationWebFilterChainDecorator.java:373)
	*__Mono.deferContextual ⇢ at org.springframework.security.web.server.ObservationWebFilterChainDecorator$ObservationWebFilter.filter(ObservationWebFilterChainDecorator.java:193)
	|_           checkpoint ⇢ ServerWebExchangeReactorContextWebFilter [DefaultWebFilterChain]
	*____________Mono.defer ⇢ at org.springframework.security.web.server.ObservationWebFilterChainDecorator$ObservationWebFilterChain.filter(ObservationWebFilterChainDecorator.java:152)
	*__________Mono.flatMap ⇢ at org.springframework.security.web.server.WebFilterChainProxy.filterFirewalledExchange(WebFilterChainProxy.java:78)
	*__________Mono.flatMap ⇢ at org.springframework.security.web.server.WebFilterChainProxy.filter(WebFilterChainProxy.java:65)
	|_   Mono.onErrorResume ⇢ at org.springframework.security.web.server.WebFilterChainProxy.filter(WebFilterChainProxy.java:66)
	|_           checkpoint ⇢ org.springframework.security.web.server.WebFilterChainProxy [DefaultWebFilterChain]
	*____________Mono.defer ⇢ at org.springframework.web.server.handler.DefaultWebFilterChain.filter(DefaultWebFilterChain.java:106)
	|_       Mono.doOnError ⇢ at org.springframework.web.server.handler.ExceptionHandlingWebHandler.handle(ExceptionHandlingWebHandler.java:84)
	|_   Mono.onErrorResume ⇢ at org.springframework.web.server.handler.ExceptionHandlingWebHandler.handle(ExceptionHandlingWebHandler.java:85)
	|_       Mono.doOnError ⇢ at org.springframework.web.server.handler.ExceptionHandlingWebHandler.handle(ExceptionHandlingWebHandler.java:84)
	*____________Mono.error ⇢ at org.springframework.web.server.handler.ExceptionHandlingWebHandler$CheckpointInsertingHandler.handle(ExceptionHandlingWebHandler.java:106)
	|_           checkpoint ⇢ HTTP POST "/api/v1/login" [ExceptionHandlingWebHandler]
Original Stack Trace:
		at org.springframework.r2dbc.core.DefaultFetchSpec.lambda$one$0(DefaultFetchSpec.java:65) ~[spring-r2dbc-6.2.9.jar:6.2.9]
		at reactor.core.publisher.Mono.lambda$onErrorMap$28(Mono.java:3848) ~[reactor-core-3.7.8.jar:3.7.8]
		at reactor.core.publisher.Mono.lambda$onErrorResume$30(Mono.java:3938) ~[reactor-core-3.7.8.jar:3.7.8]
		at reactor.core.publisher.FluxOnErrorResume$ResumeSubscriber.onError(FluxOnErrorResume.java:94) ~[reactor-core-3.7.8.jar:3.7.8]
		at reactor.core.publisher.MonoSingle$SingleSubscriber.onError(MonoSingle.java:150) ~[reactor-core-3.7.8.jar:3.7.8]
		at reactor.core.publisher.MonoSingle$SingleSubscriber.onNext(MonoSingle.java:134) ~[reactor-core-3.7.8.jar:3.7.8]
		at reactor.core.publisher.FluxOnErrorResume$ResumeSubscriber.onNext(FluxOnErrorResume.java:79) ~[reactor-core-3.7.8.jar:3.7.8]
		at reactor.core.publisher.FluxUsingWhen$UsingWhenSubscriber.onNext(FluxUsingWhen.java:348) ~[reactor-core-3.7.8.jar:3.7.8]
		at reactor.core.publisher.FluxFlatMap$FlatMapMain.tryEmit(FluxFlatMap.java:547) ~[reactor-core-3.7.8.jar:3.7.8]
		at reactor.core.publisher.FluxFlatMap$FlatMapInner.onNext(FluxFlatMap.java:988) ~[reactor-core-3.7.8.jar:3.7.8]
		at reactor.core.publisher.FluxHandleFuseable$HandleFuseableSubscriber.onNext(FluxHandleFuseable.java:194) ~[reactor-core-3.7.8.jar:3.7.8]
		at reactor.core.publisher.FluxHandleFuseable$HandleFuseableConditionalSubscriber.onNext(FluxHandleFuseable.java:505) ~[reactor-core-3.7.8.jar:3.7.8]
		at reactor.core.publisher.FluxContextWrite$ContextWriteSubscriber.onNext(FluxContextWrite.java:107) ~[reactor-core-3.7.8.jar:3.7.8]
		at io.asyncer.r2dbc.mysql.internal.util.DiscardOnCancelSubscriber.onNext(DiscardOnCancelSubscriber.java:66) ~[r2dbc-mysql-1.4.1.jar:1.4.1]
		at reactor.core.publisher.FluxWindowPredicate$WindowFlux.drainRegular(FluxWindowPredicate.java:670) ~[reactor-core-3.7.8.jar:3.7.8]
		at reactor.core.publisher.FluxWindowPredicate$WindowFlux.drain(FluxWindowPredicate.java:748) ~[reactor-core-3.7.8.jar:3.7.8]
		at reactor.core.publisher.FluxWindowPredicate$WindowFlux.onNext(FluxWindowPredicate.java:790) ~[reactor-core-3.7.8.jar:3.7.8]
		at reactor.core.publisher.FluxWindowPredicate$WindowPredicateMain.onNext(FluxWindowPredicate.java:268) ~[reactor-core-3.7.8.jar:3.7.8]
		at reactor.core.publisher.MonoFlatMapMany$FlatMapManyInner.onNext(MonoFlatMapMany.java:251) ~[reactor-core-3.7.8.jar:3.7.8]
		at reactor.core.publisher.FluxPeekFuseable$PeekFuseableSubscriber.onNext(FluxPeekFuseable.java:210) ~[reactor-core-3.7.8.jar:3.7.8]
		at reactor.core.publisher.FluxContextWrite$ContextWriteSubscriber.onNext(FluxContextWrite.java:107) ~[reactor-core-3.7.8.jar:3.7.8]
		at io.asyncer.r2dbc.mysql.internal.util.DiscardOnCancelSubscriber.onNext(DiscardOnCancelSubscriber.java:66) ~[r2dbc-mysql-1.4.1.jar:1.4.1]
		at reactor.core.publisher.FluxPeekFuseable$PeekFuseableConditionalSubscriber.onNext(FluxPeekFuseable.java:503) ~[reactor-core-3.7.8.jar:3.7.8]
		at reactor.core.publisher.FluxHandleFuseable$HandleFuseableConditionalSubscriber.onNext(FluxHandleFuseable.java:505) ~[reactor-core-3.7.8.jar:3.7.8]
		at reactor.core.publisher.FluxPeekFuseable$PeekConditionalSubscriber.onNext(FluxPeekFuseable.java:854) ~[reactor-core-3.7.8.jar:3.7.8]
		at reactor.core.publisher.SinkManyEmitterProcessor.drain(SinkManyEmitterProcessor.java:476) ~[reactor-core-3.7.8.jar:3.7.8]
		at reactor.core.publisher.SinkManyEmitterProcessor.tryEmitNext(SinkManyEmitterProcessor.java:273) ~[reactor-core-3.7.8.jar:3.7.8]
		at reactor.core.publisher.SinkManySerialized.tryEmitNext(SinkManySerialized.java:100) ~[reactor-core-3.7.8.jar:3.7.8]
		at reactor.core.publisher.InternalManySink.emitNext(InternalManySink.java:27) ~[reactor-core-3.7.8.jar:3.7.8]
		at io.asyncer.r2dbc.mysql.client.ReactorNettyClient$ResponseSink.next(ReactorNettyClient.java:395) ~[r2dbc-mysql-1.4.1.jar:1.4.1]
		at io.asyncer.r2dbc.mysql.client.ReactorNettyClient.lambda$new$0(ReactorNettyClient.java:119) ~[r2dbc-mysql-1.4.1.jar:1.4.1]
		at reactor.core.publisher.FluxPeek$PeekSubscriber.onNext(FluxPeek.java:185) ~[reactor-core-3.7.8.jar:3.7.8]
		at reactor.netty.channel.FluxReceive.drainReceiver(FluxReceive.java:292) ~[reactor-netty-core-1.2.8.jar:1.2.8]
		at reactor.netty.channel.FluxReceive.onInboundNext(FluxReceive.java:401) ~[reactor-netty-core-1.2.8.jar:1.2.8]
		at reactor.netty.channel.ChannelOperations.onInboundNext(ChannelOperations.java:435) ~[reactor-netty-core-1.2.8.jar:1.2.8]
		at reactor.netty.channel.ChannelOperationsHandler.channelRead(ChannelOperationsHandler.java:115) ~[reactor-netty-core-1.2.8.jar:1.2.8]
		at io.netty.channel.AbstractChannelHandlerContext.invokeChannelRead(AbstractChannelHandlerContext.java:444) ~[netty-transport-4.1.123.Final.jar:4.1.123.Final]
		at io.netty.channel.AbstractChannelHandlerContext.invokeChannelRead(AbstractChannelHandlerContext.java:420) ~[netty-transport-4.1.123.Final.jar:4.1.123.Final]
		at io.netty.channel.AbstractChannelHandlerContext.fireChannelRead(AbstractChannelHandlerContext.java:412) ~[netty-transport-4.1.123.Final.jar:4.1.123.Final]
		at io.netty.handler.codec.ByteToMessageDecoder.fireChannelRead(ByteToMessageDecoder.java:346) ~[netty-codec-4.1.123.Final.jar:4.1.123.Final]
		at io.netty.handler.codec.ByteToMessageDecoder.fireChannelRead(ByteToMessageDecoder.java:333) ~[netty-codec-4.1.123.Final.jar:4.1.123.Final]
		at io.netty.handler.codec.ByteToMessageDecoder.callDecode(ByteToMessageDecoder.java:455) ~[netty-codec-4.1.123.Final.jar:4.1.123.Final]
		at io.netty.handler.codec.ByteToMessageDecoder.channelRead(ByteToMessageDecoder.java:290) ~[netty-codec-4.1.123.Final.jar:4.1.123.Final]
		at io.netty.channel.AbstractChannelHandlerContext.invokeChannelRead(AbstractChannelHandlerContext.java:444) ~[netty-transport-4.1.123.Final.jar:4.1.123.Final]
		at io.netty.channel.AbstractChannelHandlerContext.invokeChannelRead(AbstractChannelHandlerContext.java:420) ~[netty-transport-4.1.123.Final.jar:4.1.123.Final]
		at io.netty.channel.AbstractChannelHandlerContext.fireChannelRead(AbstractChannelHandlerContext.java:412) ~[netty-transport-4.1.123.Final.jar:4.1.123.Final]
		at io.netty.channel.DefaultChannelPipeline$HeadContext.channelRead(DefaultChannelPipeline.java:1357) ~[netty-transport-4.1.123.Final.jar:4.1.123.Final]
		at io.netty.channel.AbstractChannelHandlerContext.invokeChannelRead(AbstractChannelHandlerContext.java:440) ~[netty-transport-4.1.123.Final.jar:4.1.123.Final]
		at io.netty.channel.AbstractChannelHandlerContext.invokeChannelRead(AbstractChannelHandlerContext.java:420) ~[netty-transport-4.1.123.Final.jar:4.1.123.Final]
		at io.netty.channel.DefaultChannelPipeline.fireChannelRead(DefaultChannelPipeline.java:868) ~[netty-transport-4.1.123.Final.jar:4.1.123.Final]
		at io.netty.channel.nio.AbstractNioByteChannel$NioByteUnsafe.read(AbstractNioByteChannel.java:166) ~[netty-transport-4.1.123.Final.jar:4.1.123.Final]
		at io.netty.channel.nio.NioEventLoop.processSelectedKey(NioEventLoop.java:796) ~[netty-transport-4.1.123.Final.jar:4.1.123.Final]
		at io.netty.channel.nio.NioEventLoop.processSelectedKeysOptimized(NioEventLoop.java:732) ~[netty-transport-4.1.123.Final.jar:4.1.123.Final]
		at io.netty.channel.nio.NioEventLoop.processSelectedKeys(NioEventLoop.java:658) ~[netty-transport-4.1.123.Final.jar:4.1.123.Final]
		at io.netty.channel.nio.NioEventLoop.run(NioEventLoop.java:562) ~[netty-transport-4.1.123.Final.jar:4.1.123.Final]
		at io.netty.util.concurrent.SingleThreadEventExecutor$4.run(SingleThreadEventExecutor.java:998) ~[netty-common-4.1.123.Final.jar:4.1.123.Final]
		at io.netty.util.internal.ThreadExecutorMap$2.run(ThreadExecutorMap.java:74) ~[netty-common-4.1.123.Final.jar:4.1.123.Final]
		at io.netty.util.concurrent.FastThreadLocalRunnable.run(FastThreadLocalRunnable.java:30) ~[netty-common-4.1.123.Final.jar:4.1.123.Final]
		at java.base/java.lang.Thread.run(Thread.java:1447) ~[na:na]

2025-09-08T19:26:28.530-05:00 DEBUG 32388 --- [ReactiveProject] [reactor-http-nio-3] co.com.pragma.api.Handler                : Iniciando flujo para generar token
2025-09-08T19:26:28.591-05:00 ERROR 32388 --- [ReactiveProject] [reactor-tcp-nio-1] co.com.pragma.api.Handler                : Error al guardar usuario

org.springframework.dao.IncorrectResultSizeDataAccessException: Query [SELECT usuario.idusuario, usuario.nombre, usuario.apellido, usuario.correoElectronico, usuario.fechaNacimiento, usuario.direccion, usuario.telefono, usuario.salarioBase, usuario.documento_identidad, usuario.contrasena, usuario.id_rol, usuario.intentos FROM usuario WHERE usuario.correoElectronico = ?] returned non unique result.
	at org.springframework.r2dbc.core.DefaultFetchSpec.lambda$one$0(DefaultFetchSpec.java:65) ~[spring-r2dbc-6.2.9.jar:6.2.9]
	Suppressed: reactor.core.publisher.FluxOnAssembly$OnAssemblyException: 
Assembly trace from producer [reactor.core.publisher.MonoError] :

Error has been observed at the following site(s):
	*_____Mono.onErrorMap ⇢ at org.springframework.r2dbc.core.DefaultFetchSpec.one(DefaultFetchSpec.java:63)
	|_       Mono.flatMap ⇢ at org.springframework.data.r2dbc.core.R2dbcEntityTemplate$EntityCallbackAdapter.one(R2dbcEntityTemplate.java:930)
	|_           Mono.map ⇢ at org.springframework.data.repository.util.ReactiveWrapperConverters$MonoWrapper.map(ReactiveWrapperConverters.java:265)
	*____Mono.flatMapMany ⇢ at org.springframework.data.r2dbc.repository.query.AbstractR2dbcQuery.lambda$execute$1(AbstractR2dbcQuery.java:78)
	*____Mono.flatMapMany ⇢ at org.springframework.data.r2dbc.repository.query.AbstractR2dbcQuery.execute(AbstractR2dbcQuery.java:78)
	*______Flux.usingWhen ⇢ at org.springframework.data.repository.core.support.RepositoryMethodInvoker$ReactiveInvocationListenerDecorator.decorate(RepositoryMethodInvoker.java:235)
	|_          Mono.from ⇢ at org.springframework.data.repository.util.ReactiveWrapperConverters$PublisherToMonoConverter.convert(ReactiveWrapperConverters.java:486)
	*______Mono.usingWhen ⇢ at org.springframework.transaction.interceptor.TransactionAspectSupport$ReactiveTransactionSupport.lambda$invokeWithinTransaction$1(TransactionAspectSupport.java:925)
	|_    Mono.onErrorMap ⇢ at org.springframework.transaction.interceptor.TransactionAspectSupport$ReactiveTransactionSupport.lambda$invokeWithinTransaction$1(TransactionAspectSupport.java:938)
	*________Mono.flatMap ⇢ at org.springframework.transaction.interceptor.TransactionAspectSupport$ReactiveTransactionSupport.invokeWithinTransaction(TransactionAspectSupport.java:924)
	|_  Mono.contextWrite ⇢ at org.springframework.transaction.interceptor.TransactionAspectSupport$ReactiveTransactionSupport.invokeWithinTransaction(TransactionAspectSupport.java:939)
	|_  Mono.contextWrite ⇢ at org.springframework.transaction.interceptor.TransactionAspectSupport$ReactiveTransactionSupport.invokeWithinTransaction(TransactionAspectSupport.java:940)
	|_ Mono.switchIfEmpty ⇢ at co.com.pragma.usecase.usuario.JwtUseCase.login(JwtUseCase.java:26)
	|_       Mono.flatMap ⇢ at co.com.pragma.usecase.usuario.JwtUseCase.login(JwtUseCase.java:27)
	*________Mono.flatMap ⇢ at co.com.pragma.api.Handler.listenPOSTgenerarToken(Handler.java:87)
	|_           Mono.map ⇢ at co.com.pragma.api.Handler.listenPOSTgenerarToken(Handler.java:88)
	|_       Mono.flatMap ⇢ at co.com.pragma.api.Handler.listenPOSTgenerarToken(Handler.java:89)
	|_ Mono.doOnSubscribe ⇢ at co.com.pragma.api.Handler.listenPOSTgenerarToken(Handler.java:94)
	|_   Mono.doOnSuccess ⇢ at co.com.pragma.api.Handler.listenPOSTgenerarToken(Handler.java:95)
Original Stack Trace:
		at org.springframework.r2dbc.core.DefaultFetchSpec.lambda$one$0(DefaultFetchSpec.java:65) ~[spring-r2dbc-6.2.9.jar:6.2.9]
		at reactor.core.publisher.Mono.lambda$onErrorMap$28(Mono.java:3848) ~[reactor-core-3.7.8.jar:3.7.8]
		at reactor.core.publisher.Mono.lambda$onErrorResume$30(Mono.java:3938) ~[reactor-core-3.7.8.jar:3.7.8]
		at reactor.core.publisher.FluxOnErrorResume$ResumeSubscriber.onError(FluxOnErrorResume.java:94) ~[reactor-core-3.7.8.jar:3.7.8]
		at reactor.core.publisher.MonoSingle$SingleSubscriber.onError(MonoSingle.java:150) ~[reactor-core-3.7.8.jar:3.7.8]
		at reactor.core.publisher.MonoSingle$SingleSubscriber.onNext(MonoSingle.java:134) ~[reactor-core-3.7.8.jar:3.7.8]
		at reactor.core.publisher.FluxOnErrorResume$ResumeSubscriber.onNext(FluxOnErrorResume.java:79) ~[reactor-core-3.7.8.jar:3.7.8]
		at reactor.core.publisher.FluxUsingWhen$UsingWhenSubscriber.onNext(FluxUsingWhen.java:348) ~[reactor-core-3.7.8.jar:3.7.8]
		at reactor.core.publisher.FluxFlatMap$FlatMapMain.tryEmit(FluxFlatMap.java:547) ~[reactor-core-3.7.8.jar:3.7.8]
		at reactor.core.publisher.FluxFlatMap$FlatMapInner.onNext(FluxFlatMap.java:988) ~[reactor-core-3.7.8.jar:3.7.8]
		at reactor.core.publisher.FluxHandleFuseable$HandleFuseableSubscriber.onNext(FluxHandleFuseable.java:194) ~[reactor-core-3.7.8.jar:3.7.8]
		at reactor.core.publisher.FluxHandleFuseable$HandleFuseableConditionalSubscriber.onNext(FluxHandleFuseable.java:505) ~[reactor-core-3.7.8.jar:3.7.8]
		at reactor.core.publisher.FluxContextWrite$ContextWriteSubscriber.onNext(FluxContextWrite.java:107) ~[reactor-core-3.7.8.jar:3.7.8]
		at io.asyncer.r2dbc.mysql.internal.util.DiscardOnCancelSubscriber.onNext(DiscardOnCancelSubscriber.java:66) ~[r2dbc-mysql-1.4.1.jar:1.4.1]
		at reactor.core.publisher.FluxWindowPredicate$WindowFlux.drainRegular(FluxWindowPredicate.java:670) ~[reactor-core-3.7.8.jar:3.7.8]
		at reactor.core.publisher.FluxWindowPredicate$WindowFlux.drain(FluxWindowPredicate.java:748) ~[reactor-core-3.7.8.jar:3.7.8]
		at reactor.core.publisher.FluxWindowPredicate$WindowFlux.onNext(FluxWindowPredicate.java:790) ~[reactor-core-3.7.8.jar:3.7.8]
		at reactor.core.publisher.FluxWindowPredicate$WindowPredicateMain.onNext(FluxWindowPredicate.java:268) ~[reactor-core-3.7.8.jar:3.7.8]
		at reactor.core.publisher.MonoFlatMapMany$FlatMapManyInner.onNext(MonoFlatMapMany.java:251) ~[reactor-core-3.7.8.jar:3.7.8]
		at reactor.core.publisher.FluxPeekFuseable$PeekFuseableSubscriber.onNext(FluxPeekFuseable.java:210) ~[reactor-core-3.7.8.jar:3.7.8]
		at reactor.core.publisher.FluxContextWrite$ContextWriteSubscriber.onNext(FluxContextWrite.java:107) ~[reactor-core-3.7.8.jar:3.7.8]
		at io.asyncer.r2dbc.mysql.internal.util.DiscardOnCancelSubscriber.onNext(DiscardOnCancelSubscriber.java:66) ~[r2dbc-mysql-1.4.1.jar:1.4.1]
		at reactor.core.publisher.FluxPeekFuseable$PeekFuseableConditionalSubscriber.onNext(FluxPeekFuseable.java:503) ~[reactor-core-3.7.8.jar:3.7.8]
		at reactor.core.publisher.FluxHandleFuseable$HandleFuseableConditionalSubscriber.onNext(FluxHandleFuseable.java:505) ~[reactor-core-3.7.8.jar:3.7.8]
		at reactor.core.publisher.FluxPeekFuseable$PeekConditionalSubscriber.onNext(FluxPeekFuseable.java:854) ~[reactor-core-3.7.8.jar:3.7.8]
		at reactor.core.publisher.SinkManyEmitterProcessor.drain(SinkManyEmitterProcessor.java:476) ~[reactor-core-3.7.8.jar:3.7.8]
		at reactor.core.publisher.SinkManyEmitterProcessor.tryEmitNext(SinkManyEmitterProcessor.java:273) ~[reactor-core-3.7.8.jar:3.7.8]
		at reactor.core.publisher.SinkManySerialized.tryEmitNext(SinkManySerialized.java:100) ~[reactor-core-3.7.8.jar:3.7.8]
		at reactor.core.publisher.InternalManySink.emitNext(InternalManySink.java:27) ~[reactor-core-3.7.8.jar:3.7.8]
		at io.asyncer.r2dbc.mysql.client.ReactorNettyClient$ResponseSink.next(ReactorNettyClient.java:395) ~[r2dbc-mysql-1.4.1.jar:1.4.1]
		at io.asyncer.r2dbc.mysql.client.ReactorNettyClient.lambda$new$0(ReactorNettyClient.java:119) ~[r2dbc-mysql-1.4.1.jar:1.4.1]
		at reactor.core.publisher.FluxPeek$PeekSubscriber.onNext(FluxPeek.java:185) ~[reactor-core-3.7.8.jar:3.7.8]
		at reactor.netty.channel.FluxReceive.drainReceiver(FluxReceive.java:292) ~[reactor-netty-core-1.2.8.jar:1.2.8]
		at reactor.netty.channel.FluxReceive.onInboundNext(FluxReceive.java:401) ~[reactor-netty-core-1.2.8.jar:1.2.8]
		at reactor.netty.channel.ChannelOperations.onInboundNext(ChannelOperations.java:435) ~[reactor-netty-core-1.2.8.jar:1.2.8]
		at reactor.netty.channel.ChannelOperationsHandler.channelRead(ChannelOperationsHandler.java:115) ~[reactor-netty-core-1.2.8.jar:1.2.8]
		at io.netty.channel.AbstractChannelHandlerContext.invokeChannelRead(AbstractChannelHandlerContext.java:444) ~[netty-transport-4.1.123.Final.jar:4.1.123.Final]
		at io.netty.channel.AbstractChannelHandlerContext.invokeChannelRead(AbstractChannelHandlerContext.java:420) ~[netty-transport-4.1.123.Final.jar:4.1.123.Final]
		at io.netty.channel.AbstractChannelHandlerContext.fireChannelRead(AbstractChannelHandlerContext.java:412) ~[netty-transport-4.1.123.Final.jar:4.1.123.Final]
		at io.netty.handler.codec.ByteToMessageDecoder.fireChannelRead(ByteToMessageDecoder.java:346) ~[netty-codec-4.1.123.Final.jar:4.1.123.Final]
		at io.netty.handler.codec.ByteToMessageDecoder.fireChannelRead(ByteToMessageDecoder.java:333) ~[netty-codec-4.1.123.Final.jar:4.1.123.Final]
		at io.netty.handler.codec.ByteToMessageDecoder.callDecode(ByteToMessageDecoder.java:455) ~[netty-codec-4.1.123.Final.jar:4.1.123.Final]
		at io.netty.handler.codec.ByteToMessageDecoder.channelRead(ByteToMessageDecoder.java:290) ~[netty-codec-4.1.123.Final.jar:4.1.123.Final]
		at io.netty.channel.AbstractChannelHandlerContext.invokeChannelRead(AbstractChannelHandlerContext.java:444) ~[netty-transport-4.1.123.Final.jar:4.1.123.Final]
		at io.netty.channel.AbstractChannelHandlerContext.invokeChannelRead(AbstractChannelHandlerContext.java:420) ~[netty-transport-4.1.123.Final.jar:4.1.123.Final]
		at io.netty.channel.AbstractChannelHandlerContext.fireChannelRead(AbstractChannelHandlerContext.java:412) ~[netty-transport-4.1.123.Final.jar:4.1.123.Final]
		at io.netty.channel.DefaultChannelPipeline$HeadContext.channelRead(DefaultChannelPipeline.java:1357) ~[netty-transport-4.1.123.Final.jar:4.1.123.Final]
		at io.netty.channel.AbstractChannelHandlerContext.invokeChannelRead(AbstractChannelHandlerContext.java:440) ~[netty-transport-4.1.123.Final.jar:4.1.123.Final]
		at io.netty.channel.AbstractChannelHandlerContext.invokeChannelRead(AbstractChannelHandlerContext.java:420) ~[netty-transport-4.1.123.Final.jar:4.1.123.Final]
		at io.netty.channel.DefaultChannelPipeline.fireChannelRead(DefaultChannelPipeline.java:868) ~[netty-transport-4.1.123.Final.jar:4.1.123.Final]
		at io.netty.channel.nio.AbstractNioByteChannel$NioByteUnsafe.read(AbstractNioByteChannel.java:166) ~[netty-transport-4.1.123.Final.jar:4.1.123.Final]
		at io.netty.channel.nio.NioEventLoop.processSelectedKey(NioEventLoop.java:796) ~[netty-transport-4.1.123.Final.jar:4.1.123.Final]
		at io.netty.channel.nio.NioEventLoop.processSelectedKeysOptimized(NioEventLoop.java:732) ~[netty-transport-4.1.123.Final.jar:4.1.123.Final]
		at io.netty.channel.nio.NioEventLoop.processSelectedKeys(NioEventLoop.java:658) ~[netty-transport-4.1.123.Final.jar:4.1.123.Final]
		at io.netty.channel.nio.NioEventLoop.run(NioEventLoop.java:562) ~[netty-transport-4.1.123.Final.jar:4.1.123.Final]
		at io.netty.util.concurrent.SingleThreadEventExecutor$4.run(SingleThreadEventExecutor.java:998) ~[netty-common-4.1.123.Final.jar:4.1.123.Final]
		at io.netty.util.internal.ThreadExecutorMap$2.run(ThreadExecutorMap.java:74) ~[netty-common-4.1.123.Final.jar:4.1.123.Final]
		at io.netty.util.concurrent.FastThreadLocalRunnable.run(FastThreadLocalRunnable.java:30) ~[netty-common-4.1.123.Final.jar:4.1.123.Final]
		at java.base/java.lang.Thread.run(Thread.java:1447) ~[na:na]

2025-09-08T19:26:28.682-05:00 ERROR 32388 --- [ReactiveProject] [reactor-tcp-nio-1] c.c.p.api.excepcions.GlobalErrorHandler  : Error capturado globalmente: 

org.springframework.dao.IncorrectResultSizeDataAccessException: Query [SELECT usuario.idusuario, usuario.nombre, usuario.apellido, usuario.correoElectronico, usuario.fechaNacimiento, usuario.direccion, usuario.telefono, usuario.salarioBase, usuario.documento_identidad, usuario.contrasena, usuario.id_rol, usuario.intentos FROM usuario WHERE usuario.correoElectronico = ?] returned non unique result.
	at org.springframework.r2dbc.core.DefaultFetchSpec.lambda$one$0(DefaultFetchSpec.java:65) ~[spring-r2dbc-6.2.9.jar:6.2.9]
	Suppressed: reactor.core.publisher.FluxOnAssembly$OnAssemblyException: 
Assembly trace from producer [reactor.core.publisher.MonoError] :

Error has been observed at the following site(s):
	*_______Mono.onErrorMap ⇢ at org.springframework.r2dbc.core.DefaultFetchSpec.one(DefaultFetchSpec.java:63)
	|_         Mono.flatMap ⇢ at org.springframework.data.r2dbc.core.R2dbcEntityTemplate$EntityCallbackAdapter.one(R2dbcEntityTemplate.java:930)
	|_             Mono.map ⇢ at org.springframework.data.repository.util.ReactiveWrapperConverters$MonoWrapper.map(ReactiveWrapperConverters.java:265)
	*______Mono.flatMapMany ⇢ at org.springframework.data.r2dbc.repository.query.AbstractR2dbcQuery.lambda$execute$1(AbstractR2dbcQuery.java:78)
	*______Mono.flatMapMany ⇢ at org.springframework.data.r2dbc.repository.query.AbstractR2dbcQuery.execute(AbstractR2dbcQuery.java:78)
	*________Flux.usingWhen ⇢ at org.springframework.data.repository.core.support.RepositoryMethodInvoker$ReactiveInvocationListenerDecorator.decorate(RepositoryMethodInvoker.java:235)
	|_            Mono.from ⇢ at org.springframework.data.repository.util.ReactiveWrapperConverters$PublisherToMonoConverter.convert(ReactiveWrapperConverters.java:486)
	*________Mono.usingWhen ⇢ at org.springframework.transaction.interceptor.TransactionAspectSupport$ReactiveTransactionSupport.lambda$invokeWithinTransaction$1(TransactionAspectSupport.java:925)
	|_      Mono.onErrorMap ⇢ at org.springframework.transaction.interceptor.TransactionAspectSupport$ReactiveTransactionSupport.lambda$invokeWithinTransaction$1(TransactionAspectSupport.java:938)
	*__________Mono.flatMap ⇢ at org.springframework.transaction.interceptor.TransactionAspectSupport$ReactiveTransactionSupport.invokeWithinTransaction(TransactionAspectSupport.java:924)
	|_    Mono.contextWrite ⇢ at org.springframework.transaction.interceptor.TransactionAspectSupport$ReactiveTransactionSupport.invokeWithinTransaction(TransactionAspectSupport.java:939)
	|_    Mono.contextWrite ⇢ at org.springframework.transaction.interceptor.TransactionAspectSupport$ReactiveTransactionSupport.invokeWithinTransaction(TransactionAspectSupport.java:940)
	|_   Mono.switchIfEmpty ⇢ at co.com.pragma.usecase.usuario.JwtUseCase.login(JwtUseCase.java:26)
	|_         Mono.flatMap ⇢ at co.com.pragma.usecase.usuario.JwtUseCase.login(JwtUseCase.java:27)
	*__________Mono.flatMap ⇢ at co.com.pragma.api.Handler.listenPOSTgenerarToken(Handler.java:87)
	|_             Mono.map ⇢ at co.com.pragma.api.Handler.listenPOSTgenerarToken(Handler.java:88)
	|_         Mono.flatMap ⇢ at co.com.pragma.api.Handler.listenPOSTgenerarToken(Handler.java:89)
	|_   Mono.doOnSubscribe ⇢ at co.com.pragma.api.Handler.listenPOSTgenerarToken(Handler.java:94)
	|_     Mono.doOnSuccess ⇢ at co.com.pragma.api.Handler.listenPOSTgenerarToken(Handler.java:95)
	|_       Mono.doOnError ⇢ at co.com.pragma.api.Handler.listenPOSTgenerarToken(Handler.java:96)
	|_             Mono.map ⇢ at org.springframework.web.reactive.function.server.support.HandlerFunctionAdapter.handle(HandlerFunctionAdapter.java:62)
	|_   Mono.onErrorResume ⇢ at org.springframework.web.reactive.DispatcherHandler.handleResultMono(DispatcherHandler.java:168)
	|_         Mono.flatMap ⇢ at org.springframework.web.reactive.DispatcherHandler.handleResultMono(DispatcherHandler.java:172)
	*____________Mono.error ⇢ at org.springframework.web.reactive.result.method.annotation.RequestMappingHandlerAdapter.handleException(RequestMappingHandlerAdapter.java:340)
	*__________Mono.flatMap ⇢ at org.springframework.web.reactive.DispatcherHandler.handle(DispatcherHandler.java:154)
	*____________Mono.defer ⇢ at org.springframework.web.server.handler.DefaultWebFilterChain.filter(DefaultWebFilterChain.java:106)
	|_           checkpoint ⇢ org.springframework.web.cors.reactive.CorsWebFilter [DefaultWebFilterChain]
	*____________Mono.defer ⇢ at org.springframework.web.server.handler.DefaultWebFilterChain.filter(DefaultWebFilterChain.java:106)
	|_           checkpoint ⇢ co.com.pragma.api.config.SecurityHeadersConfig [DefaultWebFilterChain]
	*____________Mono.defer ⇢ at org.springframework.web.server.handler.DefaultWebFilterChain.filter(DefaultWebFilterChain.java:106)
	|_     Mono.doOnSuccess ⇢ at org.springframework.security.web.server.ObservationWebFilterChainDecorator$WebFilterObservation$SimpleWebFilterObservation.lambda$wrap$6(ObservationWebFilterChainDecorator.java:560)
	|_      Mono.doOnCancel ⇢ at org.springframework.security.web.server.ObservationWebFilterChainDecorator$WebFilterObservation$SimpleWebFilterObservation.lambda$wrap$6(ObservationWebFilterChainDecorator.java:561)
	|_       Mono.doOnError ⇢ at org.springframework.security.web.server.ObservationWebFilterChainDecorator$WebFilterObservation$SimpleWebFilterObservation.lambda$wrap$6(ObservationWebFilterChainDecorator.java:562)
	|_    Mono.contextWrite ⇢ at org.springframework.security.web.server.ObservationWebFilterChainDecorator$WebFilterObservation$SimpleWebFilterObservation.lambda$wrap$6(ObservationWebFilterChainDecorator.java:566)
	|_     Mono.doOnSuccess ⇢ at org.springframework.security.web.server.ObservationWebFilterChainDecorator$AroundWebFilterObservation$SimpleAroundWebFilterObservation.lambda$wrap$2(ObservationWebFilterChainDecorator.java:351)
	|_      Mono.doOnCancel ⇢ at org.springframework.security.web.server.ObservationWebFilterChainDecorator$AroundWebFilterObservation$SimpleAroundWebFilterObservation.lambda$wrap$2(ObservationWebFilterChainDecorator.java:352)
	|_       Mono.doOnError ⇢ at org.springframework.security.web.server.ObservationWebFilterChainDecorator$AroundWebFilterObservation$SimpleAroundWebFilterObservation.lambda$wrap$2(ObservationWebFilterChainDecorator.java:353)
	*__Mono.deferContextual ⇢ at org.springframework.security.web.server.ObservationWebFilterChainDecorator.lambda$wrapSecured$1(ObservationWebFilterChainDecorator.java:76)
	*____________Mono.defer ⇢ at org.springframework.security.web.server.ObservationWebFilterChainDecorator$ObservationWebFilterChain.filter(ObservationWebFilterChainDecorator.java:152)
	*____Mono.switchIfEmpty ⇢ at org.springframework.security.web.server.authorization.AuthorizationWebFilter.filter(AuthorizationWebFilter.java:56)
	|_     Mono.doOnSuccess ⇢ at org.springframework.security.web.server.ObservationWebFilterChainDecorator$ObservationWebFilter.wrapFilter(ObservationWebFilterChainDecorator.java:211)
	|_           checkpoint ⇢ AuthorizationWebFilter [DefaultWebFilterChain]
	*____________Mono.defer ⇢ at org.springframework.security.web.server.ObservationWebFilterChainDecorator$ObservationWebFilterChain.filter(ObservationWebFilterChainDecorator.java:152)
	|_   Mono.onErrorResume ⇢ at org.springframework.security.web.server.authorization.ExceptionTranslationWebFilter.filter(ExceptionTranslationWebFilter.java:53)
	|_     Mono.doOnSuccess ⇢ at org.springframework.security.web.server.ObservationWebFilterChainDecorator$ObservationWebFilter.wrapFilter(ObservationWebFilterChainDecorator.java:211)
	|_           checkpoint ⇢ ExceptionTranslationWebFilter [DefaultWebFilterChain]
	*____________Mono.defer ⇢ at org.springframework.security.web.server.ObservationWebFilterChainDecorator$ObservationWebFilterChain.filter(ObservationWebFilterChainDecorator.java:152)
	*__________Mono.flatMap ⇢ at org.springframework.security.web.server.savedrequest.ServerRequestCacheWebFilter.filter(ServerRequestCacheWebFilter.java:41)
	|_     Mono.doOnSuccess ⇢ at org.springframework.security.web.server.ObservationWebFilterChainDecorator$ObservationWebFilter.wrapFilter(ObservationWebFilterChainDecorator.java:211)
	|_           checkpoint ⇢ ServerRequestCacheWebFilter [DefaultWebFilterChain]
	*____________Mono.defer ⇢ at org.springframework.security.web.server.ObservationWebFilterChainDecorator$ObservationWebFilterChain.filter(ObservationWebFilterChainDecorator.java:152)
	|_     Mono.doOnSuccess ⇢ at org.springframework.security.web.server.ObservationWebFilterChainDecorator$ObservationWebFilter.wrapFilter(ObservationWebFilterChainDecorator.java:211)
	|_           checkpoint ⇢ SecurityContextServerWebExchangeWebFilter [DefaultWebFilterChain]
	*____________Mono.defer ⇢ at org.springframework.security.web.server.ObservationWebFilterChainDecorator$ObservationWebFilterChain.filter(ObservationWebFilterChainDecorator.java:152)
	|_    Mono.contextWrite ⇢ at org.springframework.security.web.server.context.ReactorContextWebFilter.filter(ReactorContextWebFilter.java:48)
	|_     Mono.doOnSuccess ⇢ at org.springframework.security.web.server.ObservationWebFilterChainDecorator$ObservationWebFilter.wrapFilter(ObservationWebFilterChainDecorator.java:211)
	|_           checkpoint ⇢ ReactorContextWebFilter [DefaultWebFilterChain]
	*____________Mono.defer ⇢ at org.springframework.security.web.server.ObservationWebFilterChainDecorator$ObservationWebFilterChain.filter(ObservationWebFilterChainDecorator.java:152)
	|_     Mono.doOnSuccess ⇢ at org.springframework.security.web.server.ObservationWebFilterChainDecorator$ObservationWebFilter.wrapFilter(ObservationWebFilterChainDecorator.java:211)
	|_           checkpoint ⇢ HttpHeaderWriterWebFilter [DefaultWebFilterChain]
	*____________Mono.defer ⇢ at org.springframework.security.web.server.ObservationWebFilterChainDecorator$ObservationWebFilterChain.filter(ObservationWebFilterChainDecorator.java:152)
	|_    Mono.contextWrite ⇢ at org.springframework.security.config.web.server.ServerHttpSecurity$ServerWebExchangeReactorContextWebFilter.filter(ServerHttpSecurity.java:4059)
	|_     Mono.doOnSuccess ⇢ at org.springframework.security.web.server.ObservationWebFilterChainDecorator$ObservationWebFilter.wrapFilter(ObservationWebFilterChainDecorator.java:211)
	|_     Mono.doOnSuccess ⇢ at org.springframework.security.web.server.ObservationWebFilterChainDecorator$AroundWebFilterObservation$SimpleAroundWebFilterObservation.lambda$wrap$6(ObservationWebFilterChainDecorator.java:367)
	|_      Mono.doOnCancel ⇢ at org.springframework.security.web.server.ObservationWebFilterChainDecorator$AroundWebFilterObservation$SimpleAroundWebFilterObservation.lambda$wrap$6(ObservationWebFilterChainDecorator.java:368)
	|_       Mono.doOnError ⇢ at org.springframework.security.web.server.ObservationWebFilterChainDecorator$AroundWebFilterObservation$SimpleAroundWebFilterObservation.lambda$wrap$6(ObservationWebFilterChainDecorator.java:369)
	|_    Mono.contextWrite ⇢ at org.springframework.security.web.server.ObservationWebFilterChainDecorator$AroundWebFilterObservation$SimpleAroundWebFilterObservation.lambda$wrap$6(ObservationWebFilterChainDecorator.java:373)
	*__Mono.deferContextual ⇢ at org.springframework.security.web.server.ObservationWebFilterChainDecorator$ObservationWebFilter.filter(ObservationWebFilterChainDecorator.java:193)
	|_           checkpoint ⇢ ServerWebExchangeReactorContextWebFilter [DefaultWebFilterChain]
	*____________Mono.defer ⇢ at org.springframework.security.web.server.ObservationWebFilterChainDecorator$ObservationWebFilterChain.filter(ObservationWebFilterChainDecorator.java:152)
	*__________Mono.flatMap ⇢ at org.springframework.security.web.server.WebFilterChainProxy.filterFirewalledExchange(WebFilterChainProxy.java:78)
	*__________Mono.flatMap ⇢ at org.springframework.security.web.server.WebFilterChainProxy.filter(WebFilterChainProxy.java:65)
	|_   Mono.onErrorResume ⇢ at org.springframework.security.web.server.WebFilterChainProxy.filter(WebFilterChainProxy.java:66)
	|_           checkpoint ⇢ org.springframework.security.web.server.WebFilterChainProxy [DefaultWebFilterChain]
	*____________Mono.defer ⇢ at org.springframework.web.server.handler.DefaultWebFilterChain.filter(DefaultWebFilterChain.java:106)
	|_       Mono.doOnError ⇢ at org.springframework.web.server.handler.ExceptionHandlingWebHandler.handle(ExceptionHandlingWebHandler.java:84)
	|_   Mono.onErrorResume ⇢ at org.springframework.web.server.handler.ExceptionHandlingWebHandler.handle(ExceptionHandlingWebHandler.java:85)
	|_       Mono.doOnError ⇢ at org.springframework.web.server.handler.ExceptionHandlingWebHandler.handle(ExceptionHandlingWebHandler.java:84)
	*____________Mono.error ⇢ at org.springframework.web.server.handler.ExceptionHandlingWebHandler$CheckpointInsertingHandler.handle(ExceptionHandlingWebHandler.java:106)
	|_           checkpoint ⇢ HTTP POST "/api/v1/login" [ExceptionHandlingWebHandler]
Original Stack Trace:
		at org.springframework.r2dbc.core.DefaultFetchSpec.lambda$one$0(DefaultFetchSpec.java:65) ~[spring-r2dbc-6.2.9.jar:6.2.9]
		at reactor.core.publisher.Mono.lambda$onErrorMap$28(Mono.java:3848) ~[reactor-core-3.7.8.jar:3.7.8]
		at reactor.core.publisher.Mono.lambda$onErrorResume$30(Mono.java:3938) ~[reactor-core-3.7.8.jar:3.7.8]
		at reactor.core.publisher.FluxOnErrorResume$ResumeSubscriber.onError(FluxOnErrorResume.java:94) ~[reactor-core-3.7.8.jar:3.7.8]
		at reactor.core.publisher.MonoSingle$SingleSubscriber.onError(MonoSingle.java:150) ~[reactor-core-3.7.8.jar:3.7.8]
		at reactor.core.publisher.MonoSingle$SingleSubscriber.onNext(MonoSingle.java:134) ~[reactor-core-3.7.8.jar:3.7.8]
		at reactor.core.publisher.FluxOnErrorResume$ResumeSubscriber.onNext(FluxOnErrorResume.java:79) ~[reactor-core-3.7.8.jar:3.7.8]
		at reactor.core.publisher.FluxUsingWhen$UsingWhenSubscriber.onNext(FluxUsingWhen.java:348) ~[reactor-core-3.7.8.jar:3.7.8]
		at reactor.core.publisher.FluxFlatMap$FlatMapMain.tryEmit(FluxFlatMap.java:547) ~[reactor-core-3.7.8.jar:3.7.8]
		at reactor.core.publisher.FluxFlatMap$FlatMapInner.onNext(FluxFlatMap.java:988) ~[reactor-core-3.7.8.jar:3.7.8]
		at reactor.core.publisher.FluxHandleFuseable$HandleFuseableSubscriber.onNext(FluxHandleFuseable.java:194) ~[reactor-core-3.7.8.jar:3.7.8]
		at reactor.core.publisher.FluxHandleFuseable$HandleFuseableConditionalSubscriber.onNext(FluxHandleFuseable.java:505) ~[reactor-core-3.7.8.jar:3.7.8]
		at reactor.core.publisher.FluxContextWrite$ContextWriteSubscriber.onNext(FluxContextWrite.java:107) ~[reactor-core-3.7.8.jar:3.7.8]
		at io.asyncer.r2dbc.mysql.internal.util.DiscardOnCancelSubscriber.onNext(DiscardOnCancelSubscriber.java:66) ~[r2dbc-mysql-1.4.1.jar:1.4.1]
		at reactor.core.publisher.FluxWindowPredicate$WindowFlux.drainRegular(FluxWindowPredicate.java:670) ~[reactor-core-3.7.8.jar:3.7.8]
		at reactor.core.publisher.FluxWindowPredicate$WindowFlux.drain(FluxWindowPredicate.java:748) ~[reactor-core-3.7.8.jar:3.7.8]
		at reactor.core.publisher.FluxWindowPredicate$WindowFlux.onNext(FluxWindowPredicate.java:790) ~[reactor-core-3.7.8.jar:3.7.8]
		at reactor.core.publisher.FluxWindowPredicate$WindowPredicateMain.onNext(FluxWindowPredicate.java:268) ~[reactor-core-3.7.8.jar:3.7.8]
		at reactor.core.publisher.MonoFlatMapMany$FlatMapManyInner.onNext(MonoFlatMapMany.java:251) ~[reactor-core-3.7.8.jar:3.7.8]
		at reactor.core.publisher.FluxPeekFuseable$PeekFuseableSubscriber.onNext(FluxPeekFuseable.java:210) ~[reactor-core-3.7.8.jar:3.7.8]
		at reactor.core.publisher.FluxContextWrite$ContextWriteSubscriber.onNext(FluxContextWrite.java:107) ~[reactor-core-3.7.8.jar:3.7.8]
		at io.asyncer.r2dbc.mysql.internal.util.DiscardOnCancelSubscriber.onNext(DiscardOnCancelSubscriber.java:66) ~[r2dbc-mysql-1.4.1.jar:1.4.1]
		at reactor.core.publisher.FluxPeekFuseable$PeekFuseableConditionalSubscriber.onNext(FluxPeekFuseable.java:503) ~[reactor-core-3.7.8.jar:3.7.8]
		at reactor.core.publisher.FluxHandleFuseable$HandleFuseableConditionalSubscriber.onNext(FluxHandleFuseable.java:505) ~[reactor-core-3.7.8.jar:3.7.8]
		at reactor.core.publisher.FluxPeekFuseable$PeekConditionalSubscriber.onNext(FluxPeekFuseable.java:854) ~[reactor-core-3.7.8.jar:3.7.8]
		at reactor.core.publisher.SinkManyEmitterProcessor.drain(SinkManyEmitterProcessor.java:476) ~[reactor-core-3.7.8.jar:3.7.8]
		at reactor.core.publisher.SinkManyEmitterProcessor.tryEmitNext(SinkManyEmitterProcessor.java:273) ~[reactor-core-3.7.8.jar:3.7.8]
		at reactor.core.publisher.SinkManySerialized.tryEmitNext(SinkManySerialized.java:100) ~[reactor-core-3.7.8.jar:3.7.8]
		at reactor.core.publisher.InternalManySink.emitNext(InternalManySink.java:27) ~[reactor-core-3.7.8.jar:3.7.8]
		at io.asyncer.r2dbc.mysql.client.ReactorNettyClient$ResponseSink.next(ReactorNettyClient.java:395) ~[r2dbc-mysql-1.4.1.jar:1.4.1]
		at io.asyncer.r2dbc.mysql.client.ReactorNettyClient.lambda$new$0(ReactorNettyClient.java:119) ~[r2dbc-mysql-1.4.1.jar:1.4.1]
		at reactor.core.publisher.FluxPeek$PeekSubscriber.onNext(FluxPeek.java:185) ~[reactor-core-3.7.8.jar:3.7.8]
		at reactor.netty.channel.FluxReceive.drainReceiver(FluxReceive.java:292) ~[reactor-netty-core-1.2.8.jar:1.2.8]
		at reactor.netty.channel.FluxReceive.onInboundNext(FluxReceive.java:401) ~[reactor-netty-core-1.2.8.jar:1.2.8]
		at reactor.netty.channel.ChannelOperations.onInboundNext(ChannelOperations.java:435) ~[reactor-netty-core-1.2.8.jar:1.2.8]
		at reactor.netty.channel.ChannelOperationsHandler.channelRead(ChannelOperationsHandler.java:115) ~[reactor-netty-core-1.2.8.jar:1.2.8]
		at io.netty.channel.AbstractChannelHandlerContext.invokeChannelRead(AbstractChannelHandlerContext.java:444) ~[netty-transport-4.1.123.Final.jar:4.1.123.Final]
		at io.netty.channel.AbstractChannelHandlerContext.invokeChannelRead(AbstractChannelHandlerContext.java:420) ~[netty-transport-4.1.123.Final.jar:4.1.123.Final]
		at io.netty.channel.AbstractChannelHandlerContext.fireChannelRead(AbstractChannelHandlerContext.java:412) ~[netty-transport-4.1.123.Final.jar:4.1.123.Final]
		at io.netty.handler.codec.ByteToMessageDecoder.fireChannelRead(ByteToMessageDecoder.java:346) ~[netty-codec-4.1.123.Final.jar:4.1.123.Final]
		at io.netty.handler.codec.ByteToMessageDecoder.fireChannelRead(ByteToMessageDecoder.java:333) ~[netty-codec-4.1.123.Final.jar:4.1.123.Final]
		at io.netty.handler.codec.ByteToMessageDecoder.callDecode(ByteToMessageDecoder.java:455) ~[netty-codec-4.1.123.Final.jar:4.1.123.Final]
		at io.netty.handler.codec.ByteToMessageDecoder.channelRead(ByteToMessageDecoder.java:290) ~[netty-codec-4.1.123.Final.jar:4.1.123.Final]
		at io.netty.channel.AbstractChannelHandlerContext.invokeChannelRead(AbstractChannelHandlerContext.java:444) ~[netty-transport-4.1.123.Final.jar:4.1.123.Final]
		at io.netty.channel.AbstractChannelHandlerContext.invokeChannelRead(AbstractChannelHandlerContext.java:420) ~[netty-transport-4.1.123.Final.jar:4.1.123.Final]
		at io.netty.channel.AbstractChannelHandlerContext.fireChannelRead(AbstractChannelHandlerContext.java:412) ~[netty-transport-4.1.123.Final.jar:4.1.123.Final]
		at io.netty.channel.DefaultChannelPipeline$HeadContext.channelRead(DefaultChannelPipeline.java:1357) ~[netty-transport-4.1.123.Final.jar:4.1.123.Final]
		at io.netty.channel.AbstractChannelHandlerContext.invokeChannelRead(AbstractChannelHandlerContext.java:440) ~[netty-transport-4.1.123.Final.jar:4.1.123.Final]
		at io.netty.channel.AbstractChannelHandlerContext.invokeChannelRead(AbstractChannelHandlerContext.java:420) ~[netty-transport-4.1.123.Final.jar:4.1.123.Final]
		at io.netty.channel.DefaultChannelPipeline.fireChannelRead(DefaultChannelPipeline.java:868) ~[netty-transport-4.1.123.Final.jar:4.1.123.Final]
		at io.netty.channel.nio.AbstractNioByteChannel$NioByteUnsafe.read(AbstractNioByteChannel.java:166) ~[netty-transport-4.1.123.Final.jar:4.1.123.Final]
		at io.netty.channel.nio.NioEventLoop.processSelectedKey(NioEventLoop.java:796) ~[netty-transport-4.1.123.Final.jar:4.1.123.Final]
		at io.netty.channel.nio.NioEventLoop.processSelectedKeysOptimized(NioEventLoop.java:732) ~[netty-transport-4.1.123.Final.jar:4.1.123.Final]
		at io.netty.channel.nio.NioEventLoop.processSelectedKeys(NioEventLoop.java:658) ~[netty-transport-4.1.123.Final.jar:4.1.123.Final]
		at io.netty.channel.nio.NioEventLoop.run(NioEventLoop.java:562) ~[netty-transport-4.1.123.Final.jar:4.1.123.Final]
		at io.netty.util.concurrent.SingleThreadEventExecutor$4.run(SingleThreadEventExecutor.java:998) ~[netty-common-4.1.123.Final.jar:4.1.123.Final]
		at io.netty.util.internal.ThreadExecutorMap$2.run(ThreadExecutorMap.java:74) ~[netty-common-4.1.123.Final.jar:4.1.123.Final]
		at io.netty.util.concurrent.FastThreadLocalRunnable.run(FastThreadLocalRunnable.java:30) ~[netty-common-4.1.123.Final.jar:4.1.123.Final]
		at java.base/java.lang.Thread.run(Thread.java:1447) ~[na:na]

2025-09-08T19:26:45.925-05:00 DEBUG 32388 --- [ReactiveProject] [reactor-http-nio-3] co.com.pragma.api.Handler                : Iniciando flujo para generar token
2025-09-08T19:26:46.367-05:00 DEBUG 32388 --- [ReactiveProject] [reactor-tcp-nio-1] co.com.pragma.api.Handler                : Respuesta construida correctamente
2025-09-08T19:28:54.352-05:00 DEBUG 32388 --- [ReactiveProject] [reactor-http-nio-5] co.com.pragma.api.Handler                : Iniciando flujo de guardado de usuario
2025-09-08T19:28:54.430-05:00  INFO 32388 --- [ReactiveProject] [reactor-http-nio-5] co.com.pragma.api.Handler                : Petición recibida con usuario: RequestGuardarUsuarioDto[nombre=Ana, apellido=García, correoElectronico=ana.garcia@example.com, fechaNacimiento=1990-05-20, direccion=Calle 123 #45-67, telefono=3001234567, salarioBase=2500, password=prueba123, documentoIdentidad=123456789]
2025-09-08T19:28:54.833-05:00 DEBUG 32388 --- [ReactiveProject] [reactor-tcp-nio-1] co.com.pragma.api.Handler                : Respuesta construida correctamente
2025-09-08T19:29:32.127-05:00 DEBUG 32388 --- [ReactiveProject] [reactor-http-nio-5] co.com.pragma.api.Handler                : Iniciando flujo para generar token
2025-09-08T19:29:32.263-05:00 DEBUG 32388 --- [ReactiveProject] [reactor-tcp-nio-1] co.com.pragma.api.Handler                : Respuesta construida correctamente
2025-09-08T19:47:34.741-05:00 DEBUG 32388 --- [ReactiveProject] [reactor-http-nio-7] co.com.pragma.api.Handler                : Iniciando flujo para generar token
2025-09-08T19:47:35.735-05:00 DEBUG 32388 --- [ReactiveProject] [reactor-tcp-nio-1] co.com.pragma.api.Handler                : Respuesta construida correctamente
2025-09-08T19:47:45.916-05:00 DEBUG 32388 --- [ReactiveProject] [reactor-http-nio-7] co.com.pragma.api.Handler                : Iniciando flujo para generar token
2025-09-08T19:47:46.766-05:00 ERROR 32388 --- [ReactiveProject] [reactor-tcp-nio-1] co.com.pragma.api.Handler                : Error al guardar usuario

co.com.pragma.usecase.usuario.excepcions.CredencialesInvalidasException: Credenciales inválidas. Intentos: 1
	at co.com.pragma.usecase.usuario.JwtUseCase.lambda$login$0(JwtUseCase.java:36) ~[main/:na]
	Suppressed: reactor.core.publisher.FluxOnAssembly$OnAssemblyException: 
Assembly trace from producer [reactor.core.publisher.MonoIgnoreThen] :
	reactor.core.publisher.Mono.then(Mono.java:4879)
	co.com.pragma.usecase.usuario.JwtUseCase.lambda$login$0(JwtUseCase.java:37)
Error has been observed at the following site(s):
	*___________Mono.then ⇢ at co.com.pragma.usecase.usuario.JwtUseCase.lambda$login$0(JwtUseCase.java:37)
	*________Mono.flatMap ⇢ at co.com.pragma.usecase.usuario.JwtUseCase.login(JwtUseCase.java:27)
	*________Mono.flatMap ⇢ at co.com.pragma.api.Handler.listenPOSTgenerarToken(Handler.java:87)
	|_           Mono.map ⇢ at co.com.pragma.api.Handler.listenPOSTgenerarToken(Handler.java:88)
	|_       Mono.flatMap ⇢ at co.com.pragma.api.Handler.listenPOSTgenerarToken(Handler.java:89)
	|_ Mono.doOnSubscribe ⇢ at co.com.pragma.api.Handler.listenPOSTgenerarToken(Handler.java:94)
	|_   Mono.doOnSuccess ⇢ at co.com.pragma.api.Handler.listenPOSTgenerarToken(Handler.java:95)
Original Stack Trace:
		at co.com.pragma.usecase.usuario.JwtUseCase.lambda$login$0(JwtUseCase.java:36) ~[main/:na]
		at reactor.core.publisher.MonoFlatMap$FlatMapMain.onNext(MonoFlatMap.java:132) ~[reactor-core-3.7.8.jar:3.7.8]
		at reactor.core.publisher.FluxSwitchIfEmpty$SwitchIfEmptySubscriber.onNext(FluxSwitchIfEmpty.java:74) ~[reactor-core-3.7.8.jar:3.7.8]
		at reactor.core.publisher.FluxContextWrite$ContextWriteSubscriber.onNext(FluxContextWrite.java:107) ~[reactor-core-3.7.8.jar:3.7.8]
		at reactor.core.publisher.FluxContextWrite$ContextWriteSubscriber.onNext(FluxContextWrite.java:107) ~[reactor-core-3.7.8.jar:3.7.8]
		at reactor.core.publisher.MonoFlatMap$FlatMapMain.secondComplete(MonoFlatMap.java:245) ~[reactor-core-3.7.8.jar:3.7.8]
		at reactor.core.publisher.MonoFlatMap$FlatMapInner.onNext(MonoFlatMap.java:305) ~[reactor-core-3.7.8.jar:3.7.8]
		at reactor.core.publisher.FluxOnErrorResume$ResumeSubscriber.onNext(FluxOnErrorResume.java:79) ~[reactor-core-3.7.8.jar:3.7.8]
		at reactor.core.publisher.MonoUsingWhen$MonoUsingWhenSubscriber.deferredComplete(MonoUsingWhen.java:268) ~[reactor-core-3.7.8.jar:3.7.8]
		at reactor.core.publisher.FluxUsingWhen$CommitInner.onComplete(FluxUsingWhen.java:532) ~[reactor-core-3.7.8.jar:3.7.8]
		at reactor.core.publisher.MonoFlatMap$FlatMapMain.secondComplete(MonoFlatMap.java:250) ~[reactor-core-3.7.8.jar:3.7.8]
		at reactor.core.publisher.MonoFlatMap$FlatMapInner.onComplete(MonoFlatMap.java:324) ~[reactor-core-3.7.8.jar:3.7.8]
		at reactor.core.publisher.MonoIgnoreThen$ThenIgnoreMain.onComplete(MonoIgnoreThen.java:210) ~[reactor-core-3.7.8.jar:3.7.8]
		at reactor.core.publisher.MonoIgnoreThen$ThenIgnoreMain.onComplete(MonoIgnoreThen.java:210) ~[reactor-core-3.7.8.jar:3.7.8]
		at reactor.core.publisher.FluxOnErrorReturn$ReturnSubscriber.onComplete(FluxOnErrorReturn.java:169) ~[reactor-core-3.7.8.jar:3.7.8]
		at reactor.core.publisher.Operators$MultiSubscriptionSubscriber.onComplete(Operators.java:2230) ~[reactor-core-3.7.8.jar:3.7.8]
		at reactor.core.publisher.Operators$MultiSubscriptionSubscriber.onComplete(Operators.java:2230) ~[reactor-core-3.7.8.jar:3.7.8]
		at reactor.core.publisher.MonoFlatMap$FlatMapMain.secondComplete(MonoFlatMap.java:250) ~[reactor-core-3.7.8.jar:3.7.8]
		at reactor.core.publisher.MonoFlatMap$FlatMapInner.onComplete(MonoFlatMap.java:324) ~[reactor-core-3.7.8.jar:3.7.8]
		at reactor.core.publisher.FluxPeekFuseable$PeekFuseableSubscriber.onComplete(FluxPeekFuseable.java:277) ~[reactor-core-3.7.8.jar:3.7.8]
		at reactor.core.publisher.Operators$MultiSubscriptionSubscriber.onComplete(Operators.java:2230) ~[reactor-core-3.7.8.jar:3.7.8]
		at reactor.core.publisher.MonoIgnoreThen$ThenIgnoreMain.onComplete(MonoIgnoreThen.java:210) ~[reactor-core-3.7.8.jar:3.7.8]
		at reactor.core.publisher.MonoIgnoreThen$ThenIgnoreMain.onComplete(MonoIgnoreThen.java:210) ~[reactor-core-3.7.8.jar:3.7.8]
		at reactor.pool.SimpleDequePool.maybeRecycleAndDrain(SimpleDequePool.java:547) ~[reactor-pool-1.1.3.jar:1.1.3]
		at reactor.pool.SimpleDequePool$QueuePoolRecyclerInner.onComplete(SimpleDequePool.java:788) ~[reactor-pool-1.1.3.jar:1.1.3]
		at reactor.core.publisher.Operators.complete(Operators.java:137) ~[reactor-core-3.7.8.jar:3.7.8]
		at reactor.core.publisher.MonoEmpty.subscribe(MonoEmpty.java:46) ~[reactor-core-3.7.8.jar:3.7.8]
		at reactor.core.publisher.Mono.subscribe(Mono.java:4576) ~[reactor-core-3.7.8.jar:3.7.8]
		at reactor.pool.SimpleDequePool$QueuePoolRecyclerMono.subscribe(SimpleDequePool.java:901) ~[reactor-pool-1.1.3.jar:1.1.3]
		at reactor.core.publisher.MonoDefer.subscribe(MonoDefer.java:53) ~[reactor-core-3.7.8.jar:3.7.8]
		at reactor.core.publisher.InternalMonoOperator.subscribe(InternalMonoOperator.java:76) ~[reactor-core-3.7.8.jar:3.7.8]
		at reactor.core.publisher.MonoIgnoreThen$ThenIgnoreMain.subscribeNext(MonoIgnoreThen.java:241) ~[reactor-core-3.7.8.jar:3.7.8]
		at reactor.core.publisher.MonoIgnoreThen$ThenIgnoreMain.onComplete(MonoIgnoreThen.java:204) ~[reactor-core-3.7.8.jar:3.7.8]
		at reactor.core.publisher.FluxPeekFuseable$PeekFuseableSubscriber.onComplete(FluxPeekFuseable.java:277) ~[reactor-core-3.7.8.jar:3.7.8]
		at reactor.core.publisher.MonoIgnoreElements$IgnoreElementsSubscriber.onComplete(MonoIgnoreElements.java:89) ~[reactor-core-3.7.8.jar:3.7.8]
		at reactor.core.publisher.MonoFlatMapMany$FlatMapManyInner.onComplete(MonoFlatMapMany.java:261) ~[reactor-core-3.7.8.jar:3.7.8]
		at reactor.core.publisher.FluxPeekFuseable$PeekFuseableSubscriber.onComplete(FluxPeekFuseable.java:277) ~[reactor-core-3.7.8.jar:3.7.8]
		at reactor.core.publisher.FluxContextWrite$ContextWriteSubscriber.onComplete(FluxContextWrite.java:126) ~[reactor-core-3.7.8.jar:3.7.8]
		at io.asyncer.r2dbc.mysql.internal.util.DiscardOnCancelSubscriber.onComplete(DiscardOnCancelSubscriber.java:84) ~[r2dbc-mysql-1.4.1.jar:1.4.1]
		at reactor.core.publisher.FluxPeekFuseable$PeekFuseableConditionalSubscriber.onComplete(FluxPeekFuseable.java:595) ~[reactor-core-3.7.8.jar:3.7.8]
		at reactor.core.publisher.FluxHandleFuseable$HandleFuseableConditionalSubscriber.onNext(FluxHandleFuseable.java:522) ~[reactor-core-3.7.8.jar:3.7.8]
		at reactor.core.publisher.FluxPeekFuseable$PeekConditionalSubscriber.onNext(FluxPeekFuseable.java:854) ~[reactor-core-3.7.8.jar:3.7.8]
		at reactor.core.publisher.SinkManyEmitterProcessor.drain(SinkManyEmitterProcessor.java:476) ~[reactor-core-3.7.8.jar:3.7.8]
		at reactor.core.publisher.SinkManyEmitterProcessor.tryEmitNext(SinkManyEmitterProcessor.java:273) ~[reactor-core-3.7.8.jar:3.7.8]
		at reactor.core.publisher.SinkManySerialized.tryEmitNext(SinkManySerialized.java:100) ~[reactor-core-3.7.8.jar:3.7.8]
		at reactor.core.publisher.InternalManySink.emitNext(InternalManySink.java:27) ~[reactor-core-3.7.8.jar:3.7.8]
		at io.asyncer.r2dbc.mysql.client.ReactorNettyClient$ResponseSink.next(ReactorNettyClient.java:395) ~[r2dbc-mysql-1.4.1.jar:1.4.1]
		at io.asyncer.r2dbc.mysql.client.ReactorNettyClient.lambda$new$0(ReactorNettyClient.java:119) ~[r2dbc-mysql-1.4.1.jar:1.4.1]
		at reactor.core.publisher.FluxPeek$PeekSubscriber.onNext(FluxPeek.java:185) ~[reactor-core-3.7.8.jar:3.7.8]
		at reactor.netty.channel.FluxReceive.drainReceiver(FluxReceive.java:292) ~[reactor-netty-core-1.2.8.jar:1.2.8]
		at reactor.netty.channel.FluxReceive.onInboundNext(FluxReceive.java:401) ~[reactor-netty-core-1.2.8.jar:1.2.8]
		at reactor.netty.channel.ChannelOperations.onInboundNext(ChannelOperations.java:435) ~[reactor-netty-core-1.2.8.jar:1.2.8]
		at reactor.netty.channel.ChannelOperationsHandler.channelRead(ChannelOperationsHandler.java:115) ~[reactor-netty-core-1.2.8.jar:1.2.8]
		at io.netty.channel.AbstractChannelHandlerContext.invokeChannelRead(AbstractChannelHandlerContext.java:444) ~[netty-transport-4.1.123.Final.jar:4.1.123.Final]
		at io.netty.channel.AbstractChannelHandlerContext.invokeChannelRead(AbstractChannelHandlerContext.java:420) ~[netty-transport-4.1.123.Final.jar:4.1.123.Final]
		at io.netty.channel.AbstractChannelHandlerContext.fireChannelRead(AbstractChannelHandlerContext.java:412) ~[netty-transport-4.1.123.Final.jar:4.1.123.Final]
		at io.netty.handler.codec.ByteToMessageDecoder.fireChannelRead(ByteToMessageDecoder.java:346) ~[netty-codec-4.1.123.Final.jar:4.1.123.Final]
		at io.netty.handler.codec.ByteToMessageDecoder.channelRead(ByteToMessageDecoder.java:318) ~[netty-codec-4.1.123.Final.jar:4.1.123.Final]
		at io.netty.channel.AbstractChannelHandlerContext.invokeChannelRead(AbstractChannelHandlerContext.java:444) ~[netty-transport-4.1.123.Final.jar:4.1.123.Final]
		at io.netty.channel.AbstractChannelHandlerContext.invokeChannelRead(AbstractChannelHandlerContext.java:420) ~[netty-transport-4.1.123.Final.jar:4.1.123.Final]
		at io.netty.channel.AbstractChannelHandlerContext.fireChannelRead(AbstractChannelHandlerContext.java:412) ~[netty-transport-4.1.123.Final.jar:4.1.123.Final]
		at io.netty.channel.DefaultChannelPipeline$HeadContext.channelRead(DefaultChannelPipeline.java:1357) ~[netty-transport-4.1.123.Final.jar:4.1.123.Final]
		at io.netty.channel.AbstractChannelHandlerContext.invokeChannelRead(AbstractChannelHandlerContext.java:440) ~[netty-transport-4.1.123.Final.jar:4.1.123.Final]
		at io.netty.channel.AbstractChannelHandlerContext.invokeChannelRead(AbstractChannelHandlerContext.java:420) ~[netty-transport-4.1.123.Final.jar:4.1.123.Final]
		at io.netty.channel.DefaultChannelPipeline.fireChannelRead(DefaultChannelPipeline.java:868) ~[netty-transport-4.1.123.Final.jar:4.1.123.Final]
		at io.netty.channel.nio.AbstractNioByteChannel$NioByteUnsafe.read(AbstractNioByteChannel.java:166) ~[netty-transport-4.1.123.Final.jar:4.1.123.Final]
		at io.netty.channel.nio.NioEventLoop.processSelectedKey(NioEventLoop.java:796) ~[netty-transport-4.1.123.Final.jar:4.1.123.Final]
		at io.netty.channel.nio.NioEventLoop.processSelectedKeysOptimized(NioEventLoop.java:732) ~[netty-transport-4.1.123.Final.jar:4.1.123.Final]
		at io.netty.channel.nio.NioEventLoop.processSelectedKeys(NioEventLoop.java:658) ~[netty-transport-4.1.123.Final.jar:4.1.123.Final]
		at io.netty.channel.nio.NioEventLoop.run(NioEventLoop.java:562) ~[netty-transport-4.1.123.Final.jar:4.1.123.Final]
		at io.netty.util.concurrent.SingleThreadEventExecutor$4.run(SingleThreadEventExecutor.java:998) ~[netty-common-4.1.123.Final.jar:4.1.123.Final]
		at io.netty.util.internal.ThreadExecutorMap$2.run(ThreadExecutorMap.java:74) ~[netty-common-4.1.123.Final.jar:4.1.123.Final]
		at io.netty.util.concurrent.FastThreadLocalRunnable.run(FastThreadLocalRunnable.java:30) ~[netty-common-4.1.123.Final.jar:4.1.123.Final]
		at java.base/java.lang.Thread.run(Thread.java:1447) ~[na:na]

2025-09-08T19:47:46.887-05:00 ERROR 32388 --- [ReactiveProject] [reactor-tcp-nio-1] c.c.p.api.excepcions.GlobalErrorHandler  : Error capturado globalmente: 

co.com.pragma.usecase.usuario.excepcions.CredencialesInvalidasException: Credenciales inválidas. Intentos: 1
	at co.com.pragma.usecase.usuario.JwtUseCase.lambda$login$0(JwtUseCase.java:36) ~[main/:na]
	Suppressed: reactor.core.publisher.FluxOnAssembly$OnAssemblyException: 
Assembly trace from producer [reactor.core.publisher.MonoIgnoreThen] :
	reactor.core.publisher.Mono.then(Mono.java:4879)
	co.com.pragma.usecase.usuario.JwtUseCase.lambda$login$0(JwtUseCase.java:37)
Error has been observed at the following site(s):
	*_____________Mono.then ⇢ at co.com.pragma.usecase.usuario.JwtUseCase.lambda$login$0(JwtUseCase.java:37)
	*__________Mono.flatMap ⇢ at co.com.pragma.usecase.usuario.JwtUseCase.login(JwtUseCase.java:27)
	*__________Mono.flatMap ⇢ at co.com.pragma.api.Handler.listenPOSTgenerarToken(Handler.java:87)
	|_             Mono.map ⇢ at co.com.pragma.api.Handler.listenPOSTgenerarToken(Handler.java:88)
	|_         Mono.flatMap ⇢ at co.com.pragma.api.Handler.listenPOSTgenerarToken(Handler.java:89)
	|_   Mono.doOnSubscribe ⇢ at co.com.pragma.api.Handler.listenPOSTgenerarToken(Handler.java:94)
	|_     Mono.doOnSuccess ⇢ at co.com.pragma.api.Handler.listenPOSTgenerarToken(Handler.java:95)
	|_       Mono.doOnError ⇢ at co.com.pragma.api.Handler.listenPOSTgenerarToken(Handler.java:96)
	|_             Mono.map ⇢ at org.springframework.web.reactive.function.server.support.HandlerFunctionAdapter.handle(HandlerFunctionAdapter.java:62)
	|_   Mono.onErrorResume ⇢ at org.springframework.web.reactive.DispatcherHandler.handleResultMono(DispatcherHandler.java:168)
	|_         Mono.flatMap ⇢ at org.springframework.web.reactive.DispatcherHandler.handleResultMono(DispatcherHandler.java:172)
	*____________Mono.error ⇢ at org.springframework.web.reactive.result.method.annotation.RequestMappingHandlerAdapter.handleException(RequestMappingHandlerAdapter.java:340)
	*__________Mono.flatMap ⇢ at org.springframework.web.reactive.DispatcherHandler.handle(DispatcherHandler.java:154)
	*____________Mono.defer ⇢ at org.springframework.web.server.handler.DefaultWebFilterChain.filter(DefaultWebFilterChain.java:106)
	|_           checkpoint ⇢ org.springframework.web.cors.reactive.CorsWebFilter [DefaultWebFilterChain]
	*____________Mono.defer ⇢ at org.springframework.web.server.handler.DefaultWebFilterChain.filter(DefaultWebFilterChain.java:106)
	|_           checkpoint ⇢ co.com.pragma.api.config.SecurityHeadersConfig [DefaultWebFilterChain]
	*____________Mono.defer ⇢ at org.springframework.web.server.handler.DefaultWebFilterChain.filter(DefaultWebFilterChain.java:106)
	|_     Mono.doOnSuccess ⇢ at org.springframework.security.web.server.ObservationWebFilterChainDecorator$WebFilterObservation$SimpleWebFilterObservation.lambda$wrap$6(ObservationWebFilterChainDecorator.java:560)
	|_      Mono.doOnCancel ⇢ at org.springframework.security.web.server.ObservationWebFilterChainDecorator$WebFilterObservation$SimpleWebFilterObservation.lambda$wrap$6(ObservationWebFilterChainDecorator.java:561)
	|_       Mono.doOnError ⇢ at org.springframework.security.web.server.ObservationWebFilterChainDecorator$WebFilterObservation$SimpleWebFilterObservation.lambda$wrap$6(ObservationWebFilterChainDecorator.java:562)
	|_    Mono.contextWrite ⇢ at org.springframework.security.web.server.ObservationWebFilterChainDecorator$WebFilterObservation$SimpleWebFilterObservation.lambda$wrap$6(ObservationWebFilterChainDecorator.java:566)
	|_     Mono.doOnSuccess ⇢ at org.springframework.security.web.server.ObservationWebFilterChainDecorator$AroundWebFilterObservation$SimpleAroundWebFilterObservation.lambda$wrap$2(ObservationWebFilterChainDecorator.java:351)
	|_      Mono.doOnCancel ⇢ at org.springframework.security.web.server.ObservationWebFilterChainDecorator$AroundWebFilterObservation$SimpleAroundWebFilterObservation.lambda$wrap$2(ObservationWebFilterChainDecorator.java:352)
	|_       Mono.doOnError ⇢ at org.springframework.security.web.server.ObservationWebFilterChainDecorator$AroundWebFilterObservation$SimpleAroundWebFilterObservation.lambda$wrap$2(ObservationWebFilterChainDecorator.java:353)
	*__Mono.deferContextual ⇢ at org.springframework.security.web.server.ObservationWebFilterChainDecorator.lambda$wrapSecured$1(ObservationWebFilterChainDecorator.java:76)
	*____________Mono.defer ⇢ at org.springframework.security.web.server.ObservationWebFilterChainDecorator$ObservationWebFilterChain.filter(ObservationWebFilterChainDecorator.java:152)
	*____Mono.switchIfEmpty ⇢ at org.springframework.security.web.server.authorization.AuthorizationWebFilter.filter(AuthorizationWebFilter.java:56)
	|_     Mono.doOnSuccess ⇢ at org.springframework.security.web.server.ObservationWebFilterChainDecorator$ObservationWebFilter.wrapFilter(ObservationWebFilterChainDecorator.java:211)
	|_           checkpoint ⇢ AuthorizationWebFilter [DefaultWebFilterChain]
	*____________Mono.defer ⇢ at org.springframework.security.web.server.ObservationWebFilterChainDecorator$ObservationWebFilterChain.filter(ObservationWebFilterChainDecorator.java:152)
	|_   Mono.onErrorResume ⇢ at org.springframework.security.web.server.authorization.ExceptionTranslationWebFilter.filter(ExceptionTranslationWebFilter.java:53)
	|_     Mono.doOnSuccess ⇢ at org.springframework.security.web.server.ObservationWebFilterChainDecorator$ObservationWebFilter.wrapFilter(ObservationWebFilterChainDecorator.java:211)
	|_           checkpoint ⇢ ExceptionTranslationWebFilter [DefaultWebFilterChain]
	*____________Mono.defer ⇢ at org.springframework.security.web.server.ObservationWebFilterChainDecorator$ObservationWebFilterChain.filter(ObservationWebFilterChainDecorator.java:152)
	*__________Mono.flatMap ⇢ at org.springframework.security.web.server.savedrequest.ServerRequestCacheWebFilter.filter(ServerRequestCacheWebFilter.java:41)
	|_     Mono.doOnSuccess ⇢ at org.springframework.security.web.server.ObservationWebFilterChainDecorator$ObservationWebFilter.wrapFilter(ObservationWebFilterChainDecorator.java:211)
	|_           checkpoint ⇢ ServerRequestCacheWebFilter [DefaultWebFilterChain]
	*____________Mono.defer ⇢ at org.springframework.security.web.server.ObservationWebFilterChainDecorator$ObservationWebFilterChain.filter(ObservationWebFilterChainDecorator.java:152)
	|_     Mono.doOnSuccess ⇢ at org.springframework.security.web.server.ObservationWebFilterChainDecorator$ObservationWebFilter.wrapFilter(ObservationWebFilterChainDecorator.java:211)
	|_           checkpoint ⇢ SecurityContextServerWebExchangeWebFilter [DefaultWebFilterChain]
	*____________Mono.defer ⇢ at org.springframework.security.web.server.ObservationWebFilterChainDecorator$ObservationWebFilterChain.filter(ObservationWebFilterChainDecorator.java:152)
	|_    Mono.contextWrite ⇢ at org.springframework.security.web.server.context.ReactorContextWebFilter.filter(ReactorContextWebFilter.java:48)
	|_     Mono.doOnSuccess ⇢ at org.springframework.security.web.server.ObservationWebFilterChainDecorator$ObservationWebFilter.wrapFilter(ObservationWebFilterChainDecorator.java:211)
	|_           checkpoint ⇢ ReactorContextWebFilter [DefaultWebFilterChain]
	*____________Mono.defer ⇢ at org.springframework.security.web.server.ObservationWebFilterChainDecorator$ObservationWebFilterChain.filter(ObservationWebFilterChainDecorator.java:152)
	|_     Mono.doOnSuccess ⇢ at org.springframework.security.web.server.ObservationWebFilterChainDecorator$ObservationWebFilter.wrapFilter(ObservationWebFilterChainDecorator.java:211)
	|_           checkpoint ⇢ HttpHeaderWriterWebFilter [DefaultWebFilterChain]
	*____________Mono.defer ⇢ at org.springframework.security.web.server.ObservationWebFilterChainDecorator$ObservationWebFilterChain.filter(ObservationWebFilterChainDecorator.java:152)
	|_    Mono.contextWrite ⇢ at org.springframework.security.config.web.server.ServerHttpSecurity$ServerWebExchangeReactorContextWebFilter.filter(ServerHttpSecurity.java:4059)
	|_     Mono.doOnSuccess ⇢ at org.springframework.security.web.server.ObservationWebFilterChainDecorator$ObservationWebFilter.wrapFilter(ObservationWebFilterChainDecorator.java:211)
	|_     Mono.doOnSuccess ⇢ at org.springframework.security.web.server.ObservationWebFilterChainDecorator$AroundWebFilterObservation$SimpleAroundWebFilterObservation.lambda$wrap$6(ObservationWebFilterChainDecorator.java:367)
	|_      Mono.doOnCancel ⇢ at org.springframework.security.web.server.ObservationWebFilterChainDecorator$AroundWebFilterObservation$SimpleAroundWebFilterObservation.lambda$wrap$6(ObservationWebFilterChainDecorator.java:368)
	|_       Mono.doOnError ⇢ at org.springframework.security.web.server.ObservationWebFilterChainDecorator$AroundWebFilterObservation$SimpleAroundWebFilterObservation.lambda$wrap$6(ObservationWebFilterChainDecorator.java:369)
	|_    Mono.contextWrite ⇢ at org.springframework.security.web.server.ObservationWebFilterChainDecorator$AroundWebFilterObservation$SimpleAroundWebFilterObservation.lambda$wrap$6(ObservationWebFilterChainDecorator.java:373)
	*__Mono.deferContextual ⇢ at org.springframework.security.web.server.ObservationWebFilterChainDecorator$ObservationWebFilter.filter(ObservationWebFilterChainDecorator.java:193)
	|_           checkpoint ⇢ ServerWebExchangeReactorContextWebFilter [DefaultWebFilterChain]
	*____________Mono.defer ⇢ at org.springframework.security.web.server.ObservationWebFilterChainDecorator$ObservationWebFilterChain.filter(ObservationWebFilterChainDecorator.java:152)
	*__________Mono.flatMap ⇢ at org.springframework.security.web.server.WebFilterChainProxy.filterFirewalledExchange(WebFilterChainProxy.java:78)
	*__________Mono.flatMap ⇢ at org.springframework.security.web.server.WebFilterChainProxy.filter(WebFilterChainProxy.java:65)
	|_   Mono.onErrorResume ⇢ at org.springframework.security.web.server.WebFilterChainProxy.filter(WebFilterChainProxy.java:66)
	|_           checkpoint ⇢ org.springframework.security.web.server.WebFilterChainProxy [DefaultWebFilterChain]
	*____________Mono.defer ⇢ at org.springframework.web.server.handler.DefaultWebFilterChain.filter(DefaultWebFilterChain.java:106)
	|_       Mono.doOnError ⇢ at org.springframework.web.server.handler.ExceptionHandlingWebHandler.handle(ExceptionHandlingWebHandler.java:84)
	|_   Mono.onErrorResume ⇢ at org.springframework.web.server.handler.ExceptionHandlingWebHandler.handle(ExceptionHandlingWebHandler.java:85)
	|_       Mono.doOnError ⇢ at org.springframework.web.server.handler.ExceptionHandlingWebHandler.handle(ExceptionHandlingWebHandler.java:84)
	*____________Mono.error ⇢ at org.springframework.web.server.handler.ExceptionHandlingWebHandler$CheckpointInsertingHandler.handle(ExceptionHandlingWebHandler.java:106)
	|_           checkpoint ⇢ HTTP POST "/api/v1/login" [ExceptionHandlingWebHandler]
Original Stack Trace:
		at co.com.pragma.usecase.usuario.JwtUseCase.lambda$login$0(JwtUseCase.java:36) ~[main/:na]
		at reactor.core.publisher.MonoFlatMap$FlatMapMain.onNext(MonoFlatMap.java:132) ~[reactor-core-3.7.8.jar:3.7.8]
		at reactor.core.publisher.FluxSwitchIfEmpty$SwitchIfEmptySubscriber.onNext(FluxSwitchIfEmpty.java:74) ~[reactor-core-3.7.8.jar:3.7.8]
		at reactor.core.publisher.FluxContextWrite$ContextWriteSubscriber.onNext(FluxContextWrite.java:107) ~[reactor-core-3.7.8.jar:3.7.8]
		at reactor.core.publisher.FluxContextWrite$ContextWriteSubscriber.onNext(FluxContextWrite.java:107) ~[reactor-core-3.7.8.jar:3.7.8]
		at reactor.core.publisher.MonoFlatMap$FlatMapMain.secondComplete(MonoFlatMap.java:245) ~[reactor-core-3.7.8.jar:3.7.8]
		at reactor.core.publisher.MonoFlatMap$FlatMapInner.onNext(MonoFlatMap.java:305) ~[reactor-core-3.7.8.jar:3.7.8]
		at reactor.core.publisher.FluxOnErrorResume$ResumeSubscriber.onNext(FluxOnErrorResume.java:79) ~[reactor-core-3.7.8.jar:3.7.8]
		at reactor.core.publisher.MonoUsingWhen$MonoUsingWhenSubscriber.deferredComplete(MonoUsingWhen.java:268) ~[reactor-core-3.7.8.jar:3.7.8]
		at reactor.core.publisher.FluxUsingWhen$CommitInner.onComplete(FluxUsingWhen.java:532) ~[reactor-core-3.7.8.jar:3.7.8]
		at reactor.core.publisher.MonoFlatMap$FlatMapMain.secondComplete(MonoFlatMap.java:250) ~[reactor-core-3.7.8.jar:3.7.8]
		at reactor.core.publisher.MonoFlatMap$FlatMapInner.onComplete(MonoFlatMap.java:324) ~[reactor-core-3.7.8.jar:3.7.8]
		at reactor.core.publisher.MonoIgnoreThen$ThenIgnoreMain.onComplete(MonoIgnoreThen.java:210) ~[reactor-core-3.7.8.jar:3.7.8]
		at reactor.core.publisher.MonoIgnoreThen$ThenIgnoreMain.onComplete(MonoIgnoreThen.java:210) ~[reactor-core-3.7.8.jar:3.7.8]
		at reactor.core.publisher.FluxOnErrorReturn$ReturnSubscriber.onComplete(FluxOnErrorReturn.java:169) ~[reactor-core-3.7.8.jar:3.7.8]
		at reactor.core.publisher.Operators$MultiSubscriptionSubscriber.onComplete(Operators.java:2230) ~[reactor-core-3.7.8.jar:3.7.8]
		at reactor.core.publisher.Operators$MultiSubscriptionSubscriber.onComplete(Operators.java:2230) ~[reactor-core-3.7.8.jar:3.7.8]
		at reactor.core.publisher.MonoFlatMap$FlatMapMain.secondComplete(MonoFlatMap.java:250) ~[reactor-core-3.7.8.jar:3.7.8]
		at reactor.core.publisher.MonoFlatMap$FlatMapInner.onComplete(MonoFlatMap.java:324) ~[reactor-core-3.7.8.jar:3.7.8]
		at reactor.core.publisher.FluxPeekFuseable$PeekFuseableSubscriber.onComplete(FluxPeekFuseable.java:277) ~[reactor-core-3.7.8.jar:3.7.8]
		at reactor.core.publisher.Operators$MultiSubscriptionSubscriber.onComplete(Operators.java:2230) ~[reactor-core-3.7.8.jar:3.7.8]
		at reactor.core.publisher.MonoIgnoreThen$ThenIgnoreMain.onComplete(MonoIgnoreThen.java:210) ~[reactor-core-3.7.8.jar:3.7.8]
		at reactor.core.publisher.MonoIgnoreThen$ThenIgnoreMain.onComplete(MonoIgnoreThen.java:210) ~[reactor-core-3.7.8.jar:3.7.8]
		at reactor.pool.SimpleDequePool.maybeRecycleAndDrain(SimpleDequePool.java:547) ~[reactor-pool-1.1.3.jar:1.1.3]
		at reactor.pool.SimpleDequePool$QueuePoolRecyclerInner.onComplete(SimpleDequePool.java:788) ~[reactor-pool-1.1.3.jar:1.1.3]
		at reactor.core.publisher.Operators.complete(Operators.java:137) ~[reactor-core-3.7.8.jar:3.7.8]
		at reactor.core.publisher.MonoEmpty.subscribe(MonoEmpty.java:46) ~[reactor-core-3.7.8.jar:3.7.8]
		at reactor.core.publisher.Mono.subscribe(Mono.java:4576) ~[reactor-core-3.7.8.jar:3.7.8]
		at reactor.pool.SimpleDequePool$QueuePoolRecyclerMono.subscribe(SimpleDequePool.java:901) ~[reactor-pool-1.1.3.jar:1.1.3]
		at reactor.core.publisher.MonoDefer.subscribe(MonoDefer.java:53) ~[reactor-core-3.7.8.jar:3.7.8]
		at reactor.core.publisher.InternalMonoOperator.subscribe(InternalMonoOperator.java:76) ~[reactor-core-3.7.8.jar:3.7.8]
		at reactor.core.publisher.MonoIgnoreThen$ThenIgnoreMain.subscribeNext(MonoIgnoreThen.java:241) ~[reactor-core-3.7.8.jar:3.7.8]
		at reactor.core.publisher.MonoIgnoreThen$ThenIgnoreMain.onComplete(MonoIgnoreThen.java:204) ~[reactor-core-3.7.8.jar:3.7.8]
		at reactor.core.publisher.FluxPeekFuseable$PeekFuseableSubscriber.onComplete(FluxPeekFuseable.java:277) ~[reactor-core-3.7.8.jar:3.7.8]
		at reactor.core.publisher.MonoIgnoreElements$IgnoreElementsSubscriber.onComplete(MonoIgnoreElements.java:89) ~[reactor-core-3.7.8.jar:3.7.8]
		at reactor.core.publisher.MonoFlatMapMany$FlatMapManyInner.onComplete(MonoFlatMapMany.java:261) ~[reactor-core-3.7.8.jar:3.7.8]
		at reactor.core.publisher.FluxPeekFuseable$PeekFuseableSubscriber.onComplete(FluxPeekFuseable.java:277) ~[reactor-core-3.7.8.jar:3.7.8]
		at reactor.core.publisher.FluxContextWrite$ContextWriteSubscriber.onComplete(FluxContextWrite.java:126) ~[reactor-core-3.7.8.jar:3.7.8]
		at io.asyncer.r2dbc.mysql.internal.util.DiscardOnCancelSubscriber.onComplete(DiscardOnCancelSubscriber.java:84) ~[r2dbc-mysql-1.4.1.jar:1.4.1]
		at reactor.core.publisher.FluxPeekFuseable$PeekFuseableConditionalSubscriber.onComplete(FluxPeekFuseable.java:595) ~[reactor-core-3.7.8.jar:3.7.8]
		at reactor.core.publisher.FluxHandleFuseable$HandleFuseableConditionalSubscriber.onNext(FluxHandleFuseable.java:522) ~[reactor-core-3.7.8.jar:3.7.8]
		at reactor.core.publisher.FluxPeekFuseable$PeekConditionalSubscriber.onNext(FluxPeekFuseable.java:854) ~[reactor-core-3.7.8.jar:3.7.8]
		at reactor.core.publisher.SinkManyEmitterProcessor.drain(SinkManyEmitterProcessor.java:476) ~[reactor-core-3.7.8.jar:3.7.8]
		at reactor.core.publisher.SinkManyEmitterProcessor.tryEmitNext(SinkManyEmitterProcessor.java:273) ~[reactor-core-3.7.8.jar:3.7.8]
		at reactor.core.publisher.SinkManySerialized.tryEmitNext(SinkManySerialized.java:100) ~[reactor-core-3.7.8.jar:3.7.8]
		at reactor.core.publisher.InternalManySink.emitNext(InternalManySink.java:27) ~[reactor-core-3.7.8.jar:3.7.8]
		at io.asyncer.r2dbc.mysql.client.ReactorNettyClient$ResponseSink.next(ReactorNettyClient.java:395) ~[r2dbc-mysql-1.4.1.jar:1.4.1]
		at io.asyncer.r2dbc.mysql.client.ReactorNettyClient.lambda$new$0(ReactorNettyClient.java:119) ~[r2dbc-mysql-1.4.1.jar:1.4.1]
		at reactor.core.publisher.FluxPeek$PeekSubscriber.onNext(FluxPeek.java:185) ~[reactor-core-3.7.8.jar:3.7.8]
		at reactor.netty.channel.FluxReceive.drainReceiver(FluxReceive.java:292) ~[reactor-netty-core-1.2.8.jar:1.2.8]
		at reactor.netty.channel.FluxReceive.onInboundNext(FluxReceive.java:401) ~[reactor-netty-core-1.2.8.jar:1.2.8]
		at reactor.netty.channel.ChannelOperations.onInboundNext(ChannelOperations.java:435) ~[reactor-netty-core-1.2.8.jar:1.2.8]
		at reactor.netty.channel.ChannelOperationsHandler.channelRead(ChannelOperationsHandler.java:115) ~[reactor-netty-core-1.2.8.jar:1.2.8]
		at io.netty.channel.AbstractChannelHandlerContext.invokeChannelRead(AbstractChannelHandlerContext.java:444) ~[netty-transport-4.1.123.Final.jar:4.1.123.Final]
		at io.netty.channel.AbstractChannelHandlerContext.invokeChannelRead(AbstractChannelHandlerContext.java:420) ~[netty-transport-4.1.123.Final.jar:4.1.123.Final]
		at io.netty.channel.AbstractChannelHandlerContext.fireChannelRead(AbstractChannelHandlerContext.java:412) ~[netty-transport-4.1.123.Final.jar:4.1.123.Final]
		at io.netty.handler.codec.ByteToMessageDecoder.fireChannelRead(ByteToMessageDecoder.java:346) ~[netty-codec-4.1.123.Final.jar:4.1.123.Final]
		at io.netty.handler.codec.ByteToMessageDecoder.channelRead(ByteToMessageDecoder.java:318) ~[netty-codec-4.1.123.Final.jar:4.1.123.Final]
		at io.netty.channel.AbstractChannelHandlerContext.invokeChannelRead(AbstractChannelHandlerContext.java:444) ~[netty-transport-4.1.123.Final.jar:4.1.123.Final]
		at io.netty.channel.AbstractChannelHandlerContext.invokeChannelRead(AbstractChannelHandlerContext.java:420) ~[netty-transport-4.1.123.Final.jar:4.1.123.Final]
		at io.netty.channel.AbstractChannelHandlerContext.fireChannelRead(AbstractChannelHandlerContext.java:412) ~[netty-transport-4.1.123.Final.jar:4.1.123.Final]
		at io.netty.channel.DefaultChannelPipeline$HeadContext.channelRead(DefaultChannelPipeline.java:1357) ~[netty-transport-4.1.123.Final.jar:4.1.123.Final]
		at io.netty.channel.AbstractChannelHandlerContext.invokeChannelRead(AbstractChannelHandlerContext.java:440) ~[netty-transport-4.1.123.Final.jar:4.1.123.Final]
		at io.netty.channel.AbstractChannelHandlerContext.invokeChannelRead(AbstractChannelHandlerContext.java:420) ~[netty-transport-4.1.123.Final.jar:4.1.123.Final]
		at io.netty.channel.DefaultChannelPipeline.fireChannelRead(DefaultChannelPipeline.java:868) ~[netty-transport-4.1.123.Final.jar:4.1.123.Final]
		at io.netty.channel.nio.AbstractNioByteChannel$NioByteUnsafe.read(AbstractNioByteChannel.java:166) ~[netty-transport-4.1.123.Final.jar:4.1.123.Final]
		at io.netty.channel.nio.NioEventLoop.processSelectedKey(NioEventLoop.java:796) ~[netty-transport-4.1.123.Final.jar:4.1.123.Final]
		at io.netty.channel.nio.NioEventLoop.processSelectedKeysOptimized(NioEventLoop.java:732) ~[netty-transport-4.1.123.Final.jar:4.1.123.Final]
		at io.netty.channel.nio.NioEventLoop.processSelectedKeys(NioEventLoop.java:658) ~[netty-transport-4.1.123.Final.jar:4.1.123.Final]
		at io.netty.channel.nio.NioEventLoop.run(NioEventLoop.java:562) ~[netty-transport-4.1.123.Final.jar:4.1.123.Final]
		at io.netty.util.concurrent.SingleThreadEventExecutor$4.run(SingleThreadEventExecutor.java:998) ~[netty-common-4.1.123.Final.jar:4.1.123.Final]
		at io.netty.util.internal.ThreadExecutorMap$2.run(ThreadExecutorMap.java:74) ~[netty-common-4.1.123.Final.jar:4.1.123.Final]
		at io.netty.util.concurrent.FastThreadLocalRunnable.run(FastThreadLocalRunnable.java:30) ~[netty-common-4.1.123.Final.jar:4.1.123.Final]
		at java.base/java.lang.Thread.run(Thread.java:1447) ~[na:na]

2025-09-08T19:48:04.582-05:00 DEBUG 32388 --- [ReactiveProject] [reactor-http-nio-7] co.com.pragma.api.Handler                : Iniciando flujo para generar token
2025-09-08T19:48:04.858-05:00 ERROR 32388 --- [ReactiveProject] [reactor-tcp-nio-1] co.com.pragma.api.Handler                : Error al guardar usuario

co.com.pragma.usecase.usuario.excepcions.CredencialesInvalidasException: Credenciales inválidas. Intentos: 2
	at co.com.pragma.usecase.usuario.JwtUseCase.lambda$login$0(JwtUseCase.java:36) ~[main/:na]
	Suppressed: reactor.core.publisher.FluxOnAssembly$OnAssemblyException: 
Assembly trace from producer [reactor.core.publisher.MonoIgnoreThen] :
	reactor.core.publisher.Mono.then(Mono.java:4879)
	co.com.pragma.usecase.usuario.JwtUseCase.lambda$login$0(JwtUseCase.java:37)
Error has been observed at the following site(s):
	*___________Mono.then ⇢ at co.com.pragma.usecase.usuario.JwtUseCase.lambda$login$0(JwtUseCase.java:37)
	*________Mono.flatMap ⇢ at co.com.pragma.usecase.usuario.JwtUseCase.login(JwtUseCase.java:27)
	*________Mono.flatMap ⇢ at co.com.pragma.api.Handler.listenPOSTgenerarToken(Handler.java:87)
	|_           Mono.map ⇢ at co.com.pragma.api.Handler.listenPOSTgenerarToken(Handler.java:88)
	|_       Mono.flatMap ⇢ at co.com.pragma.api.Handler.listenPOSTgenerarToken(Handler.java:89)
	|_ Mono.doOnSubscribe ⇢ at co.com.pragma.api.Handler.listenPOSTgenerarToken(Handler.java:94)
	|_   Mono.doOnSuccess ⇢ at co.com.pragma.api.Handler.listenPOSTgenerarToken(Handler.java:95)
Original Stack Trace:
		at co.com.pragma.usecase.usuario.JwtUseCase.lambda$login$0(JwtUseCase.java:36) ~[main/:na]
		at reactor.core.publisher.MonoFlatMap$FlatMapMain.onNext(MonoFlatMap.java:132) ~[reactor-core-3.7.8.jar:3.7.8]
		at reactor.core.publisher.FluxSwitchIfEmpty$SwitchIfEmptySubscriber.onNext(FluxSwitchIfEmpty.java:74) ~[reactor-core-3.7.8.jar:3.7.8]
		at reactor.core.publisher.FluxContextWrite$ContextWriteSubscriber.onNext(FluxContextWrite.java:107) ~[reactor-core-3.7.8.jar:3.7.8]
		at reactor.core.publisher.FluxContextWrite$ContextWriteSubscriber.onNext(FluxContextWrite.java:107) ~[reactor-core-3.7.8.jar:3.7.8]
		at reactor.core.publisher.MonoFlatMap$FlatMapMain.secondComplete(MonoFlatMap.java:245) ~[reactor-core-3.7.8.jar:3.7.8]
		at reactor.core.publisher.MonoFlatMap$FlatMapInner.onNext(MonoFlatMap.java:305) ~[reactor-core-3.7.8.jar:3.7.8]
		at reactor.core.publisher.FluxOnErrorResume$ResumeSubscriber.onNext(FluxOnErrorResume.java:79) ~[reactor-core-3.7.8.jar:3.7.8]
		at reactor.core.publisher.MonoUsingWhen$MonoUsingWhenSubscriber.deferredComplete(MonoUsingWhen.java:268) ~[reactor-core-3.7.8.jar:3.7.8]
		at reactor.core.publisher.FluxUsingWhen$CommitInner.onComplete(FluxUsingWhen.java:532) ~[reactor-core-3.7.8.jar:3.7.8]
		at reactor.core.publisher.MonoFlatMap$FlatMapMain.secondComplete(MonoFlatMap.java:250) ~[reactor-core-3.7.8.jar:3.7.8]
		at reactor.core.publisher.MonoFlatMap$FlatMapInner.onComplete(MonoFlatMap.java:324) ~[reactor-core-3.7.8.jar:3.7.8]
		at reactor.core.publisher.MonoIgnoreThen$ThenIgnoreMain.onComplete(MonoIgnoreThen.java:210) ~[reactor-core-3.7.8.jar:3.7.8]
		at reactor.core.publisher.MonoIgnoreThen$ThenIgnoreMain.onComplete(MonoIgnoreThen.java:210) ~[reactor-core-3.7.8.jar:3.7.8]
		at reactor.core.publisher.FluxOnErrorReturn$ReturnSubscriber.onComplete(FluxOnErrorReturn.java:169) ~[reactor-core-3.7.8.jar:3.7.8]
		at reactor.core.publisher.Operators$MultiSubscriptionSubscriber.onComplete(Operators.java:2230) ~[reactor-core-3.7.8.jar:3.7.8]
		at reactor.core.publisher.Operators$MultiSubscriptionSubscriber.onComplete(Operators.java:2230) ~[reactor-core-3.7.8.jar:3.7.8]
		at reactor.core.publisher.MonoFlatMap$FlatMapMain.secondComplete(MonoFlatMap.java:250) ~[reactor-core-3.7.8.jar:3.7.8]
		at reactor.core.publisher.MonoFlatMap$FlatMapInner.onComplete(MonoFlatMap.java:324) ~[reactor-core-3.7.8.jar:3.7.8]
		at reactor.core.publisher.FluxPeekFuseable$PeekFuseableSubscriber.onComplete(FluxPeekFuseable.java:277) ~[reactor-core-3.7.8.jar:3.7.8]
		at reactor.core.publisher.Operators$MultiSubscriptionSubscriber.onComplete(Operators.java:2230) ~[reactor-core-3.7.8.jar:3.7.8]
		at reactor.core.publisher.MonoIgnoreThen$ThenIgnoreMain.onComplete(MonoIgnoreThen.java:210) ~[reactor-core-3.7.8.jar:3.7.8]
		at reactor.core.publisher.MonoIgnoreThen$ThenIgnoreMain.onComplete(MonoIgnoreThen.java:210) ~[reactor-core-3.7.8.jar:3.7.8]
		at reactor.pool.SimpleDequePool.maybeRecycleAndDrain(SimpleDequePool.java:547) ~[reactor-pool-1.1.3.jar:1.1.3]
		at reactor.pool.SimpleDequePool$QueuePoolRecyclerInner.onComplete(SimpleDequePool.java:788) ~[reactor-pool-1.1.3.jar:1.1.3]
		at reactor.core.publisher.Operators.complete(Operators.java:137) ~[reactor-core-3.7.8.jar:3.7.8]
		at reactor.core.publisher.MonoEmpty.subscribe(MonoEmpty.java:46) ~[reactor-core-3.7.8.jar:3.7.8]
		at reactor.core.publisher.Mono.subscribe(Mono.java:4576) ~[reactor-core-3.7.8.jar:3.7.8]
		at reactor.pool.SimpleDequePool$QueuePoolRecyclerMono.subscribe(SimpleDequePool.java:901) ~[reactor-pool-1.1.3.jar:1.1.3]
		at reactor.core.publisher.MonoDefer.subscribe(MonoDefer.java:53) ~[reactor-core-3.7.8.jar:3.7.8]
		at reactor.core.publisher.InternalMonoOperator.subscribe(InternalMonoOperator.java:76) ~[reactor-core-3.7.8.jar:3.7.8]
		at reactor.core.publisher.MonoIgnoreThen$ThenIgnoreMain.subscribeNext(MonoIgnoreThen.java:241) ~[reactor-core-3.7.8.jar:3.7.8]
		at reactor.core.publisher.MonoIgnoreThen$ThenIgnoreMain.onComplete(MonoIgnoreThen.java:204) ~[reactor-core-3.7.8.jar:3.7.8]
		at reactor.core.publisher.FluxPeekFuseable$PeekFuseableSubscriber.onComplete(FluxPeekFuseable.java:277) ~[reactor-core-3.7.8.jar:3.7.8]
		at reactor.core.publisher.MonoIgnoreElements$IgnoreElementsSubscriber.onComplete(MonoIgnoreElements.java:89) ~[reactor-core-3.7.8.jar:3.7.8]
		at reactor.core.publisher.MonoFlatMapMany$FlatMapManyInner.onComplete(MonoFlatMapMany.java:261) ~[reactor-core-3.7.8.jar:3.7.8]
		at reactor.core.publisher.FluxPeekFuseable$PeekFuseableSubscriber.onComplete(FluxPeekFuseable.java:277) ~[reactor-core-3.7.8.jar:3.7.8]
		at reactor.core.publisher.FluxContextWrite$ContextWriteSubscriber.onComplete(FluxContextWrite.java:126) ~[reactor-core-3.7.8.jar:3.7.8]
		at io.asyncer.r2dbc.mysql.internal.util.DiscardOnCancelSubscriber.onComplete(DiscardOnCancelSubscriber.java:84) ~[r2dbc-mysql-1.4.1.jar:1.4.1]
		at reactor.core.publisher.FluxPeekFuseable$PeekFuseableConditionalSubscriber.onComplete(FluxPeekFuseable.java:595) ~[reactor-core-3.7.8.jar:3.7.8]
		at reactor.core.publisher.FluxHandleFuseable$HandleFuseableConditionalSubscriber.onNext(FluxHandleFuseable.java:522) ~[reactor-core-3.7.8.jar:3.7.8]
		at reactor.core.publisher.FluxPeekFuseable$PeekConditionalSubscriber.onNext(FluxPeekFuseable.java:854) ~[reactor-core-3.7.8.jar:3.7.8]
		at reactor.core.publisher.SinkManyEmitterProcessor.drain(SinkManyEmitterProcessor.java:476) ~[reactor-core-3.7.8.jar:3.7.8]
		at reactor.core.publisher.SinkManyEmitterProcessor.tryEmitNext(SinkManyEmitterProcessor.java:273) ~[reactor-core-3.7.8.jar:3.7.8]
		at reactor.core.publisher.SinkManySerialized.tryEmitNext(SinkManySerialized.java:100) ~[reactor-core-3.7.8.jar:3.7.8]
		at reactor.core.publisher.InternalManySink.emitNext(InternalManySink.java:27) ~[reactor-core-3.7.8.jar:3.7.8]
		at io.asyncer.r2dbc.mysql.client.ReactorNettyClient$ResponseSink.next(ReactorNettyClient.java:395) ~[r2dbc-mysql-1.4.1.jar:1.4.1]
		at io.asyncer.r2dbc.mysql.client.ReactorNettyClient.lambda$new$0(ReactorNettyClient.java:119) ~[r2dbc-mysql-1.4.1.jar:1.4.1]
		at reactor.core.publisher.FluxPeek$PeekSubscriber.onNext(FluxPeek.java:185) ~[reactor-core-3.7.8.jar:3.7.8]
		at reactor.netty.channel.FluxReceive.drainReceiver(FluxReceive.java:292) ~[reactor-netty-core-1.2.8.jar:1.2.8]
		at reactor.netty.channel.FluxReceive.onInboundNext(FluxReceive.java:401) ~[reactor-netty-core-1.2.8.jar:1.2.8]
		at reactor.netty.channel.ChannelOperations.onInboundNext(ChannelOperations.java:435) ~[reactor-netty-core-1.2.8.jar:1.2.8]
		at reactor.netty.channel.ChannelOperationsHandler.channelRead(ChannelOperationsHandler.java:115) ~[reactor-netty-core-1.2.8.jar:1.2.8]
		at io.netty.channel.AbstractChannelHandlerContext.invokeChannelRead(AbstractChannelHandlerContext.java:444) ~[netty-transport-4.1.123.Final.jar:4.1.123.Final]
		at io.netty.channel.AbstractChannelHandlerContext.invokeChannelRead(AbstractChannelHandlerContext.java:420) ~[netty-transport-4.1.123.Final.jar:4.1.123.Final]
		at io.netty.channel.AbstractChannelHandlerContext.fireChannelRead(AbstractChannelHandlerContext.java:412) ~[netty-transport-4.1.123.Final.jar:4.1.123.Final]
		at io.netty.handler.codec.ByteToMessageDecoder.fireChannelRead(ByteToMessageDecoder.java:346) ~[netty-codec-4.1.123.Final.jar:4.1.123.Final]
		at io.netty.handler.codec.ByteToMessageDecoder.channelRead(ByteToMessageDecoder.java:318) ~[netty-codec-4.1.123.Final.jar:4.1.123.Final]
		at io.netty.channel.AbstractChannelHandlerContext.invokeChannelRead(AbstractChannelHandlerContext.java:444) ~[netty-transport-4.1.123.Final.jar:4.1.123.Final]
		at io.netty.channel.AbstractChannelHandlerContext.invokeChannelRead(AbstractChannelHandlerContext.java:420) ~[netty-transport-4.1.123.Final.jar:4.1.123.Final]
		at io.netty.channel.AbstractChannelHandlerContext.fireChannelRead(AbstractChannelHandlerContext.java:412) ~[netty-transport-4.1.123.Final.jar:4.1.123.Final]
		at io.netty.channel.DefaultChannelPipeline$HeadContext.channelRead(DefaultChannelPipeline.java:1357) ~[netty-transport-4.1.123.Final.jar:4.1.123.Final]
		at io.netty.channel.AbstractChannelHandlerContext.invokeChannelRead(AbstractChannelHandlerContext.java:440) ~[netty-transport-4.1.123.Final.jar:4.1.123.Final]
		at io.netty.channel.AbstractChannelHandlerContext.invokeChannelRead(AbstractChannelHandlerContext.java:420) ~[netty-transport-4.1.123.Final.jar:4.1.123.Final]
		at io.netty.channel.DefaultChannelPipeline.fireChannelRead(DefaultChannelPipeline.java:868) ~[netty-transport-4.1.123.Final.jar:4.1.123.Final]
		at io.netty.channel.nio.AbstractNioByteChannel$NioByteUnsafe.read(AbstractNioByteChannel.java:166) ~[netty-transport-4.1.123.Final.jar:4.1.123.Final]
		at io.netty.channel.nio.NioEventLoop.processSelectedKey(NioEventLoop.java:796) ~[netty-transport-4.1.123.Final.jar:4.1.123.Final]
		at io.netty.channel.nio.NioEventLoop.processSelectedKeysOptimized(NioEventLoop.java:732) ~[netty-transport-4.1.123.Final.jar:4.1.123.Final]
		at io.netty.channel.nio.NioEventLoop.processSelectedKeys(NioEventLoop.java:658) ~[netty-transport-4.1.123.Final.jar:4.1.123.Final]
		at io.netty.channel.nio.NioEventLoop.run(NioEventLoop.java:562) ~[netty-transport-4.1.123.Final.jar:4.1.123.Final]
		at io.netty.util.concurrent.SingleThreadEventExecutor$4.run(SingleThreadEventExecutor.java:998) ~[netty-common-4.1.123.Final.jar:4.1.123.Final]
		at io.netty.util.internal.ThreadExecutorMap$2.run(ThreadExecutorMap.java:74) ~[netty-common-4.1.123.Final.jar:4.1.123.Final]
		at io.netty.util.concurrent.FastThreadLocalRunnable.run(FastThreadLocalRunnable.java:30) ~[netty-common-4.1.123.Final.jar:4.1.123.Final]
		at java.base/java.lang.Thread.run(Thread.java:1447) ~[na:na]

2025-09-08T19:48:04.960-05:00 ERROR 32388 --- [ReactiveProject] [reactor-tcp-nio-1] c.c.p.api.excepcions.GlobalErrorHandler  : Error capturado globalmente: 

co.com.pragma.usecase.usuario.excepcions.CredencialesInvalidasException: Credenciales inválidas. Intentos: 2
	at co.com.pragma.usecase.usuario.JwtUseCase.lambda$login$0(JwtUseCase.java:36) ~[main/:na]
	Suppressed: reactor.core.publisher.FluxOnAssembly$OnAssemblyException: 
Assembly trace from producer [reactor.core.publisher.MonoIgnoreThen] :
	reactor.core.publisher.Mono.then(Mono.java:4879)
	co.com.pragma.usecase.usuario.JwtUseCase.lambda$login$0(JwtUseCase.java:37)
Error has been observed at the following site(s):
	*_____________Mono.then ⇢ at co.com.pragma.usecase.usuario.JwtUseCase.lambda$login$0(JwtUseCase.java:37)
	*__________Mono.flatMap ⇢ at co.com.pragma.usecase.usuario.JwtUseCase.login(JwtUseCase.java:27)
	*__________Mono.flatMap ⇢ at co.com.pragma.api.Handler.listenPOSTgenerarToken(Handler.java:87)
	|_             Mono.map ⇢ at co.com.pragma.api.Handler.listenPOSTgenerarToken(Handler.java:88)
	|_         Mono.flatMap ⇢ at co.com.pragma.api.Handler.listenPOSTgenerarToken(Handler.java:89)
	|_   Mono.doOnSubscribe ⇢ at co.com.pragma.api.Handler.listenPOSTgenerarToken(Handler.java:94)
	|_     Mono.doOnSuccess ⇢ at co.com.pragma.api.Handler.listenPOSTgenerarToken(Handler.java:95)
	|_       Mono.doOnError ⇢ at co.com.pragma.api.Handler.listenPOSTgenerarToken(Handler.java:96)
	|_             Mono.map ⇢ at org.springframework.web.reactive.function.server.support.HandlerFunctionAdapter.handle(HandlerFunctionAdapter.java:62)
	|_   Mono.onErrorResume ⇢ at org.springframework.web.reactive.DispatcherHandler.handleResultMono(DispatcherHandler.java:168)
	|_         Mono.flatMap ⇢ at org.springframework.web.reactive.DispatcherHandler.handleResultMono(DispatcherHandler.java:172)
	*____________Mono.error ⇢ at org.springframework.web.reactive.result.method.annotation.RequestMappingHandlerAdapter.handleException(RequestMappingHandlerAdapter.java:340)
	*__________Mono.flatMap ⇢ at org.springframework.web.reactive.DispatcherHandler.handle(DispatcherHandler.java:154)
	*____________Mono.defer ⇢ at org.springframework.web.server.handler.DefaultWebFilterChain.filter(DefaultWebFilterChain.java:106)
	|_           checkpoint ⇢ org.springframework.web.cors.reactive.CorsWebFilter [DefaultWebFilterChain]
	*____________Mono.defer ⇢ at org.springframework.web.server.handler.DefaultWebFilterChain.filter(DefaultWebFilterChain.java:106)
	|_           checkpoint ⇢ co.com.pragma.api.config.SecurityHeadersConfig [DefaultWebFilterChain]
	*____________Mono.defer ⇢ at org.springframework.web.server.handler.DefaultWebFilterChain.filter(DefaultWebFilterChain.java:106)
	|_     Mono.doOnSuccess ⇢ at org.springframework.security.web.server.ObservationWebFilterChainDecorator$WebFilterObservation$SimpleWebFilterObservation.lambda$wrap$6(ObservationWebFilterChainDecorator.java:560)
	|_      Mono.doOnCancel ⇢ at org.springframework.security.web.server.ObservationWebFilterChainDecorator$WebFilterObservation$SimpleWebFilterObservation.lambda$wrap$6(ObservationWebFilterChainDecorator.java:561)
	|_       Mono.doOnError ⇢ at org.springframework.security.web.server.ObservationWebFilterChainDecorator$WebFilterObservation$SimpleWebFilterObservation.lambda$wrap$6(ObservationWebFilterChainDecorator.java:562)
	|_    Mono.contextWrite ⇢ at org.springframework.security.web.server.ObservationWebFilterChainDecorator$WebFilterObservation$SimpleWebFilterObservation.lambda$wrap$6(ObservationWebFilterChainDecorator.java:566)
	|_     Mono.doOnSuccess ⇢ at org.springframework.security.web.server.ObservationWebFilterChainDecorator$AroundWebFilterObservation$SimpleAroundWebFilterObservation.lambda$wrap$2(ObservationWebFilterChainDecorator.java:351)
	|_      Mono.doOnCancel ⇢ at org.springframework.security.web.server.ObservationWebFilterChainDecorator$AroundWebFilterObservation$SimpleAroundWebFilterObservation.lambda$wrap$2(ObservationWebFilterChainDecorator.java:352)
	|_       Mono.doOnError ⇢ at org.springframework.security.web.server.ObservationWebFilterChainDecorator$AroundWebFilterObservation$SimpleAroundWebFilterObservation.lambda$wrap$2(ObservationWebFilterChainDecorator.java:353)
	*__Mono.deferContextual ⇢ at org.springframework.security.web.server.ObservationWebFilterChainDecorator.lambda$wrapSecured$1(ObservationWebFilterChainDecorator.java:76)
	*____________Mono.defer ⇢ at org.springframework.security.web.server.ObservationWebFilterChainDecorator$ObservationWebFilterChain.filter(ObservationWebFilterChainDecorator.java:152)
	*____Mono.switchIfEmpty ⇢ at org.springframework.security.web.server.authorization.AuthorizationWebFilter.filter(AuthorizationWebFilter.java:56)
	|_     Mono.doOnSuccess ⇢ at org.springframework.security.web.server.ObservationWebFilterChainDecorator$ObservationWebFilter.wrapFilter(ObservationWebFilterChainDecorator.java:211)
	|_           checkpoint ⇢ AuthorizationWebFilter [DefaultWebFilterChain]
	*____________Mono.defer ⇢ at org.springframework.security.web.server.ObservationWebFilterChainDecorator$ObservationWebFilterChain.filter(ObservationWebFilterChainDecorator.java:152)
	|_   Mono.onErrorResume ⇢ at org.springframework.security.web.server.authorization.ExceptionTranslationWebFilter.filter(ExceptionTranslationWebFilter.java:53)
	|_     Mono.doOnSuccess ⇢ at org.springframework.security.web.server.ObservationWebFilterChainDecorator$ObservationWebFilter.wrapFilter(ObservationWebFilterChainDecorator.java:211)
	|_           checkpoint ⇢ ExceptionTranslationWebFilter [DefaultWebFilterChain]
	*____________Mono.defer ⇢ at org.springframework.security.web.server.ObservationWebFilterChainDecorator$ObservationWebFilterChain.filter(ObservationWebFilterChainDecorator.java:152)
	*__________Mono.flatMap ⇢ at org.springframework.security.web.server.savedrequest.ServerRequestCacheWebFilter.filter(ServerRequestCacheWebFilter.java:41)
	|_     Mono.doOnSuccess ⇢ at org.springframework.security.web.server.ObservationWebFilterChainDecorator$ObservationWebFilter.wrapFilter(ObservationWebFilterChainDecorator.java:211)
	|_           checkpoint ⇢ ServerRequestCacheWebFilter [DefaultWebFilterChain]
	*____________Mono.defer ⇢ at org.springframework.security.web.server.ObservationWebFilterChainDecorator$ObservationWebFilterChain.filter(ObservationWebFilterChainDecorator.java:152)
	|_     Mono.doOnSuccess ⇢ at org.springframework.security.web.server.ObservationWebFilterChainDecorator$ObservationWebFilter.wrapFilter(ObservationWebFilterChainDecorator.java:211)
	|_           checkpoint ⇢ SecurityContextServerWebExchangeWebFilter [DefaultWebFilterChain]
	*____________Mono.defer ⇢ at org.springframework.security.web.server.ObservationWebFilterChainDecorator$ObservationWebFilterChain.filter(ObservationWebFilterChainDecorator.java:152)
	|_    Mono.contextWrite ⇢ at org.springframework.security.web.server.context.ReactorContextWebFilter.filter(ReactorContextWebFilter.java:48)
	|_     Mono.doOnSuccess ⇢ at org.springframework.security.web.server.ObservationWebFilterChainDecorator$ObservationWebFilter.wrapFilter(ObservationWebFilterChainDecorator.java:211)
	|_           checkpoint ⇢ ReactorContextWebFilter [DefaultWebFilterChain]
	*____________Mono.defer ⇢ at org.springframework.security.web.server.ObservationWebFilterChainDecorator$ObservationWebFilterChain.filter(ObservationWebFilterChainDecorator.java:152)
	|_     Mono.doOnSuccess ⇢ at org.springframework.security.web.server.ObservationWebFilterChainDecorator$ObservationWebFilter.wrapFilter(ObservationWebFilterChainDecorator.java:211)
	|_           checkpoint ⇢ HttpHeaderWriterWebFilter [DefaultWebFilterChain]
	*____________Mono.defer ⇢ at org.springframework.security.web.server.ObservationWebFilterChainDecorator$ObservationWebFilterChain.filter(ObservationWebFilterChainDecorator.java:152)
	|_    Mono.contextWrite ⇢ at org.springframework.security.config.web.server.ServerHttpSecurity$ServerWebExchangeReactorContextWebFilter.filter(ServerHttpSecurity.java:4059)
	|_     Mono.doOnSuccess ⇢ at org.springframework.security.web.server.ObservationWebFilterChainDecorator$ObservationWebFilter.wrapFilter(ObservationWebFilterChainDecorator.java:211)
	|_     Mono.doOnSuccess ⇢ at org.springframework.security.web.server.ObservationWebFilterChainDecorator$AroundWebFilterObservation$SimpleAroundWebFilterObservation.lambda$wrap$6(ObservationWebFilterChainDecorator.java:367)
	|_      Mono.doOnCancel ⇢ at org.springframework.security.web.server.ObservationWebFilterChainDecorator$AroundWebFilterObservation$SimpleAroundWebFilterObservation.lambda$wrap$6(ObservationWebFilterChainDecorator.java:368)
	|_       Mono.doOnError ⇢ at org.springframework.security.web.server.ObservationWebFilterChainDecorator$AroundWebFilterObservation$SimpleAroundWebFilterObservation.lambda$wrap$6(ObservationWebFilterChainDecorator.java:369)
	|_    Mono.contextWrite ⇢ at org.springframework.security.web.server.ObservationWebFilterChainDecorator$AroundWebFilterObservation$SimpleAroundWebFilterObservation.lambda$wrap$6(ObservationWebFilterChainDecorator.java:373)
	*__Mono.deferContextual ⇢ at org.springframework.security.web.server.ObservationWebFilterChainDecorator$ObservationWebFilter.filter(ObservationWebFilterChainDecorator.java:193)
	|_           checkpoint ⇢ ServerWebExchangeReactorContextWebFilter [DefaultWebFilterChain]
	*____________Mono.defer ⇢ at org.springframework.security.web.server.ObservationWebFilterChainDecorator$ObservationWebFilterChain.filter(ObservationWebFilterChainDecorator.java:152)
	*__________Mono.flatMap ⇢ at org.springframework.security.web.server.WebFilterChainProxy.filterFirewalledExchange(WebFilterChainProxy.java:78)
	*__________Mono.flatMap ⇢ at org.springframework.security.web.server.WebFilterChainProxy.filter(WebFilterChainProxy.java:65)
	|_   Mono.onErrorResume ⇢ at org.springframework.security.web.server.WebFilterChainProxy.filter(WebFilterChainProxy.java:66)
	|_           checkpoint ⇢ org.springframework.security.web.server.WebFilterChainProxy [DefaultWebFilterChain]
	*____________Mono.defer ⇢ at org.springframework.web.server.handler.DefaultWebFilterChain.filter(DefaultWebFilterChain.java:106)
	|_       Mono.doOnError ⇢ at org.springframework.web.server.handler.ExceptionHandlingWebHandler.handle(ExceptionHandlingWebHandler.java:84)
	|_   Mono.onErrorResume ⇢ at org.springframework.web.server.handler.ExceptionHandlingWebHandler.handle(ExceptionHandlingWebHandler.java:85)
	|_       Mono.doOnError ⇢ at org.springframework.web.server.handler.ExceptionHandlingWebHandler.handle(ExceptionHandlingWebHandler.java:84)
	*____________Mono.error ⇢ at org.springframework.web.server.handler.ExceptionHandlingWebHandler$CheckpointInsertingHandler.handle(ExceptionHandlingWebHandler.java:106)
	|_           checkpoint ⇢ HTTP POST "/api/v1/login" [ExceptionHandlingWebHandler]
Original Stack Trace:
		at co.com.pragma.usecase.usuario.JwtUseCase.lambda$login$0(JwtUseCase.java:36) ~[main/:na]
		at reactor.core.publisher.MonoFlatMap$FlatMapMain.onNext(MonoFlatMap.java:132) ~[reactor-core-3.7.8.jar:3.7.8]
		at reactor.core.publisher.FluxSwitchIfEmpty$SwitchIfEmptySubscriber.onNext(FluxSwitchIfEmpty.java:74) ~[reactor-core-3.7.8.jar:3.7.8]
		at reactor.core.publisher.FluxContextWrite$ContextWriteSubscriber.onNext(FluxContextWrite.java:107) ~[reactor-core-3.7.8.jar:3.7.8]
		at reactor.core.publisher.FluxContextWrite$ContextWriteSubscriber.onNext(FluxContextWrite.java:107) ~[reactor-core-3.7.8.jar:3.7.8]
		at reactor.core.publisher.MonoFlatMap$FlatMapMain.secondComplete(MonoFlatMap.java:245) ~[reactor-core-3.7.8.jar:3.7.8]
		at reactor.core.publisher.MonoFlatMap$FlatMapInner.onNext(MonoFlatMap.java:305) ~[reactor-core-3.7.8.jar:3.7.8]
		at reactor.core.publisher.FluxOnErrorResume$ResumeSubscriber.onNext(FluxOnErrorResume.java:79) ~[reactor-core-3.7.8.jar:3.7.8]
		at reactor.core.publisher.MonoUsingWhen$MonoUsingWhenSubscriber.deferredComplete(MonoUsingWhen.java:268) ~[reactor-core-3.7.8.jar:3.7.8]
		at reactor.core.publisher.FluxUsingWhen$CommitInner.onComplete(FluxUsingWhen.java:532) ~[reactor-core-3.7.8.jar:3.7.8]
		at reactor.core.publisher.MonoFlatMap$FlatMapMain.secondComplete(MonoFlatMap.java:250) ~[reactor-core-3.7.8.jar:3.7.8]
		at reactor.core.publisher.MonoFlatMap$FlatMapInner.onComplete(MonoFlatMap.java:324) ~[reactor-core-3.7.8.jar:3.7.8]
		at reactor.core.publisher.MonoIgnoreThen$ThenIgnoreMain.onComplete(MonoIgnoreThen.java:210) ~[reactor-core-3.7.8.jar:3.7.8]
		at reactor.core.publisher.MonoIgnoreThen$ThenIgnoreMain.onComplete(MonoIgnoreThen.java:210) ~[reactor-core-3.7.8.jar:3.7.8]
		at reactor.core.publisher.FluxOnErrorReturn$ReturnSubscriber.onComplete(FluxOnErrorReturn.java:169) ~[reactor-core-3.7.8.jar:3.7.8]
		at reactor.core.publisher.Operators$MultiSubscriptionSubscriber.onComplete(Operators.java:2230) ~[reactor-core-3.7.8.jar:3.7.8]
		at reactor.core.publisher.Operators$MultiSubscriptionSubscriber.onComplete(Operators.java:2230) ~[reactor-core-3.7.8.jar:3.7.8]
		at reactor.core.publisher.MonoFlatMap$FlatMapMain.secondComplete(MonoFlatMap.java:250) ~[reactor-core-3.7.8.jar:3.7.8]
		at reactor.core.publisher.MonoFlatMap$FlatMapInner.onComplete(MonoFlatMap.java:324) ~[reactor-core-3.7.8.jar:3.7.8]
		at reactor.core.publisher.FluxPeekFuseable$PeekFuseableSubscriber.onComplete(FluxPeekFuseable.java:277) ~[reactor-core-3.7.8.jar:3.7.8]
		at reactor.core.publisher.Operators$MultiSubscriptionSubscriber.onComplete(Operators.java:2230) ~[reactor-core-3.7.8.jar:3.7.8]
		at reactor.core.publisher.MonoIgnoreThen$ThenIgnoreMain.onComplete(MonoIgnoreThen.java:210) ~[reactor-core-3.7.8.jar:3.7.8]
		at reactor.core.publisher.MonoIgnoreThen$ThenIgnoreMain.onComplete(MonoIgnoreThen.java:210) ~[reactor-core-3.7.8.jar:3.7.8]
		at reactor.pool.SimpleDequePool.maybeRecycleAndDrain(SimpleDequePool.java:547) ~[reactor-pool-1.1.3.jar:1.1.3]
		at reactor.pool.SimpleDequePool$QueuePoolRecyclerInner.onComplete(SimpleDequePool.java:788) ~[reactor-pool-1.1.3.jar:1.1.3]
		at reactor.core.publisher.Operators.complete(Operators.java:137) ~[reactor-core-3.7.8.jar:3.7.8]
		at reactor.core.publisher.MonoEmpty.subscribe(MonoEmpty.java:46) ~[reactor-core-3.7.8.jar:3.7.8]
		at reactor.core.publisher.Mono.subscribe(Mono.java:4576) ~[reactor-core-3.7.8.jar:3.7.8]
		at reactor.pool.SimpleDequePool$QueuePoolRecyclerMono.subscribe(SimpleDequePool.java:901) ~[reactor-pool-1.1.3.jar:1.1.3]
		at reactor.core.publisher.MonoDefer.subscribe(MonoDefer.java:53) ~[reactor-core-3.7.8.jar:3.7.8]
		at reactor.core.publisher.InternalMonoOperator.subscribe(InternalMonoOperator.java:76) ~[reactor-core-3.7.8.jar:3.7.8]
		at reactor.core.publisher.MonoIgnoreThen$ThenIgnoreMain.subscribeNext(MonoIgnoreThen.java:241) ~[reactor-core-3.7.8.jar:3.7.8]
		at reactor.core.publisher.MonoIgnoreThen$ThenIgnoreMain.onComplete(MonoIgnoreThen.java:204) ~[reactor-core-3.7.8.jar:3.7.8]
		at reactor.core.publisher.FluxPeekFuseable$PeekFuseableSubscriber.onComplete(FluxPeekFuseable.java:277) ~[reactor-core-3.7.8.jar:3.7.8]
		at reactor.core.publisher.MonoIgnoreElements$IgnoreElementsSubscriber.onComplete(MonoIgnoreElements.java:89) ~[reactor-core-3.7.8.jar:3.7.8]
		at reactor.core.publisher.MonoFlatMapMany$FlatMapManyInner.onComplete(MonoFlatMapMany.java:261) ~[reactor-core-3.7.8.jar:3.7.8]
		at reactor.core.publisher.FluxPeekFuseable$PeekFuseableSubscriber.onComplete(FluxPeekFuseable.java:277) ~[reactor-core-3.7.8.jar:3.7.8]
		at reactor.core.publisher.FluxContextWrite$ContextWriteSubscriber.onComplete(FluxContextWrite.java:126) ~[reactor-core-3.7.8.jar:3.7.8]
		at io.asyncer.r2dbc.mysql.internal.util.DiscardOnCancelSubscriber.onComplete(DiscardOnCancelSubscriber.java:84) ~[r2dbc-mysql-1.4.1.jar:1.4.1]
		at reactor.core.publisher.FluxPeekFuseable$PeekFuseableConditionalSubscriber.onComplete(FluxPeekFuseable.java:595) ~[reactor-core-3.7.8.jar:3.7.8]
		at reactor.core.publisher.FluxHandleFuseable$HandleFuseableConditionalSubscriber.onNext(FluxHandleFuseable.java:522) ~[reactor-core-3.7.8.jar:3.7.8]
		at reactor.core.publisher.FluxPeekFuseable$PeekConditionalSubscriber.onNext(FluxPeekFuseable.java:854) ~[reactor-core-3.7.8.jar:3.7.8]
		at reactor.core.publisher.SinkManyEmitterProcessor.drain(SinkManyEmitterProcessor.java:476) ~[reactor-core-3.7.8.jar:3.7.8]
		at reactor.core.publisher.SinkManyEmitterProcessor.tryEmitNext(SinkManyEmitterProcessor.java:273) ~[reactor-core-3.7.8.jar:3.7.8]
		at reactor.core.publisher.SinkManySerialized.tryEmitNext(SinkManySerialized.java:100) ~[reactor-core-3.7.8.jar:3.7.8]
		at reactor.core.publisher.InternalManySink.emitNext(InternalManySink.java:27) ~[reactor-core-3.7.8.jar:3.7.8]
		at io.asyncer.r2dbc.mysql.client.ReactorNettyClient$ResponseSink.next(ReactorNettyClient.java:395) ~[r2dbc-mysql-1.4.1.jar:1.4.1]
		at io.asyncer.r2dbc.mysql.client.ReactorNettyClient.lambda$new$0(ReactorNettyClient.java:119) ~[r2dbc-mysql-1.4.1.jar:1.4.1]
		at reactor.core.publisher.FluxPeek$PeekSubscriber.onNext(FluxPeek.java:185) ~[reactor-core-3.7.8.jar:3.7.8]
		at reactor.netty.channel.FluxReceive.drainReceiver(FluxReceive.java:292) ~[reactor-netty-core-1.2.8.jar:1.2.8]
		at reactor.netty.channel.FluxReceive.onInboundNext(FluxReceive.java:401) ~[reactor-netty-core-1.2.8.jar:1.2.8]
		at reactor.netty.channel.ChannelOperations.onInboundNext(ChannelOperations.java:435) ~[reactor-netty-core-1.2.8.jar:1.2.8]
		at reactor.netty.channel.ChannelOperationsHandler.channelRead(ChannelOperationsHandler.java:115) ~[reactor-netty-core-1.2.8.jar:1.2.8]
		at io.netty.channel.AbstractChannelHandlerContext.invokeChannelRead(AbstractChannelHandlerContext.java:444) ~[netty-transport-4.1.123.Final.jar:4.1.123.Final]
		at io.netty.channel.AbstractChannelHandlerContext.invokeChannelRead(AbstractChannelHandlerContext.java:420) ~[netty-transport-4.1.123.Final.jar:4.1.123.Final]
		at io.netty.channel.AbstractChannelHandlerContext.fireChannelRead(AbstractChannelHandlerContext.java:412) ~[netty-transport-4.1.123.Final.jar:4.1.123.Final]
		at io.netty.handler.codec.ByteToMessageDecoder.fireChannelRead(ByteToMessageDecoder.java:346) ~[netty-codec-4.1.123.Final.jar:4.1.123.Final]
		at io.netty.handler.codec.ByteToMessageDecoder.channelRead(ByteToMessageDecoder.java:318) ~[netty-codec-4.1.123.Final.jar:4.1.123.Final]
		at io.netty.channel.AbstractChannelHandlerContext.invokeChannelRead(AbstractChannelHandlerContext.java:444) ~[netty-transport-4.1.123.Final.jar:4.1.123.Final]
		at io.netty.channel.AbstractChannelHandlerContext.invokeChannelRead(AbstractChannelHandlerContext.java:420) ~[netty-transport-4.1.123.Final.jar:4.1.123.Final]
		at io.netty.channel.AbstractChannelHandlerContext.fireChannelRead(AbstractChannelHandlerContext.java:412) ~[netty-transport-4.1.123.Final.jar:4.1.123.Final]
		at io.netty.channel.DefaultChannelPipeline$HeadContext.channelRead(DefaultChannelPipeline.java:1357) ~[netty-transport-4.1.123.Final.jar:4.1.123.Final]
		at io.netty.channel.AbstractChannelHandlerContext.invokeChannelRead(AbstractChannelHandlerContext.java:440) ~[netty-transport-4.1.123.Final.jar:4.1.123.Final]
		at io.netty.channel.AbstractChannelHandlerContext.invokeChannelRead(AbstractChannelHandlerContext.java:420) ~[netty-transport-4.1.123.Final.jar:4.1.123.Final]
		at io.netty.channel.DefaultChannelPipeline.fireChannelRead(DefaultChannelPipeline.java:868) ~[netty-transport-4.1.123.Final.jar:4.1.123.Final]
		at io.netty.channel.nio.AbstractNioByteChannel$NioByteUnsafe.read(AbstractNioByteChannel.java:166) ~[netty-transport-4.1.123.Final.jar:4.1.123.Final]
		at io.netty.channel.nio.NioEventLoop.processSelectedKey(NioEventLoop.java:796) ~[netty-transport-4.1.123.Final.jar:4.1.123.Final]
		at io.netty.channel.nio.NioEventLoop.processSelectedKeysOptimized(NioEventLoop.java:732) ~[netty-transport-4.1.123.Final.jar:4.1.123.Final]
		at io.netty.channel.nio.NioEventLoop.processSelectedKeys(NioEventLoop.java:658) ~[netty-transport-4.1.123.Final.jar:4.1.123.Final]
		at io.netty.channel.nio.NioEventLoop.run(NioEventLoop.java:562) ~[netty-transport-4.1.123.Final.jar:4.1.123.Final]
		at io.netty.util.concurrent.SingleThreadEventExecutor$4.run(SingleThreadEventExecutor.java:998) ~[netty-common-4.1.123.Final.jar:4.1.123.Final]
		at io.netty.util.internal.ThreadExecutorMap$2.run(ThreadExecutorMap.java:74) ~[netty-common-4.1.123.Final.jar:4.1.123.Final]
		at io.netty.util.concurrent.FastThreadLocalRunnable.run(FastThreadLocalRunnable.java:30) ~[netty-common-4.1.123.Final.jar:4.1.123.Final]
		at java.base/java.lang.Thread.run(Thread.java:1447) ~[na:na]

2025-09-08T19:48:07.026-05:00 DEBUG 32388 --- [ReactiveProject] [reactor-http-nio-7] co.com.pragma.api.Handler                : Iniciando flujo para generar token
2025-09-08T19:48:07.431-05:00 ERROR 32388 --- [ReactiveProject] [reactor-tcp-nio-1] co.com.pragma.api.Handler                : Error al guardar usuario

co.com.pragma.usecase.usuario.excepcions.CredencialesInvalidasException: Credenciales inválidas. Intentos: 3
	at co.com.pragma.usecase.usuario.JwtUseCase.lambda$login$0(JwtUseCase.java:36) ~[main/:na]
	Suppressed: reactor.core.publisher.FluxOnAssembly$OnAssemblyException: 
Assembly trace from producer [reactor.core.publisher.MonoIgnoreThen] :
	reactor.core.publisher.Mono.then(Mono.java:4879)
	co.com.pragma.usecase.usuario.JwtUseCase.lambda$login$0(JwtUseCase.java:37)
Error has been observed at the following site(s):
	*___________Mono.then ⇢ at co.com.pragma.usecase.usuario.JwtUseCase.lambda$login$0(JwtUseCase.java:37)
	*________Mono.flatMap ⇢ at co.com.pragma.usecase.usuario.JwtUseCase.login(JwtUseCase.java:27)
	*________Mono.flatMap ⇢ at co.com.pragma.api.Handler.listenPOSTgenerarToken(Handler.java:87)
	|_           Mono.map ⇢ at co.com.pragma.api.Handler.listenPOSTgenerarToken(Handler.java:88)
	|_       Mono.flatMap ⇢ at co.com.pragma.api.Handler.listenPOSTgenerarToken(Handler.java:89)
	|_ Mono.doOnSubscribe ⇢ at co.com.pragma.api.Handler.listenPOSTgenerarToken(Handler.java:94)
	|_   Mono.doOnSuccess ⇢ at co.com.pragma.api.Handler.listenPOSTgenerarToken(Handler.java:95)
Original Stack Trace:
		at co.com.pragma.usecase.usuario.JwtUseCase.lambda$login$0(JwtUseCase.java:36) ~[main/:na]
		at reactor.core.publisher.MonoFlatMap$FlatMapMain.onNext(MonoFlatMap.java:132) ~[reactor-core-3.7.8.jar:3.7.8]
		at reactor.core.publisher.FluxSwitchIfEmpty$SwitchIfEmptySubscriber.onNext(FluxSwitchIfEmpty.java:74) ~[reactor-core-3.7.8.jar:3.7.8]
		at reactor.core.publisher.FluxContextWrite$ContextWriteSubscriber.onNext(FluxContextWrite.java:107) ~[reactor-core-3.7.8.jar:3.7.8]
		at reactor.core.publisher.FluxContextWrite$ContextWriteSubscriber.onNext(FluxContextWrite.java:107) ~[reactor-core-3.7.8.jar:3.7.8]
		at reactor.core.publisher.MonoFlatMap$FlatMapMain.secondComplete(MonoFlatMap.java:245) ~[reactor-core-3.7.8.jar:3.7.8]
		at reactor.core.publisher.MonoFlatMap$FlatMapInner.onNext(MonoFlatMap.java:305) ~[reactor-core-3.7.8.jar:3.7.8]
		at reactor.core.publisher.FluxOnErrorResume$ResumeSubscriber.onNext(FluxOnErrorResume.java:79) ~[reactor-core-3.7.8.jar:3.7.8]
		at reactor.core.publisher.MonoUsingWhen$MonoUsingWhenSubscriber.deferredComplete(MonoUsingWhen.java:268) ~[reactor-core-3.7.8.jar:3.7.8]
		at reactor.core.publisher.FluxUsingWhen$CommitInner.onComplete(FluxUsingWhen.java:532) ~[reactor-core-3.7.8.jar:3.7.8]
		at reactor.core.publisher.MonoFlatMap$FlatMapMain.secondComplete(MonoFlatMap.java:250) ~[reactor-core-3.7.8.jar:3.7.8]
		at reactor.core.publisher.MonoFlatMap$FlatMapInner.onComplete(MonoFlatMap.java:324) ~[reactor-core-3.7.8.jar:3.7.8]
		at reactor.core.publisher.MonoIgnoreThen$ThenIgnoreMain.onComplete(MonoIgnoreThen.java:210) ~[reactor-core-3.7.8.jar:3.7.8]
		at reactor.core.publisher.MonoIgnoreThen$ThenIgnoreMain.onComplete(MonoIgnoreThen.java:210) ~[reactor-core-3.7.8.jar:3.7.8]
		at reactor.core.publisher.FluxOnErrorReturn$ReturnSubscriber.onComplete(FluxOnErrorReturn.java:169) ~[reactor-core-3.7.8.jar:3.7.8]
		at reactor.core.publisher.Operators$MultiSubscriptionSubscriber.onComplete(Operators.java:2230) ~[reactor-core-3.7.8.jar:3.7.8]
		at reactor.core.publisher.Operators$MultiSubscriptionSubscriber.onComplete(Operators.java:2230) ~[reactor-core-3.7.8.jar:3.7.8]
		at reactor.core.publisher.MonoFlatMap$FlatMapMain.secondComplete(MonoFlatMap.java:250) ~[reactor-core-3.7.8.jar:3.7.8]
		at reactor.core.publisher.MonoFlatMap$FlatMapInner.onComplete(MonoFlatMap.java:324) ~[reactor-core-3.7.8.jar:3.7.8]
		at reactor.core.publisher.FluxPeekFuseable$PeekFuseableSubscriber.onComplete(FluxPeekFuseable.java:277) ~[reactor-core-3.7.8.jar:3.7.8]
		at reactor.core.publisher.Operators$MultiSubscriptionSubscriber.onComplete(Operators.java:2230) ~[reactor-core-3.7.8.jar:3.7.8]
		at reactor.core.publisher.MonoIgnoreThen$ThenIgnoreMain.onComplete(MonoIgnoreThen.java:210) ~[reactor-core-3.7.8.jar:3.7.8]
		at reactor.core.publisher.MonoIgnoreThen$ThenIgnoreMain.onComplete(MonoIgnoreThen.java:210) ~[reactor-core-3.7.8.jar:3.7.8]
		at reactor.pool.SimpleDequePool.maybeRecycleAndDrain(SimpleDequePool.java:547) ~[reactor-pool-1.1.3.jar:1.1.3]
		at reactor.pool.SimpleDequePool$QueuePoolRecyclerInner.onComplete(SimpleDequePool.java:788) ~[reactor-pool-1.1.3.jar:1.1.3]
		at reactor.core.publisher.Operators.complete(Operators.java:137) ~[reactor-core-3.7.8.jar:3.7.8]
		at reactor.core.publisher.MonoEmpty.subscribe(MonoEmpty.java:46) ~[reactor-core-3.7.8.jar:3.7.8]
		at reactor.core.publisher.Mono.subscribe(Mono.java:4576) ~[reactor-core-3.7.8.jar:3.7.8]
		at reactor.pool.SimpleDequePool$QueuePoolRecyclerMono.subscribe(SimpleDequePool.java:901) ~[reactor-pool-1.1.3.jar:1.1.3]
		at reactor.core.publisher.MonoDefer.subscribe(MonoDefer.java:53) ~[reactor-core-3.7.8.jar:3.7.8]
		at reactor.core.publisher.InternalMonoOperator.subscribe(InternalMonoOperator.java:76) ~[reactor-core-3.7.8.jar:3.7.8]
		at reactor.core.publisher.MonoIgnoreThen$ThenIgnoreMain.subscribeNext(MonoIgnoreThen.java:241) ~[reactor-core-3.7.8.jar:3.7.8]
		at reactor.core.publisher.MonoIgnoreThen$ThenIgnoreMain.onComplete(MonoIgnoreThen.java:204) ~[reactor-core-3.7.8.jar:3.7.8]
		at reactor.core.publisher.FluxPeekFuseable$PeekFuseableSubscriber.onComplete(FluxPeekFuseable.java:277) ~[reactor-core-3.7.8.jar:3.7.8]
		at reactor.core.publisher.MonoIgnoreElements$IgnoreElementsSubscriber.onComplete(MonoIgnoreElements.java:89) ~[reactor-core-3.7.8.jar:3.7.8]
		at reactor.core.publisher.MonoFlatMapMany$FlatMapManyInner.onComplete(MonoFlatMapMany.java:261) ~[reactor-core-3.7.8.jar:3.7.8]
		at reactor.core.publisher.FluxPeekFuseable$PeekFuseableSubscriber.onComplete(FluxPeekFuseable.java:277) ~[reactor-core-3.7.8.jar:3.7.8]
		at reactor.core.publisher.FluxContextWrite$ContextWriteSubscriber.onComplete(FluxContextWrite.java:126) ~[reactor-core-3.7.8.jar:3.7.8]
		at io.asyncer.r2dbc.mysql.internal.util.DiscardOnCancelSubscriber.onComplete(DiscardOnCancelSubscriber.java:84) ~[r2dbc-mysql-1.4.1.jar:1.4.1]
		at reactor.core.publisher.FluxPeekFuseable$PeekFuseableConditionalSubscriber.onComplete(FluxPeekFuseable.java:595) ~[reactor-core-3.7.8.jar:3.7.8]
		at reactor.core.publisher.FluxHandleFuseable$HandleFuseableConditionalSubscriber.onNext(FluxHandleFuseable.java:522) ~[reactor-core-3.7.8.jar:3.7.8]
		at reactor.core.publisher.FluxPeekFuseable$PeekConditionalSubscriber.onNext(FluxPeekFuseable.java:854) ~[reactor-core-3.7.8.jar:3.7.8]
		at reactor.core.publisher.SinkManyEmitterProcessor.drain(SinkManyEmitterProcessor.java:476) ~[reactor-core-3.7.8.jar:3.7.8]
		at reactor.core.publisher.SinkManyEmitterProcessor.tryEmitNext(SinkManyEmitterProcessor.java:273) ~[reactor-core-3.7.8.jar:3.7.8]
		at reactor.core.publisher.SinkManySerialized.tryEmitNext(SinkManySerialized.java:100) ~[reactor-core-3.7.8.jar:3.7.8]
		at reactor.core.publisher.InternalManySink.emitNext(InternalManySink.java:27) ~[reactor-core-3.7.8.jar:3.7.8]
		at io.asyncer.r2dbc.mysql.client.ReactorNettyClient$ResponseSink.next(ReactorNettyClient.java:395) ~[r2dbc-mysql-1.4.1.jar:1.4.1]
		at io.asyncer.r2dbc.mysql.client.ReactorNettyClient.lambda$new$0(ReactorNettyClient.java:119) ~[r2dbc-mysql-1.4.1.jar:1.4.1]
		at reactor.core.publisher.FluxPeek$PeekSubscriber.onNext(FluxPeek.java:185) ~[reactor-core-3.7.8.jar:3.7.8]
		at reactor.netty.channel.FluxReceive.drainReceiver(FluxReceive.java:292) ~[reactor-netty-core-1.2.8.jar:1.2.8]
		at reactor.netty.channel.FluxReceive.onInboundNext(FluxReceive.java:401) ~[reactor-netty-core-1.2.8.jar:1.2.8]
		at reactor.netty.channel.ChannelOperations.onInboundNext(ChannelOperations.java:435) ~[reactor-netty-core-1.2.8.jar:1.2.8]
		at reactor.netty.channel.ChannelOperationsHandler.channelRead(ChannelOperationsHandler.java:115) ~[reactor-netty-core-1.2.8.jar:1.2.8]
		at io.netty.channel.AbstractChannelHandlerContext.invokeChannelRead(AbstractChannelHandlerContext.java:444) ~[netty-transport-4.1.123.Final.jar:4.1.123.Final]
		at io.netty.channel.AbstractChannelHandlerContext.invokeChannelRead(AbstractChannelHandlerContext.java:420) ~[netty-transport-4.1.123.Final.jar:4.1.123.Final]
		at io.netty.channel.AbstractChannelHandlerContext.fireChannelRead(AbstractChannelHandlerContext.java:412) ~[netty-transport-4.1.123.Final.jar:4.1.123.Final]
		at io.netty.handler.codec.ByteToMessageDecoder.fireChannelRead(ByteToMessageDecoder.java:346) ~[netty-codec-4.1.123.Final.jar:4.1.123.Final]
		at io.netty.handler.codec.ByteToMessageDecoder.channelRead(ByteToMessageDecoder.java:318) ~[netty-codec-4.1.123.Final.jar:4.1.123.Final]
		at io.netty.channel.AbstractChannelHandlerContext.invokeChannelRead(AbstractChannelHandlerContext.java:444) ~[netty-transport-4.1.123.Final.jar:4.1.123.Final]
		at io.netty.channel.AbstractChannelHandlerContext.invokeChannelRead(AbstractChannelHandlerContext.java:420) ~[netty-transport-4.1.123.Final.jar:4.1.123.Final]
		at io.netty.channel.AbstractChannelHandlerContext.fireChannelRead(AbstractChannelHandlerContext.java:412) ~[netty-transport-4.1.123.Final.jar:4.1.123.Final]
		at io.netty.channel.DefaultChannelPipeline$HeadContext.channelRead(DefaultChannelPipeline.java:1357) ~[netty-transport-4.1.123.Final.jar:4.1.123.Final]
		at io.netty.channel.AbstractChannelHandlerContext.invokeChannelRead(AbstractChannelHandlerContext.java:440) ~[netty-transport-4.1.123.Final.jar:4.1.123.Final]
		at io.netty.channel.AbstractChannelHandlerContext.invokeChannelRead(AbstractChannelHandlerContext.java:420) ~[netty-transport-4.1.123.Final.jar:4.1.123.Final]
		at io.netty.channel.DefaultChannelPipeline.fireChannelRead(DefaultChannelPipeline.java:868) ~[netty-transport-4.1.123.Final.jar:4.1.123.Final]
		at io.netty.channel.nio.AbstractNioByteChannel$NioByteUnsafe.read(AbstractNioByteChannel.java:166) ~[netty-transport-4.1.123.Final.jar:4.1.123.Final]
		at io.netty.channel.nio.NioEventLoop.processSelectedKey(NioEventLoop.java:796) ~[netty-transport-4.1.123.Final.jar:4.1.123.Final]
		at io.netty.channel.nio.NioEventLoop.processSelectedKeysOptimized(NioEventLoop.java:732) ~[netty-transport-4.1.123.Final.jar:4.1.123.Final]
		at io.netty.channel.nio.NioEventLoop.processSelectedKeys(NioEventLoop.java:658) ~[netty-transport-4.1.123.Final.jar:4.1.123.Final]
		at io.netty.channel.nio.NioEventLoop.run(NioEventLoop.java:562) ~[netty-transport-4.1.123.Final.jar:4.1.123.Final]
		at io.netty.util.concurrent.SingleThreadEventExecutor$4.run(SingleThreadEventExecutor.java:998) ~[netty-common-4.1.123.Final.jar:4.1.123.Final]
		at io.netty.util.internal.ThreadExecutorMap$2.run(ThreadExecutorMap.java:74) ~[netty-common-4.1.123.Final.jar:4.1.123.Final]
		at io.netty.util.concurrent.FastThreadLocalRunnable.run(FastThreadLocalRunnable.java:30) ~[netty-common-4.1.123.Final.jar:4.1.123.Final]
		at java.base/java.lang.Thread.run(Thread.java:1447) ~[na:na]

2025-09-08T19:48:07.535-05:00 ERROR 32388 --- [ReactiveProject] [reactor-tcp-nio-1] c.c.p.api.excepcions.GlobalErrorHandler  : Error capturado globalmente: 

co.com.pragma.usecase.usuario.excepcions.CredencialesInvalidasException: Credenciales inválidas. Intentos: 3
	at co.com.pragma.usecase.usuario.JwtUseCase.lambda$login$0(JwtUseCase.java:36) ~[main/:na]
	Suppressed: reactor.core.publisher.FluxOnAssembly$OnAssemblyException: 
Assembly trace from producer [reactor.core.publisher.MonoIgnoreThen] :
	reactor.core.publisher.Mono.then(Mono.java:4879)
	co.com.pragma.usecase.usuario.JwtUseCase.lambda$login$0(JwtUseCase.java:37)
Error has been observed at the following site(s):
	*_____________Mono.then ⇢ at co.com.pragma.usecase.usuario.JwtUseCase.lambda$login$0(JwtUseCase.java:37)
	*__________Mono.flatMap ⇢ at co.com.pragma.usecase.usuario.JwtUseCase.login(JwtUseCase.java:27)
	*__________Mono.flatMap ⇢ at co.com.pragma.api.Handler.listenPOSTgenerarToken(Handler.java:87)
	|_             Mono.map ⇢ at co.com.pragma.api.Handler.listenPOSTgenerarToken(Handler.java:88)
	|_         Mono.flatMap ⇢ at co.com.pragma.api.Handler.listenPOSTgenerarToken(Handler.java:89)
	|_   Mono.doOnSubscribe ⇢ at co.com.pragma.api.Handler.listenPOSTgenerarToken(Handler.java:94)
	|_     Mono.doOnSuccess ⇢ at co.com.pragma.api.Handler.listenPOSTgenerarToken(Handler.java:95)
	|_       Mono.doOnError ⇢ at co.com.pragma.api.Handler.listenPOSTgenerarToken(Handler.java:96)
	|_             Mono.map ⇢ at org.springframework.web.reactive.function.server.support.HandlerFunctionAdapter.handle(HandlerFunctionAdapter.java:62)
	|_   Mono.onErrorResume ⇢ at org.springframework.web.reactive.DispatcherHandler.handleResultMono(DispatcherHandler.java:168)
	|_         Mono.flatMap ⇢ at org.springframework.web.reactive.DispatcherHandler.handleResultMono(DispatcherHandler.java:172)
	*____________Mono.error ⇢ at org.springframework.web.reactive.result.method.annotation.RequestMappingHandlerAdapter.handleException(RequestMappingHandlerAdapter.java:340)
	*__________Mono.flatMap ⇢ at org.springframework.web.reactive.DispatcherHandler.handle(DispatcherHandler.java:154)
	*____________Mono.defer ⇢ at org.springframework.web.server.handler.DefaultWebFilterChain.filter(DefaultWebFilterChain.java:106)
	|_           checkpoint ⇢ org.springframework.web.cors.reactive.CorsWebFilter [DefaultWebFilterChain]
	*____________Mono.defer ⇢ at org.springframework.web.server.handler.DefaultWebFilterChain.filter(DefaultWebFilterChain.java:106)
	|_           checkpoint ⇢ co.com.pragma.api.config.SecurityHeadersConfig [DefaultWebFilterChain]
	*____________Mono.defer ⇢ at org.springframework.web.server.handler.DefaultWebFilterChain.filter(DefaultWebFilterChain.java:106)
	|_     Mono.doOnSuccess ⇢ at org.springframework.security.web.server.ObservationWebFilterChainDecorator$WebFilterObservation$SimpleWebFilterObservation.lambda$wrap$6(ObservationWebFilterChainDecorator.java:560)
	|_      Mono.doOnCancel ⇢ at org.springframework.security.web.server.ObservationWebFilterChainDecorator$WebFilterObservation$SimpleWebFilterObservation.lambda$wrap$6(ObservationWebFilterChainDecorator.java:561)
	|_       Mono.doOnError ⇢ at org.springframework.security.web.server.ObservationWebFilterChainDecorator$WebFilterObservation$SimpleWebFilterObservation.lambda$wrap$6(ObservationWebFilterChainDecorator.java:562)
	|_    Mono.contextWrite ⇢ at org.springframework.security.web.server.ObservationWebFilterChainDecorator$WebFilterObservation$SimpleWebFilterObservation.lambda$wrap$6(ObservationWebFilterChainDecorator.java:566)
	|_     Mono.doOnSuccess ⇢ at org.springframework.security.web.server.ObservationWebFilterChainDecorator$AroundWebFilterObservation$SimpleAroundWebFilterObservation.lambda$wrap$2(ObservationWebFilterChainDecorator.java:351)
	|_      Mono.doOnCancel ⇢ at org.springframework.security.web.server.ObservationWebFilterChainDecorator$AroundWebFilterObservation$SimpleAroundWebFilterObservation.lambda$wrap$2(ObservationWebFilterChainDecorator.java:352)
	|_       Mono.doOnError ⇢ at org.springframework.security.web.server.ObservationWebFilterChainDecorator$AroundWebFilterObservation$SimpleAroundWebFilterObservation.lambda$wrap$2(ObservationWebFilterChainDecorator.java:353)
	*__Mono.deferContextual ⇢ at org.springframework.security.web.server.ObservationWebFilterChainDecorator.lambda$wrapSecured$1(ObservationWebFilterChainDecorator.java:76)
	*____________Mono.defer ⇢ at org.springframework.security.web.server.ObservationWebFilterChainDecorator$ObservationWebFilterChain.filter(ObservationWebFilterChainDecorator.java:152)
	*____Mono.switchIfEmpty ⇢ at org.springframework.security.web.server.authorization.AuthorizationWebFilter.filter(AuthorizationWebFilter.java:56)
	|_     Mono.doOnSuccess ⇢ at org.springframework.security.web.server.ObservationWebFilterChainDecorator$ObservationWebFilter.wrapFilter(ObservationWebFilterChainDecorator.java:211)
	|_           checkpoint ⇢ AuthorizationWebFilter [DefaultWebFilterChain]
	*____________Mono.defer ⇢ at org.springframework.security.web.server.ObservationWebFilterChainDecorator$ObservationWebFilterChain.filter(ObservationWebFilterChainDecorator.java:152)
	|_   Mono.onErrorResume ⇢ at org.springframework.security.web.server.authorization.ExceptionTranslationWebFilter.filter(ExceptionTranslationWebFilter.java:53)
	|_     Mono.doOnSuccess ⇢ at org.springframework.security.web.server.ObservationWebFilterChainDecorator$ObservationWebFilter.wrapFilter(ObservationWebFilterChainDecorator.java:211)
	|_           checkpoint ⇢ ExceptionTranslationWebFilter [DefaultWebFilterChain]
	*____________Mono.defer ⇢ at org.springframework.security.web.server.ObservationWebFilterChainDecorator$ObservationWebFilterChain.filter(ObservationWebFilterChainDecorator.java:152)
	*__________Mono.flatMap ⇢ at org.springframework.security.web.server.savedrequest.ServerRequestCacheWebFilter.filter(ServerRequestCacheWebFilter.java:41)
	|_     Mono.doOnSuccess ⇢ at org.springframework.security.web.server.ObservationWebFilterChainDecorator$ObservationWebFilter.wrapFilter(ObservationWebFilterChainDecorator.java:211)
	|_           checkpoint ⇢ ServerRequestCacheWebFilter [DefaultWebFilterChain]
	*____________Mono.defer ⇢ at org.springframework.security.web.server.ObservationWebFilterChainDecorator$ObservationWebFilterChain.filter(ObservationWebFilterChainDecorator.java:152)
	|_     Mono.doOnSuccess ⇢ at org.springframework.security.web.server.ObservationWebFilterChainDecorator$ObservationWebFilter.wrapFilter(ObservationWebFilterChainDecorator.java:211)
	|_           checkpoint ⇢ SecurityContextServerWebExchangeWebFilter [DefaultWebFilterChain]
	*____________Mono.defer ⇢ at org.springframework.security.web.server.ObservationWebFilterChainDecorator$ObservationWebFilterChain.filter(ObservationWebFilterChainDecorator.java:152)
	|_    Mono.contextWrite ⇢ at org.springframework.security.web.server.context.ReactorContextWebFilter.filter(ReactorContextWebFilter.java:48)
	|_     Mono.doOnSuccess ⇢ at org.springframework.security.web.server.ObservationWebFilterChainDecorator$ObservationWebFilter.wrapFilter(ObservationWebFilterChainDecorator.java:211)
	|_           checkpoint ⇢ ReactorContextWebFilter [DefaultWebFilterChain]
	*____________Mono.defer ⇢ at org.springframework.security.web.server.ObservationWebFilterChainDecorator$ObservationWebFilterChain.filter(ObservationWebFilterChainDecorator.java:152)
	|_     Mono.doOnSuccess ⇢ at org.springframework.security.web.server.ObservationWebFilterChainDecorator$ObservationWebFilter.wrapFilter(ObservationWebFilterChainDecorator.java:211)
	|_           checkpoint ⇢ HttpHeaderWriterWebFilter [DefaultWebFilterChain]
	*____________Mono.defer ⇢ at org.springframework.security.web.server.ObservationWebFilterChainDecorator$ObservationWebFilterChain.filter(ObservationWebFilterChainDecorator.java:152)
	|_    Mono.contextWrite ⇢ at org.springframework.security.config.web.server.ServerHttpSecurity$ServerWebExchangeReactorContextWebFilter.filter(ServerHttpSecurity.java:4059)
	|_     Mono.doOnSuccess ⇢ at org.springframework.security.web.server.ObservationWebFilterChainDecorator$ObservationWebFilter.wrapFilter(ObservationWebFilterChainDecorator.java:211)
	|_     Mono.doOnSuccess ⇢ at org.springframework.security.web.server.ObservationWebFilterChainDecorator$AroundWebFilterObservation$SimpleAroundWebFilterObservation.lambda$wrap$6(ObservationWebFilterChainDecorator.java:367)
	|_      Mono.doOnCancel ⇢ at org.springframework.security.web.server.ObservationWebFilterChainDecorator$AroundWebFilterObservation$SimpleAroundWebFilterObservation.lambda$wrap$6(ObservationWebFilterChainDecorator.java:368)
	|_       Mono.doOnError ⇢ at org.springframework.security.web.server.ObservationWebFilterChainDecorator$AroundWebFilterObservation$SimpleAroundWebFilterObservation.lambda$wrap$6(ObservationWebFilterChainDecorator.java:369)
	|_    Mono.contextWrite ⇢ at org.springframework.security.web.server.ObservationWebFilterChainDecorator$AroundWebFilterObservation$SimpleAroundWebFilterObservation.lambda$wrap$6(ObservationWebFilterChainDecorator.java:373)
	*__Mono.deferContextual ⇢ at org.springframework.security.web.server.ObservationWebFilterChainDecorator$ObservationWebFilter.filter(ObservationWebFilterChainDecorator.java:193)
	|_           checkpoint ⇢ ServerWebExchangeReactorContextWebFilter [DefaultWebFilterChain]
	*____________Mono.defer ⇢ at org.springframework.security.web.server.ObservationWebFilterChainDecorator$ObservationWebFilterChain.filter(ObservationWebFilterChainDecorator.java:152)
	*__________Mono.flatMap ⇢ at org.springframework.security.web.server.WebFilterChainProxy.filterFirewalledExchange(WebFilterChainProxy.java:78)
	*__________Mono.flatMap ⇢ at org.springframework.security.web.server.WebFilterChainProxy.filter(WebFilterChainProxy.java:65)
	|_   Mono.onErrorResume ⇢ at org.springframework.security.web.server.WebFilterChainProxy.filter(WebFilterChainProxy.java:66)
	|_           checkpoint ⇢ org.springframework.security.web.server.WebFilterChainProxy [DefaultWebFilterChain]
	*____________Mono.defer ⇢ at org.springframework.web.server.handler.DefaultWebFilterChain.filter(DefaultWebFilterChain.java:106)
	|_       Mono.doOnError ⇢ at org.springframework.web.server.handler.ExceptionHandlingWebHandler.handle(ExceptionHandlingWebHandler.java:84)
	|_   Mono.onErrorResume ⇢ at org.springframework.web.server.handler.ExceptionHandlingWebHandler.handle(ExceptionHandlingWebHandler.java:85)
	|_       Mono.doOnError ⇢ at org.springframework.web.server.handler.ExceptionHandlingWebHandler.handle(ExceptionHandlingWebHandler.java:84)
	*____________Mono.error ⇢ at org.springframework.web.server.handler.ExceptionHandlingWebHandler$CheckpointInsertingHandler.handle(ExceptionHandlingWebHandler.java:106)
	|_           checkpoint ⇢ HTTP POST "/api/v1/login" [ExceptionHandlingWebHandler]
Original Stack Trace:
		at co.com.pragma.usecase.usuario.JwtUseCase.lambda$login$0(JwtUseCase.java:36) ~[main/:na]
		at reactor.core.publisher.MonoFlatMap$FlatMapMain.onNext(MonoFlatMap.java:132) ~[reactor-core-3.7.8.jar:3.7.8]
		at reactor.core.publisher.FluxSwitchIfEmpty$SwitchIfEmptySubscriber.onNext(FluxSwitchIfEmpty.java:74) ~[reactor-core-3.7.8.jar:3.7.8]
		at reactor.core.publisher.FluxContextWrite$ContextWriteSubscriber.onNext(FluxContextWrite.java:107) ~[reactor-core-3.7.8.jar:3.7.8]
		at reactor.core.publisher.FluxContextWrite$ContextWriteSubscriber.onNext(FluxContextWrite.java:107) ~[reactor-core-3.7.8.jar:3.7.8]
		at reactor.core.publisher.MonoFlatMap$FlatMapMain.secondComplete(MonoFlatMap.java:245) ~[reactor-core-3.7.8.jar:3.7.8]
		at reactor.core.publisher.MonoFlatMap$FlatMapInner.onNext(MonoFlatMap.java:305) ~[reactor-core-3.7.8.jar:3.7.8]
		at reactor.core.publisher.FluxOnErrorResume$ResumeSubscriber.onNext(FluxOnErrorResume.java:79) ~[reactor-core-3.7.8.jar:3.7.8]
		at reactor.core.publisher.MonoUsingWhen$MonoUsingWhenSubscriber.deferredComplete(MonoUsingWhen.java:268) ~[reactor-core-3.7.8.jar:3.7.8]
		at reactor.core.publisher.FluxUsingWhen$CommitInner.onComplete(FluxUsingWhen.java:532) ~[reactor-core-3.7.8.jar:3.7.8]
		at reactor.core.publisher.MonoFlatMap$FlatMapMain.secondComplete(MonoFlatMap.java:250) ~[reactor-core-3.7.8.jar:3.7.8]
		at reactor.core.publisher.MonoFlatMap$FlatMapInner.onComplete(MonoFlatMap.java:324) ~[reactor-core-3.7.8.jar:3.7.8]
		at reactor.core.publisher.MonoIgnoreThen$ThenIgnoreMain.onComplete(MonoIgnoreThen.java:210) ~[reactor-core-3.7.8.jar:3.7.8]
		at reactor.core.publisher.MonoIgnoreThen$ThenIgnoreMain.onComplete(MonoIgnoreThen.java:210) ~[reactor-core-3.7.8.jar:3.7.8]
		at reactor.core.publisher.FluxOnErrorReturn$ReturnSubscriber.onComplete(FluxOnErrorReturn.java:169) ~[reactor-core-3.7.8.jar:3.7.8]
		at reactor.core.publisher.Operators$MultiSubscriptionSubscriber.onComplete(Operators.java:2230) ~[reactor-core-3.7.8.jar:3.7.8]
		at reactor.core.publisher.Operators$MultiSubscriptionSubscriber.onComplete(Operators.java:2230) ~[reactor-core-3.7.8.jar:3.7.8]
		at reactor.core.publisher.MonoFlatMap$FlatMapMain.secondComplete(MonoFlatMap.java:250) ~[reactor-core-3.7.8.jar:3.7.8]
		at reactor.core.publisher.MonoFlatMap$FlatMapInner.onComplete(MonoFlatMap.java:324) ~[reactor-core-3.7.8.jar:3.7.8]
		at reactor.core.publisher.FluxPeekFuseable$PeekFuseableSubscriber.onComplete(FluxPeekFuseable.java:277) ~[reactor-core-3.7.8.jar:3.7.8]
		at reactor.core.publisher.Operators$MultiSubscriptionSubscriber.onComplete(Operators.java:2230) ~[reactor-core-3.7.8.jar:3.7.8]
		at reactor.core.publisher.MonoIgnoreThen$ThenIgnoreMain.onComplete(MonoIgnoreThen.java:210) ~[reactor-core-3.7.8.jar:3.7.8]
		at reactor.core.publisher.MonoIgnoreThen$ThenIgnoreMain.onComplete(MonoIgnoreThen.java:210) ~[reactor-core-3.7.8.jar:3.7.8]
		at reactor.pool.SimpleDequePool.maybeRecycleAndDrain(SimpleDequePool.java:547) ~[reactor-pool-1.1.3.jar:1.1.3]
		at reactor.pool.SimpleDequePool$QueuePoolRecyclerInner.onComplete(SimpleDequePool.java:788) ~[reactor-pool-1.1.3.jar:1.1.3]
		at reactor.core.publisher.Operators.complete(Operators.java:137) ~[reactor-core-3.7.8.jar:3.7.8]
		at reactor.core.publisher.MonoEmpty.subscribe(MonoEmpty.java:46) ~[reactor-core-3.7.8.jar:3.7.8]
		at reactor.core.publisher.Mono.subscribe(Mono.java:4576) ~[reactor-core-3.7.8.jar:3.7.8]
		at reactor.pool.SimpleDequePool$QueuePoolRecyclerMono.subscribe(SimpleDequePool.java:901) ~[reactor-pool-1.1.3.jar:1.1.3]
		at reactor.core.publisher.MonoDefer.subscribe(MonoDefer.java:53) ~[reactor-core-3.7.8.jar:3.7.8]
		at reactor.core.publisher.InternalMonoOperator.subscribe(InternalMonoOperator.java:76) ~[reactor-core-3.7.8.jar:3.7.8]
		at reactor.core.publisher.MonoIgnoreThen$ThenIgnoreMain.subscribeNext(MonoIgnoreThen.java:241) ~[reactor-core-3.7.8.jar:3.7.8]
		at reactor.core.publisher.MonoIgnoreThen$ThenIgnoreMain.onComplete(MonoIgnoreThen.java:204) ~[reactor-core-3.7.8.jar:3.7.8]
		at reactor.core.publisher.FluxPeekFuseable$PeekFuseableSubscriber.onComplete(FluxPeekFuseable.java:277) ~[reactor-core-3.7.8.jar:3.7.8]
		at reactor.core.publisher.MonoIgnoreElements$IgnoreElementsSubscriber.onComplete(MonoIgnoreElements.java:89) ~[reactor-core-3.7.8.jar:3.7.8]
		at reactor.core.publisher.MonoFlatMapMany$FlatMapManyInner.onComplete(MonoFlatMapMany.java:261) ~[reactor-core-3.7.8.jar:3.7.8]
		at reactor.core.publisher.FluxPeekFuseable$PeekFuseableSubscriber.onComplete(FluxPeekFuseable.java:277) ~[reactor-core-3.7.8.jar:3.7.8]
		at reactor.core.publisher.FluxContextWrite$ContextWriteSubscriber.onComplete(FluxContextWrite.java:126) ~[reactor-core-3.7.8.jar:3.7.8]
		at io.asyncer.r2dbc.mysql.internal.util.DiscardOnCancelSubscriber.onComplete(DiscardOnCancelSubscriber.java:84) ~[r2dbc-mysql-1.4.1.jar:1.4.1]
		at reactor.core.publisher.FluxPeekFuseable$PeekFuseableConditionalSubscriber.onComplete(FluxPeekFuseable.java:595) ~[reactor-core-3.7.8.jar:3.7.8]
		at reactor.core.publisher.FluxHandleFuseable$HandleFuseableConditionalSubscriber.onNext(FluxHandleFuseable.java:522) ~[reactor-core-3.7.8.jar:3.7.8]
		at reactor.core.publisher.FluxPeekFuseable$PeekConditionalSubscriber.onNext(FluxPeekFuseable.java:854) ~[reactor-core-3.7.8.jar:3.7.8]
		at reactor.core.publisher.SinkManyEmitterProcessor.drain(SinkManyEmitterProcessor.java:476) ~[reactor-core-3.7.8.jar:3.7.8]
		at reactor.core.publisher.SinkManyEmitterProcessor.tryEmitNext(SinkManyEmitterProcessor.java:273) ~[reactor-core-3.7.8.jar:3.7.8]
		at reactor.core.publisher.SinkManySerialized.tryEmitNext(SinkManySerialized.java:100) ~[reactor-core-3.7.8.jar:3.7.8]
		at reactor.core.publisher.InternalManySink.emitNext(InternalManySink.java:27) ~[reactor-core-3.7.8.jar:3.7.8]
		at io.asyncer.r2dbc.mysql.client.ReactorNettyClient$ResponseSink.next(ReactorNettyClient.java:395) ~[r2dbc-mysql-1.4.1.jar:1.4.1]
		at io.asyncer.r2dbc.mysql.client.ReactorNettyClient.lambda$new$0(ReactorNettyClient.java:119) ~[r2dbc-mysql-1.4.1.jar:1.4.1]
		at reactor.core.publisher.FluxPeek$PeekSubscriber.onNext(FluxPeek.java:185) ~[reactor-core-3.7.8.jar:3.7.8]
		at reactor.netty.channel.FluxReceive.drainReceiver(FluxReceive.java:292) ~[reactor-netty-core-1.2.8.jar:1.2.8]
		at reactor.netty.channel.FluxReceive.onInboundNext(FluxReceive.java:401) ~[reactor-netty-core-1.2.8.jar:1.2.8]
		at reactor.netty.channel.ChannelOperations.onInboundNext(ChannelOperations.java:435) ~[reactor-netty-core-1.2.8.jar:1.2.8]
		at reactor.netty.channel.ChannelOperationsHandler.channelRead(ChannelOperationsHandler.java:115) ~[reactor-netty-core-1.2.8.jar:1.2.8]
		at io.netty.channel.AbstractChannelHandlerContext.invokeChannelRead(AbstractChannelHandlerContext.java:444) ~[netty-transport-4.1.123.Final.jar:4.1.123.Final]
		at io.netty.channel.AbstractChannelHandlerContext.invokeChannelRead(AbstractChannelHandlerContext.java:420) ~[netty-transport-4.1.123.Final.jar:4.1.123.Final]
		at io.netty.channel.AbstractChannelHandlerContext.fireChannelRead(AbstractChannelHandlerContext.java:412) ~[netty-transport-4.1.123.Final.jar:4.1.123.Final]
		at io.netty.handler.codec.ByteToMessageDecoder.fireChannelRead(ByteToMessageDecoder.java:346) ~[netty-codec-4.1.123.Final.jar:4.1.123.Final]
		at io.netty.handler.codec.ByteToMessageDecoder.channelRead(ByteToMessageDecoder.java:318) ~[netty-codec-4.1.123.Final.jar:4.1.123.Final]
		at io.netty.channel.AbstractChannelHandlerContext.invokeChannelRead(AbstractChannelHandlerContext.java:444) ~[netty-transport-4.1.123.Final.jar:4.1.123.Final]
		at io.netty.channel.AbstractChannelHandlerContext.invokeChannelRead(AbstractChannelHandlerContext.java:420) ~[netty-transport-4.1.123.Final.jar:4.1.123.Final]
		at io.netty.channel.AbstractChannelHandlerContext.fireChannelRead(AbstractChannelHandlerContext.java:412) ~[netty-transport-4.1.123.Final.jar:4.1.123.Final]
		at io.netty.channel.DefaultChannelPipeline$HeadContext.channelRead(DefaultChannelPipeline.java:1357) ~[netty-transport-4.1.123.Final.jar:4.1.123.Final]
		at io.netty.channel.AbstractChannelHandlerContext.invokeChannelRead(AbstractChannelHandlerContext.java:440) ~[netty-transport-4.1.123.Final.jar:4.1.123.Final]
		at io.netty.channel.AbstractChannelHandlerContext.invokeChannelRead(AbstractChannelHandlerContext.java:420) ~[netty-transport-4.1.123.Final.jar:4.1.123.Final]
		at io.netty.channel.DefaultChannelPipeline.fireChannelRead(DefaultChannelPipeline.java:868) ~[netty-transport-4.1.123.Final.jar:4.1.123.Final]
		at io.netty.channel.nio.AbstractNioByteChannel$NioByteUnsafe.read(AbstractNioByteChannel.java:166) ~[netty-transport-4.1.123.Final.jar:4.1.123.Final]
		at io.netty.channel.nio.NioEventLoop.processSelectedKey(NioEventLoop.java:796) ~[netty-transport-4.1.123.Final.jar:4.1.123.Final]
		at io.netty.channel.nio.NioEventLoop.processSelectedKeysOptimized(NioEventLoop.java:732) ~[netty-transport-4.1.123.Final.jar:4.1.123.Final]
		at io.netty.channel.nio.NioEventLoop.processSelectedKeys(NioEventLoop.java:658) ~[netty-transport-4.1.123.Final.jar:4.1.123.Final]
		at io.netty.channel.nio.NioEventLoop.run(NioEventLoop.java:562) ~[netty-transport-4.1.123.Final.jar:4.1.123.Final]
		at io.netty.util.concurrent.SingleThreadEventExecutor$4.run(SingleThreadEventExecutor.java:998) ~[netty-common-4.1.123.Final.jar:4.1.123.Final]
		at io.netty.util.internal.ThreadExecutorMap$2.run(ThreadExecutorMap.java:74) ~[netty-common-4.1.123.Final.jar:4.1.123.Final]
		at io.netty.util.concurrent.FastThreadLocalRunnable.run(FastThreadLocalRunnable.java:30) ~[netty-common-4.1.123.Final.jar:4.1.123.Final]
		at java.base/java.lang.Thread.run(Thread.java:1447) ~[na:na]

2025-09-08T19:48:09.561-05:00 DEBUG 32388 --- [ReactiveProject] [reactor-http-nio-7] co.com.pragma.api.Handler                : Iniciando flujo para generar token
2025-09-08T19:48:09.612-05:00 ERROR 32388 --- [ReactiveProject] [reactor-tcp-nio-1] co.com.pragma.api.Handler                : Error al guardar usuario

co.com.pragma.usecase.usuario.excepcions.CuentaBloqueadaException: Cuenta bloqueada para el usuario con email ana.garcia@example.com
	at co.com.pragma.usecase.usuario.JwtUseCase.lambda$login$0(JwtUseCase.java:29) ~[main/:na]
	Suppressed: reactor.core.publisher.FluxOnAssembly$OnAssemblyException: 
Assembly trace from producer [reactor.core.publisher.MonoFlatMap] :
	reactor.core.publisher.Mono.flatMap(Mono.java:3179)
	co.com.pragma.usecase.usuario.JwtUseCase.login(JwtUseCase.java:27)
Error has been observed at the following site(s):
	*________Mono.flatMap ⇢ at co.com.pragma.usecase.usuario.JwtUseCase.login(JwtUseCase.java:27)
	*________Mono.flatMap ⇢ at co.com.pragma.api.Handler.listenPOSTgenerarToken(Handler.java:87)
	|_           Mono.map ⇢ at co.com.pragma.api.Handler.listenPOSTgenerarToken(Handler.java:88)
	|_       Mono.flatMap ⇢ at co.com.pragma.api.Handler.listenPOSTgenerarToken(Handler.java:89)
	|_ Mono.doOnSubscribe ⇢ at co.com.pragma.api.Handler.listenPOSTgenerarToken(Handler.java:94)
	|_   Mono.doOnSuccess ⇢ at co.com.pragma.api.Handler.listenPOSTgenerarToken(Handler.java:95)
Original Stack Trace:
		at co.com.pragma.usecase.usuario.JwtUseCase.lambda$login$0(JwtUseCase.java:29) ~[main/:na]
		at reactor.core.publisher.MonoFlatMap$FlatMapMain.onNext(MonoFlatMap.java:132) ~[reactor-core-3.7.8.jar:3.7.8]
		at reactor.core.publisher.FluxSwitchIfEmpty$SwitchIfEmptySubscriber.onNext(FluxSwitchIfEmpty.java:74) ~[reactor-core-3.7.8.jar:3.7.8]
		at reactor.core.publisher.FluxContextWrite$ContextWriteSubscriber.onNext(FluxContextWrite.java:107) ~[reactor-core-3.7.8.jar:3.7.8]
		at reactor.core.publisher.FluxContextWrite$ContextWriteSubscriber.onNext(FluxContextWrite.java:107) ~[reactor-core-3.7.8.jar:3.7.8]
		at reactor.core.publisher.MonoFlatMap$FlatMapMain.secondComplete(MonoFlatMap.java:245) ~[reactor-core-3.7.8.jar:3.7.8]
		at reactor.core.publisher.MonoFlatMap$FlatMapInner.onNext(MonoFlatMap.java:305) ~[reactor-core-3.7.8.jar:3.7.8]
		at reactor.core.publisher.FluxOnErrorResume$ResumeSubscriber.onNext(FluxOnErrorResume.java:79) ~[reactor-core-3.7.8.jar:3.7.8]
		at reactor.core.publisher.MonoUsingWhen$MonoUsingWhenSubscriber.deferredComplete(MonoUsingWhen.java:268) ~[reactor-core-3.7.8.jar:3.7.8]
		at reactor.core.publisher.FluxUsingWhen$CommitInner.onComplete(FluxUsingWhen.java:532) ~[reactor-core-3.7.8.jar:3.7.8]
		at reactor.core.publisher.MonoFlatMap$FlatMapMain.secondComplete(MonoFlatMap.java:250) ~[reactor-core-3.7.8.jar:3.7.8]
		at reactor.core.publisher.MonoFlatMap$FlatMapInner.onComplete(MonoFlatMap.java:324) ~[reactor-core-3.7.8.jar:3.7.8]
		at reactor.core.publisher.MonoIgnoreThen$ThenIgnoreMain.onComplete(MonoIgnoreThen.java:210) ~[reactor-core-3.7.8.jar:3.7.8]
		at reactor.core.publisher.MonoIgnoreThen$ThenIgnoreMain.onComplete(MonoIgnoreThen.java:210) ~[reactor-core-3.7.8.jar:3.7.8]
		at reactor.core.publisher.FluxOnErrorReturn$ReturnSubscriber.onComplete(FluxOnErrorReturn.java:169) ~[reactor-core-3.7.8.jar:3.7.8]
		at reactor.core.publisher.Operators$MultiSubscriptionSubscriber.onComplete(Operators.java:2230) ~[reactor-core-3.7.8.jar:3.7.8]
		at reactor.core.publisher.Operators$MultiSubscriptionSubscriber.onComplete(Operators.java:2230) ~[reactor-core-3.7.8.jar:3.7.8]
		at reactor.core.publisher.MonoFlatMap$FlatMapMain.secondComplete(MonoFlatMap.java:250) ~[reactor-core-3.7.8.jar:3.7.8]
		at reactor.core.publisher.MonoFlatMap$FlatMapInner.onComplete(MonoFlatMap.java:324) ~[reactor-core-3.7.8.jar:3.7.8]
		at reactor.core.publisher.FluxPeekFuseable$PeekFuseableSubscriber.onComplete(FluxPeekFuseable.java:277) ~[reactor-core-3.7.8.jar:3.7.8]
		at reactor.core.publisher.Operators$MultiSubscriptionSubscriber.onComplete(Operators.java:2230) ~[reactor-core-3.7.8.jar:3.7.8]
		at reactor.core.publisher.MonoIgnoreThen$ThenIgnoreMain.onComplete(MonoIgnoreThen.java:210) ~[reactor-core-3.7.8.jar:3.7.8]
		at reactor.core.publisher.MonoIgnoreThen$ThenIgnoreMain.onComplete(MonoIgnoreThen.java:210) ~[reactor-core-3.7.8.jar:3.7.8]
		at reactor.pool.SimpleDequePool.maybeRecycleAndDrain(SimpleDequePool.java:547) ~[reactor-pool-1.1.3.jar:1.1.3]
		at reactor.pool.SimpleDequePool$QueuePoolRecyclerInner.onComplete(SimpleDequePool.java:788) ~[reactor-pool-1.1.3.jar:1.1.3]
		at reactor.core.publisher.Operators.complete(Operators.java:137) ~[reactor-core-3.7.8.jar:3.7.8]
		at reactor.core.publisher.MonoEmpty.subscribe(MonoEmpty.java:46) ~[reactor-core-3.7.8.jar:3.7.8]
		at reactor.core.publisher.Mono.subscribe(Mono.java:4576) ~[reactor-core-3.7.8.jar:3.7.8]
		at reactor.pool.SimpleDequePool$QueuePoolRecyclerMono.subscribe(SimpleDequePool.java:901) ~[reactor-pool-1.1.3.jar:1.1.3]
		at reactor.core.publisher.MonoDefer.subscribe(MonoDefer.java:53) ~[reactor-core-3.7.8.jar:3.7.8]
		at reactor.core.publisher.InternalMonoOperator.subscribe(InternalMonoOperator.java:76) ~[reactor-core-3.7.8.jar:3.7.8]
		at reactor.core.publisher.MonoIgnoreThen$ThenIgnoreMain.subscribeNext(MonoIgnoreThen.java:241) ~[reactor-core-3.7.8.jar:3.7.8]
		at reactor.core.publisher.MonoIgnoreThen$ThenIgnoreMain.onComplete(MonoIgnoreThen.java:204) ~[reactor-core-3.7.8.jar:3.7.8]
		at reactor.core.publisher.FluxPeekFuseable$PeekFuseableSubscriber.onComplete(FluxPeekFuseable.java:277) ~[reactor-core-3.7.8.jar:3.7.8]
		at reactor.core.publisher.MonoIgnoreElements$IgnoreElementsSubscriber.onComplete(MonoIgnoreElements.java:89) ~[reactor-core-3.7.8.jar:3.7.8]
		at reactor.core.publisher.MonoFlatMapMany$FlatMapManyInner.onComplete(MonoFlatMapMany.java:261) ~[reactor-core-3.7.8.jar:3.7.8]
		at reactor.core.publisher.FluxPeekFuseable$PeekFuseableSubscriber.onComplete(FluxPeekFuseable.java:277) ~[reactor-core-3.7.8.jar:3.7.8]
		at reactor.core.publisher.FluxContextWrite$ContextWriteSubscriber.onComplete(FluxContextWrite.java:126) ~[reactor-core-3.7.8.jar:3.7.8]
		at io.asyncer.r2dbc.mysql.internal.util.DiscardOnCancelSubscriber.onComplete(DiscardOnCancelSubscriber.java:84) ~[r2dbc-mysql-1.4.1.jar:1.4.1]
		at reactor.core.publisher.FluxPeekFuseable$PeekFuseableConditionalSubscriber.onComplete(FluxPeekFuseable.java:595) ~[reactor-core-3.7.8.jar:3.7.8]
		at reactor.core.publisher.FluxHandleFuseable$HandleFuseableConditionalSubscriber.onNext(FluxHandleFuseable.java:522) ~[reactor-core-3.7.8.jar:3.7.8]
		at reactor.core.publisher.FluxPeekFuseable$PeekConditionalSubscriber.onNext(FluxPeekFuseable.java:854) ~[reactor-core-3.7.8.jar:3.7.8]
		at reactor.core.publisher.SinkManyEmitterProcessor.drain(SinkManyEmitterProcessor.java:476) ~[reactor-core-3.7.8.jar:3.7.8]
		at reactor.core.publisher.SinkManyEmitterProcessor.tryEmitNext(SinkManyEmitterProcessor.java:273) ~[reactor-core-3.7.8.jar:3.7.8]
		at reactor.core.publisher.SinkManySerialized.tryEmitNext(SinkManySerialized.java:100) ~[reactor-core-3.7.8.jar:3.7.8]
		at reactor.core.publisher.InternalManySink.emitNext(InternalManySink.java:27) ~[reactor-core-3.7.8.jar:3.7.8]
		at io.asyncer.r2dbc.mysql.client.ReactorNettyClient$ResponseSink.next(ReactorNettyClient.java:395) ~[r2dbc-mysql-1.4.1.jar:1.4.1]
		at io.asyncer.r2dbc.mysql.client.ReactorNettyClient.lambda$new$0(ReactorNettyClient.java:119) ~[r2dbc-mysql-1.4.1.jar:1.4.1]
		at reactor.core.publisher.FluxPeek$PeekSubscriber.onNext(FluxPeek.java:185) ~[reactor-core-3.7.8.jar:3.7.8]
		at reactor.netty.channel.FluxReceive.drainReceiver(FluxReceive.java:292) ~[reactor-netty-core-1.2.8.jar:1.2.8]
		at reactor.netty.channel.FluxReceive.onInboundNext(FluxReceive.java:401) ~[reactor-netty-core-1.2.8.jar:1.2.8]
		at reactor.netty.channel.ChannelOperations.onInboundNext(ChannelOperations.java:435) ~[reactor-netty-core-1.2.8.jar:1.2.8]
		at reactor.netty.channel.ChannelOperationsHandler.channelRead(ChannelOperationsHandler.java:115) ~[reactor-netty-core-1.2.8.jar:1.2.8]
		at io.netty.channel.AbstractChannelHandlerContext.invokeChannelRead(AbstractChannelHandlerContext.java:444) ~[netty-transport-4.1.123.Final.jar:4.1.123.Final]
		at io.netty.channel.AbstractChannelHandlerContext.invokeChannelRead(AbstractChannelHandlerContext.java:420) ~[netty-transport-4.1.123.Final.jar:4.1.123.Final]
		at io.netty.channel.AbstractChannelHandlerContext.fireChannelRead(AbstractChannelHandlerContext.java:412) ~[netty-transport-4.1.123.Final.jar:4.1.123.Final]
		at io.netty.handler.codec.ByteToMessageDecoder.fireChannelRead(ByteToMessageDecoder.java:346) ~[netty-codec-4.1.123.Final.jar:4.1.123.Final]
		at io.netty.handler.codec.ByteToMessageDecoder.channelRead(ByteToMessageDecoder.java:318) ~[netty-codec-4.1.123.Final.jar:4.1.123.Final]
		at io.netty.channel.AbstractChannelHandlerContext.invokeChannelRead(AbstractChannelHandlerContext.java:444) ~[netty-transport-4.1.123.Final.jar:4.1.123.Final]
		at io.netty.channel.AbstractChannelHandlerContext.invokeChannelRead(AbstractChannelHandlerContext.java:420) ~[netty-transport-4.1.123.Final.jar:4.1.123.Final]
		at io.netty.channel.AbstractChannelHandlerContext.fireChannelRead(AbstractChannelHandlerContext.java:412) ~[netty-transport-4.1.123.Final.jar:4.1.123.Final]
		at io.netty.channel.DefaultChannelPipeline$HeadContext.channelRead(DefaultChannelPipeline.java:1357) ~[netty-transport-4.1.123.Final.jar:4.1.123.Final]
		at io.netty.channel.AbstractChannelHandlerContext.invokeChannelRead(AbstractChannelHandlerContext.java:440) ~[netty-transport-4.1.123.Final.jar:4.1.123.Final]
		at io.netty.channel.AbstractChannelHandlerContext.invokeChannelRead(AbstractChannelHandlerContext.java:420) ~[netty-transport-4.1.123.Final.jar:4.1.123.Final]
		at io.netty.channel.DefaultChannelPipeline.fireChannelRead(DefaultChannelPipeline.java:868) ~[netty-transport-4.1.123.Final.jar:4.1.123.Final]
		at io.netty.channel.nio.AbstractNioByteChannel$NioByteUnsafe.read(AbstractNioByteChannel.java:166) ~[netty-transport-4.1.123.Final.jar:4.1.123.Final]
		at io.netty.channel.nio.NioEventLoop.processSelectedKey(NioEventLoop.java:796) ~[netty-transport-4.1.123.Final.jar:4.1.123.Final]
		at io.netty.channel.nio.NioEventLoop.processSelectedKeysOptimized(NioEventLoop.java:732) ~[netty-transport-4.1.123.Final.jar:4.1.123.Final]
		at io.netty.channel.nio.NioEventLoop.processSelectedKeys(NioEventLoop.java:658) ~[netty-transport-4.1.123.Final.jar:4.1.123.Final]
		at io.netty.channel.nio.NioEventLoop.run(NioEventLoop.java:562) ~[netty-transport-4.1.123.Final.jar:4.1.123.Final]
		at io.netty.util.concurrent.SingleThreadEventExecutor$4.run(SingleThreadEventExecutor.java:998) ~[netty-common-4.1.123.Final.jar:4.1.123.Final]
		at io.netty.util.internal.ThreadExecutorMap$2.run(ThreadExecutorMap.java:74) ~[netty-common-4.1.123.Final.jar:4.1.123.Final]
		at io.netty.util.concurrent.FastThreadLocalRunnable.run(FastThreadLocalRunnable.java:30) ~[netty-common-4.1.123.Final.jar:4.1.123.Final]
		at java.base/java.lang.Thread.run(Thread.java:1447) ~[na:na]

2025-09-08T19:48:09.684-05:00 ERROR 32388 --- [ReactiveProject] [reactor-tcp-nio-1] c.c.p.api.excepcions.GlobalErrorHandler  : Error capturado globalmente: 

co.com.pragma.usecase.usuario.excepcions.CuentaBloqueadaException: Cuenta bloqueada para el usuario con email ana.garcia@example.com
	at co.com.pragma.usecase.usuario.JwtUseCase.lambda$login$0(JwtUseCase.java:29) ~[main/:na]
	Suppressed: reactor.core.publisher.FluxOnAssembly$OnAssemblyException: 
Assembly trace from producer [reactor.core.publisher.MonoFlatMap] :
	reactor.core.publisher.Mono.flatMap(Mono.java:3179)
	co.com.pragma.usecase.usuario.JwtUseCase.login(JwtUseCase.java:27)
Error has been observed at the following site(s):
	*__________Mono.flatMap ⇢ at co.com.pragma.usecase.usuario.JwtUseCase.login(JwtUseCase.java:27)
	*__________Mono.flatMap ⇢ at co.com.pragma.api.Handler.listenPOSTgenerarToken(Handler.java:87)
	|_             Mono.map ⇢ at co.com.pragma.api.Handler.listenPOSTgenerarToken(Handler.java:88)
	|_         Mono.flatMap ⇢ at co.com.pragma.api.Handler.listenPOSTgenerarToken(Handler.java:89)
	|_   Mono.doOnSubscribe ⇢ at co.com.pragma.api.Handler.listenPOSTgenerarToken(Handler.java:94)
	|_     Mono.doOnSuccess ⇢ at co.com.pragma.api.Handler.listenPOSTgenerarToken(Handler.java:95)
	|_       Mono.doOnError ⇢ at co.com.pragma.api.Handler.listenPOSTgenerarToken(Handler.java:96)
	|_             Mono.map ⇢ at org.springframework.web.reactive.function.server.support.HandlerFunctionAdapter.handle(HandlerFunctionAdapter.java:62)
	|_   Mono.onErrorResume ⇢ at org.springframework.web.reactive.DispatcherHandler.handleResultMono(DispatcherHandler.java:168)
	|_         Mono.flatMap ⇢ at org.springframework.web.reactive.DispatcherHandler.handleResultMono(DispatcherHandler.java:172)
	*____________Mono.error ⇢ at org.springframework.web.reactive.result.method.annotation.RequestMappingHandlerAdapter.handleException(RequestMappingHandlerAdapter.java:340)
	*__________Mono.flatMap ⇢ at org.springframework.web.reactive.DispatcherHandler.handle(DispatcherHandler.java:154)
	*____________Mono.defer ⇢ at org.springframework.web.server.handler.DefaultWebFilterChain.filter(DefaultWebFilterChain.java:106)
	|_           checkpoint ⇢ org.springframework.web.cors.reactive.CorsWebFilter [DefaultWebFilterChain]
	*____________Mono.defer ⇢ at org.springframework.web.server.handler.DefaultWebFilterChain.filter(DefaultWebFilterChain.java:106)
	|_           checkpoint ⇢ co.com.pragma.api.config.SecurityHeadersConfig [DefaultWebFilterChain]
	*____________Mono.defer ⇢ at org.springframework.web.server.handler.DefaultWebFilterChain.filter(DefaultWebFilterChain.java:106)
	|_     Mono.doOnSuccess ⇢ at org.springframework.security.web.server.ObservationWebFilterChainDecorator$WebFilterObservation$SimpleWebFilterObservation.lambda$wrap$6(ObservationWebFilterChainDecorator.java:560)
	|_      Mono.doOnCancel ⇢ at org.springframework.security.web.server.ObservationWebFilterChainDecorator$WebFilterObservation$SimpleWebFilterObservation.lambda$wrap$6(ObservationWebFilterChainDecorator.java:561)
	|_       Mono.doOnError ⇢ at org.springframework.security.web.server.ObservationWebFilterChainDecorator$WebFilterObservation$SimpleWebFilterObservation.lambda$wrap$6(ObservationWebFilterChainDecorator.java:562)
	|_    Mono.contextWrite ⇢ at org.springframework.security.web.server.ObservationWebFilterChainDecorator$WebFilterObservation$SimpleWebFilterObservation.lambda$wrap$6(ObservationWebFilterChainDecorator.java:566)
	|_     Mono.doOnSuccess ⇢ at org.springframework.security.web.server.ObservationWebFilterChainDecorator$AroundWebFilterObservation$SimpleAroundWebFilterObservation.lambda$wrap$2(ObservationWebFilterChainDecorator.java:351)
	|_      Mono.doOnCancel ⇢ at org.springframework.security.web.server.ObservationWebFilterChainDecorator$AroundWebFilterObservation$SimpleAroundWebFilterObservation.lambda$wrap$2(ObservationWebFilterChainDecorator.java:352)
	|_       Mono.doOnError ⇢ at org.springframework.security.web.server.ObservationWebFilterChainDecorator$AroundWebFilterObservation$SimpleAroundWebFilterObservation.lambda$wrap$2(ObservationWebFilterChainDecorator.java:353)
	*__Mono.deferContextual ⇢ at org.springframework.security.web.server.ObservationWebFilterChainDecorator.lambda$wrapSecured$1(ObservationWebFilterChainDecorator.java:76)
	*____________Mono.defer ⇢ at org.springframework.security.web.server.ObservationWebFilterChainDecorator$ObservationWebFilterChain.filter(ObservationWebFilterChainDecorator.java:152)
	*____Mono.switchIfEmpty ⇢ at org.springframework.security.web.server.authorization.AuthorizationWebFilter.filter(AuthorizationWebFilter.java:56)
	|_     Mono.doOnSuccess ⇢ at org.springframework.security.web.server.ObservationWebFilterChainDecorator$ObservationWebFilter.wrapFilter(ObservationWebFilterChainDecorator.java:211)
	|_           checkpoint ⇢ AuthorizationWebFilter [DefaultWebFilterChain]
	*____________Mono.defer ⇢ at org.springframework.security.web.server.ObservationWebFilterChainDecorator$ObservationWebFilterChain.filter(ObservationWebFilterChainDecorator.java:152)
	|_   Mono.onErrorResume ⇢ at org.springframework.security.web.server.authorization.ExceptionTranslationWebFilter.filter(ExceptionTranslationWebFilter.java:53)
	|_     Mono.doOnSuccess ⇢ at org.springframework.security.web.server.ObservationWebFilterChainDecorator$ObservationWebFilter.wrapFilter(ObservationWebFilterChainDecorator.java:211)
	|_           checkpoint ⇢ ExceptionTranslationWebFilter [DefaultWebFilterChain]
	*____________Mono.defer ⇢ at org.springframework.security.web.server.ObservationWebFilterChainDecorator$ObservationWebFilterChain.filter(ObservationWebFilterChainDecorator.java:152)
	*__________Mono.flatMap ⇢ at org.springframework.security.web.server.savedrequest.ServerRequestCacheWebFilter.filter(ServerRequestCacheWebFilter.java:41)
	|_     Mono.doOnSuccess ⇢ at org.springframework.security.web.server.ObservationWebFilterChainDecorator$ObservationWebFilter.wrapFilter(ObservationWebFilterChainDecorator.java:211)
	|_           checkpoint ⇢ ServerRequestCacheWebFilter [DefaultWebFilterChain]
	*____________Mono.defer ⇢ at org.springframework.security.web.server.ObservationWebFilterChainDecorator$ObservationWebFilterChain.filter(ObservationWebFilterChainDecorator.java:152)
	|_     Mono.doOnSuccess ⇢ at org.springframework.security.web.server.ObservationWebFilterChainDecorator$ObservationWebFilter.wrapFilter(ObservationWebFilterChainDecorator.java:211)
	|_           checkpoint ⇢ SecurityContextServerWebExchangeWebFilter [DefaultWebFilterChain]
	*____________Mono.defer ⇢ at org.springframework.security.web.server.ObservationWebFilterChainDecorator$ObservationWebFilterChain.filter(ObservationWebFilterChainDecorator.java:152)
	|_    Mono.contextWrite ⇢ at org.springframework.security.web.server.context.ReactorContextWebFilter.filter(ReactorContextWebFilter.java:48)
	|_     Mono.doOnSuccess ⇢ at org.springframework.security.web.server.ObservationWebFilterChainDecorator$ObservationWebFilter.wrapFilter(ObservationWebFilterChainDecorator.java:211)
	|_           checkpoint ⇢ ReactorContextWebFilter [DefaultWebFilterChain]
	*____________Mono.defer ⇢ at org.springframework.security.web.server.ObservationWebFilterChainDecorator$ObservationWebFilterChain.filter(ObservationWebFilterChainDecorator.java:152)
	|_     Mono.doOnSuccess ⇢ at org.springframework.security.web.server.ObservationWebFilterChainDecorator$ObservationWebFilter.wrapFilter(ObservationWebFilterChainDecorator.java:211)
	|_           checkpoint ⇢ HttpHeaderWriterWebFilter [DefaultWebFilterChain]
	*____________Mono.defer ⇢ at org.springframework.security.web.server.ObservationWebFilterChainDecorator$ObservationWebFilterChain.filter(ObservationWebFilterChainDecorator.java:152)
	|_    Mono.contextWrite ⇢ at org.springframework.security.config.web.server.ServerHttpSecurity$ServerWebExchangeReactorContextWebFilter.filter(ServerHttpSecurity.java:4059)
	|_     Mono.doOnSuccess ⇢ at org.springframework.security.web.server.ObservationWebFilterChainDecorator$ObservationWebFilter.wrapFilter(ObservationWebFilterChainDecorator.java:211)
	|_     Mono.doOnSuccess ⇢ at org.springframework.security.web.server.ObservationWebFilterChainDecorator$AroundWebFilterObservation$SimpleAroundWebFilterObservation.lambda$wrap$6(ObservationWebFilterChainDecorator.java:367)
	|_      Mono.doOnCancel ⇢ at org.springframework.security.web.server.ObservationWebFilterChainDecorator$AroundWebFilterObservation$SimpleAroundWebFilterObservation.lambda$wrap$6(ObservationWebFilterChainDecorator.java:368)
	|_       Mono.doOnError ⇢ at org.springframework.security.web.server.ObservationWebFilterChainDecorator$AroundWebFilterObservation$SimpleAroundWebFilterObservation.lambda$wrap$6(ObservationWebFilterChainDecorator.java:369)
	|_    Mono.contextWrite ⇢ at org.springframework.security.web.server.ObservationWebFilterChainDecorator$AroundWebFilterObservation$SimpleAroundWebFilterObservation.lambda$wrap$6(ObservationWebFilterChainDecorator.java:373)
	*__Mono.deferContextual ⇢ at org.springframework.security.web.server.ObservationWebFilterChainDecorator$ObservationWebFilter.filter(ObservationWebFilterChainDecorator.java:193)
	|_           checkpoint ⇢ ServerWebExchangeReactorContextWebFilter [DefaultWebFilterChain]
	*____________Mono.defer ⇢ at org.springframework.security.web.server.ObservationWebFilterChainDecorator$ObservationWebFilterChain.filter(ObservationWebFilterChainDecorator.java:152)
	*__________Mono.flatMap ⇢ at org.springframework.security.web.server.WebFilterChainProxy.filterFirewalledExchange(WebFilterChainProxy.java:78)
	*__________Mono.flatMap ⇢ at org.springframework.security.web.server.WebFilterChainProxy.filter(WebFilterChainProxy.java:65)
	|_   Mono.onErrorResume ⇢ at org.springframework.security.web.server.WebFilterChainProxy.filter(WebFilterChainProxy.java:66)
	|_           checkpoint ⇢ org.springframework.security.web.server.WebFilterChainProxy [DefaultWebFilterChain]
	*____________Mono.defer ⇢ at org.springframework.web.server.handler.DefaultWebFilterChain.filter(DefaultWebFilterChain.java:106)
	|_       Mono.doOnError ⇢ at org.springframework.web.server.handler.ExceptionHandlingWebHandler.handle(ExceptionHandlingWebHandler.java:84)
	|_   Mono.onErrorResume ⇢ at org.springframework.web.server.handler.ExceptionHandlingWebHandler.handle(ExceptionHandlingWebHandler.java:85)
	|_       Mono.doOnError ⇢ at org.springframework.web.server.handler.ExceptionHandlingWebHandler.handle(ExceptionHandlingWebHandler.java:84)
	*____________Mono.error ⇢ at org.springframework.web.server.handler.ExceptionHandlingWebHandler$CheckpointInsertingHandler.handle(ExceptionHandlingWebHandler.java:106)
	|_           checkpoint ⇢ HTTP POST "/api/v1/login" [ExceptionHandlingWebHandler]
Original Stack Trace:
		at co.com.pragma.usecase.usuario.JwtUseCase.lambda$login$0(JwtUseCase.java:29) ~[main/:na]
		at reactor.core.publisher.MonoFlatMap$FlatMapMain.onNext(MonoFlatMap.java:132) ~[reactor-core-3.7.8.jar:3.7.8]
		at reactor.core.publisher.FluxSwitchIfEmpty$SwitchIfEmptySubscriber.onNext(FluxSwitchIfEmpty.java:74) ~[reactor-core-3.7.8.jar:3.7.8]
		at reactor.core.publisher.FluxContextWrite$ContextWriteSubscriber.onNext(FluxContextWrite.java:107) ~[reactor-core-3.7.8.jar:3.7.8]
		at reactor.core.publisher.FluxContextWrite$ContextWriteSubscriber.onNext(FluxContextWrite.java:107) ~[reactor-core-3.7.8.jar:3.7.8]
		at reactor.core.publisher.MonoFlatMap$FlatMapMain.secondComplete(MonoFlatMap.java:245) ~[reactor-core-3.7.8.jar:3.7.8]
		at reactor.core.publisher.MonoFlatMap$FlatMapInner.onNext(MonoFlatMap.java:305) ~[reactor-core-3.7.8.jar:3.7.8]
		at reactor.core.publisher.FluxOnErrorResume$ResumeSubscriber.onNext(FluxOnErrorResume.java:79) ~[reactor-core-3.7.8.jar:3.7.8]
		at reactor.core.publisher.MonoUsingWhen$MonoUsingWhenSubscriber.deferredComplete(MonoUsingWhen.java:268) ~[reactor-core-3.7.8.jar:3.7.8]
		at reactor.core.publisher.FluxUsingWhen$CommitInner.onComplete(FluxUsingWhen.java:532) ~[reactor-core-3.7.8.jar:3.7.8]
		at reactor.core.publisher.MonoFlatMap$FlatMapMain.secondComplete(MonoFlatMap.java:250) ~[reactor-core-3.7.8.jar:3.7.8]
		at reactor.core.publisher.MonoFlatMap$FlatMapInner.onComplete(MonoFlatMap.java:324) ~[reactor-core-3.7.8.jar:3.7.8]
		at reactor.core.publisher.MonoIgnoreThen$ThenIgnoreMain.onComplete(MonoIgnoreThen.java:210) ~[reactor-core-3.7.8.jar:3.7.8]
		at reactor.core.publisher.MonoIgnoreThen$ThenIgnoreMain.onComplete(MonoIgnoreThen.java:210) ~[reactor-core-3.7.8.jar:3.7.8]
		at reactor.core.publisher.FluxOnErrorReturn$ReturnSubscriber.onComplete(FluxOnErrorReturn.java:169) ~[reactor-core-3.7.8.jar:3.7.8]
		at reactor.core.publisher.Operators$MultiSubscriptionSubscriber.onComplete(Operators.java:2230) ~[reactor-core-3.7.8.jar:3.7.8]
		at reactor.core.publisher.Operators$MultiSubscriptionSubscriber.onComplete(Operators.java:2230) ~[reactor-core-3.7.8.jar:3.7.8]
		at reactor.core.publisher.MonoFlatMap$FlatMapMain.secondComplete(MonoFlatMap.java:250) ~[reactor-core-3.7.8.jar:3.7.8]
		at reactor.core.publisher.MonoFlatMap$FlatMapInner.onComplete(MonoFlatMap.java:324) ~[reactor-core-3.7.8.jar:3.7.8]
		at reactor.core.publisher.FluxPeekFuseable$PeekFuseableSubscriber.onComplete(FluxPeekFuseable.java:277) ~[reactor-core-3.7.8.jar:3.7.8]
		at reactor.core.publisher.Operators$MultiSubscriptionSubscriber.onComplete(Operators.java:2230) ~[reactor-core-3.7.8.jar:3.7.8]
		at reactor.core.publisher.MonoIgnoreThen$ThenIgnoreMain.onComplete(MonoIgnoreThen.java:210) ~[reactor-core-3.7.8.jar:3.7.8]
		at reactor.core.publisher.MonoIgnoreThen$ThenIgnoreMain.onComplete(MonoIgnoreThen.java:210) ~[reactor-core-3.7.8.jar:3.7.8]
		at reactor.pool.SimpleDequePool.maybeRecycleAndDrain(SimpleDequePool.java:547) ~[reactor-pool-1.1.3.jar:1.1.3]
		at reactor.pool.SimpleDequePool$QueuePoolRecyclerInner.onComplete(SimpleDequePool.java:788) ~[reactor-pool-1.1.3.jar:1.1.3]
		at reactor.core.publisher.Operators.complete(Operators.java:137) ~[reactor-core-3.7.8.jar:3.7.8]
		at reactor.core.publisher.MonoEmpty.subscribe(MonoEmpty.java:46) ~[reactor-core-3.7.8.jar:3.7.8]
		at reactor.core.publisher.Mono.subscribe(Mono.java:4576) ~[reactor-core-3.7.8.jar:3.7.8]
		at reactor.pool.SimpleDequePool$QueuePoolRecyclerMono.subscribe(SimpleDequePool.java:901) ~[reactor-pool-1.1.3.jar:1.1.3]
		at reactor.core.publisher.MonoDefer.subscribe(MonoDefer.java:53) ~[reactor-core-3.7.8.jar:3.7.8]
		at reactor.core.publisher.InternalMonoOperator.subscribe(InternalMonoOperator.java:76) ~[reactor-core-3.7.8.jar:3.7.8]
		at reactor.core.publisher.MonoIgnoreThen$ThenIgnoreMain.subscribeNext(MonoIgnoreThen.java:241) ~[reactor-core-3.7.8.jar:3.7.8]
		at reactor.core.publisher.MonoIgnoreThen$ThenIgnoreMain.onComplete(MonoIgnoreThen.java:204) ~[reactor-core-3.7.8.jar:3.7.8]
		at reactor.core.publisher.FluxPeekFuseable$PeekFuseableSubscriber.onComplete(FluxPeekFuseable.java:277) ~[reactor-core-3.7.8.jar:3.7.8]
		at reactor.core.publisher.MonoIgnoreElements$IgnoreElementsSubscriber.onComplete(MonoIgnoreElements.java:89) ~[reactor-core-3.7.8.jar:3.7.8]
		at reactor.core.publisher.MonoFlatMapMany$FlatMapManyInner.onComplete(MonoFlatMapMany.java:261) ~[reactor-core-3.7.8.jar:3.7.8]
		at reactor.core.publisher.FluxPeekFuseable$PeekFuseableSubscriber.onComplete(FluxPeekFuseable.java:277) ~[reactor-core-3.7.8.jar:3.7.8]
		at reactor.core.publisher.FluxContextWrite$ContextWriteSubscriber.onComplete(FluxContextWrite.java:126) ~[reactor-core-3.7.8.jar:3.7.8]
		at io.asyncer.r2dbc.mysql.internal.util.DiscardOnCancelSubscriber.onComplete(DiscardOnCancelSubscriber.java:84) ~[r2dbc-mysql-1.4.1.jar:1.4.1]
		at reactor.core.publisher.FluxPeekFuseable$PeekFuseableConditionalSubscriber.onComplete(FluxPeekFuseable.java:595) ~[reactor-core-3.7.8.jar:3.7.8]
		at reactor.core.publisher.FluxHandleFuseable$HandleFuseableConditionalSubscriber.onNext(FluxHandleFuseable.java:522) ~[reactor-core-3.7.8.jar:3.7.8]
		at reactor.core.publisher.FluxPeekFuseable$PeekConditionalSubscriber.onNext(FluxPeekFuseable.java:854) ~[reactor-core-3.7.8.jar:3.7.8]
		at reactor.core.publisher.SinkManyEmitterProcessor.drain(SinkManyEmitterProcessor.java:476) ~[reactor-core-3.7.8.jar:3.7.8]
		at reactor.core.publisher.SinkManyEmitterProcessor.tryEmitNext(SinkManyEmitterProcessor.java:273) ~[reactor-core-3.7.8.jar:3.7.8]
		at reactor.core.publisher.SinkManySerialized.tryEmitNext(SinkManySerialized.java:100) ~[reactor-core-3.7.8.jar:3.7.8]
		at reactor.core.publisher.InternalManySink.emitNext(InternalManySink.java:27) ~[reactor-core-3.7.8.jar:3.7.8]
		at io.asyncer.r2dbc.mysql.client.ReactorNettyClient$ResponseSink.next(ReactorNettyClient.java:395) ~[r2dbc-mysql-1.4.1.jar:1.4.1]
		at io.asyncer.r2dbc.mysql.client.ReactorNettyClient.lambda$new$0(ReactorNettyClient.java:119) ~[r2dbc-mysql-1.4.1.jar:1.4.1]
		at reactor.core.publisher.FluxPeek$PeekSubscriber.onNext(FluxPeek.java:185) ~[reactor-core-3.7.8.jar:3.7.8]
		at reactor.netty.channel.FluxReceive.drainReceiver(FluxReceive.java:292) ~[reactor-netty-core-1.2.8.jar:1.2.8]
		at reactor.netty.channel.FluxReceive.onInboundNext(FluxReceive.java:401) ~[reactor-netty-core-1.2.8.jar:1.2.8]
		at reactor.netty.channel.ChannelOperations.onInboundNext(ChannelOperations.java:435) ~[reactor-netty-core-1.2.8.jar:1.2.8]
		at reactor.netty.channel.ChannelOperationsHandler.channelRead(ChannelOperationsHandler.java:115) ~[reactor-netty-core-1.2.8.jar:1.2.8]
		at io.netty.channel.AbstractChannelHandlerContext.invokeChannelRead(AbstractChannelHandlerContext.java:444) ~[netty-transport-4.1.123.Final.jar:4.1.123.Final]
		at io.netty.channel.AbstractChannelHandlerContext.invokeChannelRead(AbstractChannelHandlerContext.java:420) ~[netty-transport-4.1.123.Final.jar:4.1.123.Final]
		at io.netty.channel.AbstractChannelHandlerContext.fireChannelRead(AbstractChannelHandlerContext.java:412) ~[netty-transport-4.1.123.Final.jar:4.1.123.Final]
		at io.netty.handler.codec.ByteToMessageDecoder.fireChannelRead(ByteToMessageDecoder.java:346) ~[netty-codec-4.1.123.Final.jar:4.1.123.Final]
		at io.netty.handler.codec.ByteToMessageDecoder.channelRead(ByteToMessageDecoder.java:318) ~[netty-codec-4.1.123.Final.jar:4.1.123.Final]
		at io.netty.channel.AbstractChannelHandlerContext.invokeChannelRead(AbstractChannelHandlerContext.java:444) ~[netty-transport-4.1.123.Final.jar:4.1.123.Final]
		at io.netty.channel.AbstractChannelHandlerContext.invokeChannelRead(AbstractChannelHandlerContext.java:420) ~[netty-transport-4.1.123.Final.jar:4.1.123.Final]
		at io.netty.channel.AbstractChannelHandlerContext.fireChannelRead(AbstractChannelHandlerContext.java:412) ~[netty-transport-4.1.123.Final.jar:4.1.123.Final]
		at io.netty.channel.DefaultChannelPipeline$HeadContext.channelRead(DefaultChannelPipeline.java:1357) ~[netty-transport-4.1.123.Final.jar:4.1.123.Final]
		at io.netty.channel.AbstractChannelHandlerContext.invokeChannelRead(AbstractChannelHandlerContext.java:440) ~[netty-transport-4.1.123.Final.jar:4.1.123.Final]
		at io.netty.channel.AbstractChannelHandlerContext.invokeChannelRead(AbstractChannelHandlerContext.java:420) ~[netty-transport-4.1.123.Final.jar:4.1.123.Final]
		at io.netty.channel.DefaultChannelPipeline.fireChannelRead(DefaultChannelPipeline.java:868) ~[netty-transport-4.1.123.Final.jar:4.1.123.Final]
		at io.netty.channel.nio.AbstractNioByteChannel$NioByteUnsafe.read(AbstractNioByteChannel.java:166) ~[netty-transport-4.1.123.Final.jar:4.1.123.Final]
		at io.netty.channel.nio.NioEventLoop.processSelectedKey(NioEventLoop.java:796) ~[netty-transport-4.1.123.Final.jar:4.1.123.Final]
		at io.netty.channel.nio.NioEventLoop.processSelectedKeysOptimized(NioEventLoop.java:732) ~[netty-transport-4.1.123.Final.jar:4.1.123.Final]
		at io.netty.channel.nio.NioEventLoop.processSelectedKeys(NioEventLoop.java:658) ~[netty-transport-4.1.123.Final.jar:4.1.123.Final]
		at io.netty.channel.nio.NioEventLoop.run(NioEventLoop.java:562) ~[netty-transport-4.1.123.Final.jar:4.1.123.Final]
		at io.netty.util.concurrent.SingleThreadEventExecutor$4.run(SingleThreadEventExecutor.java:998) ~[netty-common-4.1.123.Final.jar:4.1.123.Final]
		at io.netty.util.internal.ThreadExecutorMap$2.run(ThreadExecutorMap.java:74) ~[netty-common-4.1.123.Final.jar:4.1.123.Final]
		at io.netty.util.concurrent.FastThreadLocalRunnable.run(FastThreadLocalRunnable.java:30) ~[netty-common-4.1.123.Final.jar:4.1.123.Final]
		at java.base/java.lang.Thread.run(Thread.java:1447) ~[na:na]

2025-09-08T19:51:42.582-05:00 DEBUG 32388 --- [ReactiveProject] [reactor-http-nio-9] co.com.pragma.api.Handler                : Iniciando flujo para generar token
2025-09-08T19:51:43.095-05:00 DEBUG 32388 --- [ReactiveProject] [reactor-tcp-nio-1] co.com.pragma.api.Handler                : Respuesta construida correctamente
2025-09-08T19:52:18.595-05:00 DEBUG 32388 --- [ReactiveProject] [reactor-http-nio-9] co.com.pragma.api.Handler                : Iniciando flujo para generar token
2025-09-08T19:52:18.985-05:00 DEBUG 32388 --- [ReactiveProject] [reactor-tcp-nio-1] co.com.pragma.api.Handler                : Respuesta construida correctamente
2025-09-08T19:52:33.491-05:00 DEBUG 32388 --- [ReactiveProject] [reactor-http-nio-9] co.com.pragma.api.Handler                : Iniciando flujo de guardado de usuario
2025-09-08T19:52:33.581-05:00  INFO 32388 --- [ReactiveProject] [reactor-http-nio-9] co.com.pragma.api.Handler                : Petición recibida con usuario: RequestGuardarUsuarioDto[nombre=Ana, apellido=García, correoElectronico=ana.garcia1@example.com, fechaNacimiento=1990-05-20, direccion=Calle 123 #45-67, telefono=3001234567, salarioBase=2500, password=prueba123, documentoIdentidad=123456789]
2025-09-08T19:52:34.499-05:00 DEBUG 32388 --- [ReactiveProject] [reactor-tcp-nio-1] co.com.pragma.api.Handler                : Respuesta construida correctamente
2025-09-08T20:02:13.318-05:00  INFO 32388 --- [ReactiveProject] [parallel-2] o.springdoc.api.AbstractOpenApiResource  : Init duration for springdoc-openapi is: 4762 ms
2025-09-08T20:04:36.644-05:00  INFO 32388 --- [ReactiveProject] [parallel-11] co.com.pragma.api.Handler                : Iniciando búsqueda de usuario con documento: 12
2025-09-08T20:04:36.647-05:00  INFO 32388 --- [ReactiveProject] [parallel-12] co.com.pragma.api.Handler                : Iniciando búsqueda de usuario con documento: 123
2025-09-08T20:04:36.664-05:00  INFO 32388 --- [ReactiveProject] [parallel-1] co.com.pragma.api.Handler                : Iniciando búsqueda de usuario con documento: 1234
2025-09-08T20:04:36.826-05:00  INFO 32388 --- [ReactiveProject] [reactor-tcp-nio-1] co.com.pragma.api.Handler                : Usuario encontrado: 12
2025-09-08T20:04:36.952-05:00  INFO 32388 --- [ReactiveProject] [parallel-2] co.com.pragma.api.Handler                : Iniciando búsqueda de usuario con documento: 12345
2025-09-08T20:04:36.966-05:00  INFO 32388 --- [ReactiveProject] [reactor-tcp-nio-1] co.com.pragma.api.Handler                : Usuario encontrado: 123
2025-09-08T20:04:37.314-05:00  INFO 32388 --- [ReactiveProject] [reactor-tcp-nio-2] co.com.pragma.api.Handler                : Usuario encontrado: 1234
2025-09-08T20:04:37.479-05:00  INFO 32388 --- [ReactiveProject] [parallel-3] co.com.pragma.api.Handler                : Iniciando búsqueda de usuario con documento: 123456
2025-09-08T20:04:37.489-05:00  INFO 32388 --- [ReactiveProject] [reactor-tcp-nio-3] co.com.pragma.api.Handler                : Usuario encontrado: 12345
2025-09-08T20:04:37.625-05:00  INFO 32388 --- [ReactiveProject] [reactor-tcp-nio-5] co.com.pragma.api.Handler                : Usuario encontrado: 123456
2025-09-08T20:04:37.693-05:00  INFO 32388 --- [ReactiveProject] [parallel-4] co.com.pragma.api.Handler                : Iniciando búsqueda de usuario con documento: 1234567
2025-09-08T20:04:37.782-05:00  INFO 32388 --- [ReactiveProject] [reactor-tcp-nio-5] co.com.pragma.api.Handler                : Usuario encontrado: 1234567
2025-09-08T20:06:16.584-05:00  INFO 32388 --- [ReactiveProject] [parallel-5] co.com.pragma.api.Handler                : Iniciando búsqueda de usuario con documento: 12
2025-09-08T20:06:16.604-05:00  INFO 32388 --- [ReactiveProject] [parallel-6] co.com.pragma.api.Handler                : Iniciando búsqueda de usuario con documento: 123
2025-09-08T20:06:16.699-05:00  INFO 32388 --- [ReactiveProject] [reactor-tcp-nio-1] co.com.pragma.api.Handler                : Usuario encontrado: 123
2025-09-08T20:06:16.716-05:00  INFO 32388 --- [ReactiveProject] [parallel-7] co.com.pragma.api.Handler                : Iniciando búsqueda de usuario con documento: 1234
2025-09-08T20:06:16.719-05:00  INFO 32388 --- [ReactiveProject] [reactor-tcp-nio-12] co.com.pragma.api.Handler                : Usuario encontrado: 12
2025-09-08T20:06:16.739-05:00  INFO 32388 --- [ReactiveProject] [parallel-8] co.com.pragma.api.Handler                : Iniciando búsqueda de usuario con documento: 12345
2025-09-08T20:06:16.806-05:00  INFO 32388 --- [ReactiveProject] [reactor-tcp-nio-12] co.com.pragma.api.Handler                : Usuario encontrado: 1234
2025-09-08T20:06:16.807-05:00  INFO 32388 --- [ReactiveProject] [reactor-tcp-nio-1] co.com.pragma.api.Handler                : Usuario encontrado: 12345
2025-09-08T20:06:17.174-05:00  INFO 32388 --- [ReactiveProject] [parallel-10] co.com.pragma.api.Handler                : Iniciando búsqueda de usuario con documento: 1234567
2025-09-08T20:06:17.252-05:00  INFO 32388 --- [ReactiveProject] [reactor-tcp-nio-1] co.com.pragma.api.Handler                : Usuario encontrado: 1234567
2025-09-08T20:06:17.392-05:00  INFO 32388 --- [ReactiveProject] [parallel-9] co.com.pragma.api.Handler                : Iniciando búsqueda de usuario con documento: 123456
2025-09-08T20:06:17.444-05:00  INFO 32388 --- [ReactiveProject] [reactor-tcp-nio-1] co.com.pragma.api.Handler                : Usuario encontrado: 123456
2025-09-08T20:08:21.259-05:00  INFO 32388 --- [ReactiveProject] [parallel-11] co.com.pragma.api.Handler                : Iniciando búsqueda de usuario con documento: 12
2025-09-08T20:08:21.440-05:00  INFO 32388 --- [ReactiveProject] [reactor-tcp-nio-1] co.com.pragma.api.Handler                : Usuario encontrado: 12
2025-09-08T20:08:21.515-05:00  INFO 32388 --- [ReactiveProject] [parallel-12] co.com.pragma.api.Handler                : Iniciando búsqueda de usuario con documento: 123
2025-09-08T20:08:21.616-05:00  INFO 32388 --- [ReactiveProject] [reactor-tcp-nio-1] co.com.pragma.api.Handler                : Usuario encontrado: 123
2025-09-08T20:08:33.497-05:00  INFO 32388 --- [ReactiveProject] [parallel-1] co.com.pragma.api.Handler                : Iniciando búsqueda de usuario con documento: 1234
2025-09-08T20:08:33.682-05:00  INFO 32388 --- [ReactiveProject] [reactor-tcp-nio-1] co.com.pragma.api.Handler                : Usuario encontrado: 1234
2025-09-08T20:08:33.772-05:00  INFO 32388 --- [ReactiveProject] [parallel-2] co.com.pragma.api.Handler                : Iniciando búsqueda de usuario con documento: 12345
2025-09-08T20:08:33.932-05:00  INFO 32388 --- [ReactiveProject] [reactor-tcp-nio-1] co.com.pragma.api.Handler                : Usuario encontrado: 12345
2025-09-08T20:22:01.960-05:00  INFO 32388 --- [ReactiveProject] [SpringApplicationShutdownHook] o.s.b.w.embedded.netty.GracefulShutdown  : Commencing graceful shutdown. Waiting for active requests to complete
2025-09-08T20:22:02.039-05:00  INFO 32388 --- [ReactiveProject] [netty-shutdown] o.s.b.w.embedded.netty.GracefulShutdown  : Graceful shutdown complete
